timestamp,hour_of_year,day_of_year,month,hour,operational_demand_mw,solar_capacity_factor,wind_capacity_factor,vni_import_limit_mw,qni_import_limit_mw
2026-01-01 00:00,1,1,1,0,8246.8,0.0,0.186,600.0,400.0
2026-01-01 01:00,2,1,1,1,8312.9,0.0,0.263,600.0,400.0
2026-01-01 02:00,3,1,1,2,8609.0,0.0,0.322,600.0,400.0
2026-01-01 03:00,4,1,1,3,8935.1,0.0,0.327,600.0,400.0
2026-01-01 04:00,5,1,1,4,8893.5,0.0,0.192,600.0,400.0
2026-01-01 05:00,6,1,1,5,9248.8,0.0,0.303,600.0,400.0
2026-01-01 06:00,7,1,1,6,10047.0,0.082,0.255,600.0,400.0
2026-01-01 07:00,8,1,1,7,10497.6,0.347,0.241,600.0,400.0
2026-01-01 08:00,9,1,1,8,10732.0,0.39,0.271,600.0,400.0
2026-01-01 09:00,10,1,1,9,10968.0,0.668,0.253,600.0,400.0
2026-01-01 10:00,11,1,1,10,9835.3,0.575,0.12,600.0,400.0
2026-01-01 11:00,12,1,1,11,8853.8,0.759,0.397,600.0,400.0
2026-01-01 12:00,13,1,1,12,8320.9,0.795,0.16,600.0,400.0
2026-01-01 13:00,14,1,1,13,7849.8,0.748,0.362,600.0,400.0
2026-01-01 14:00,15,1,1,14,8320.9,0.717,0.151,600.0,400.0
2026-01-01 15:00,16,1,1,15,9490.4,0.645,0.361,600.0,400.0
2026-01-01 16:00,17,1,1,16,10809.9,0.481,0.538,600.0,400.0
2026-01-01 17:00,18,1,1,17,11797.6,0.338,0.042,600.0,400.0
2026-01-01 18:00,19,1,1,18,12081.2,0.082,0.746,600.0,400.0
2026-01-01 19:00,20,1,1,19,11875.1,0.0,0.075,600.0,400.0
2026-01-01 20:00,21,1,1,20,11607.4,0.0,0.048,600.0,400.0
2026-01-01 21:00,22,1,1,21,10317.9,0.0,0.546,600.0,400.0
2026-01-01 22:00,23,1,1,22,9422.1,0.0,0.432,600.0,400.0
2026-01-01 23:00,24,1,1,23,8505.6,0.0,0.134,600.0,400.0
2026-01-02 00:00,25,2,1,0,8111.2,0.0,0.593,600.0,400.0
2026-01-02 01:00,26,2,1,1,8385.8,0.0,0.367,600.0,400.0
2026-01-02 02:00,27,2,1,2,8356.2,0.0,0.119,600.0,400.0
2026-01-02 03:00,28,2,1,3,8788.4,0.0,0.431,600.0,400.0
2026-01-02 04:00,29,2,1,4,8873.6,0.0,0.241,600.0,400.0
2026-01-02 05:00,30,2,1,5,9279.9,0.0,0.164,600.0,400.0
2026-01-02 06:00,31,2,1,6,9740.0,0.086,0.351,600.0,400.0
2026-01-02 07:00,32,2,1,7,10714.4,0.352,0.302,600.0,400.0
2026-01-02 08:00,33,2,1,8,10849.3,0.38,0.257,600.0,400.0
2026-01-02 09:00,34,2,1,9,10757.2,0.679,0.389,600.0,400.0
2026-01-02 10:00,35,2,1,10,10087.0,0.789,0.373,600.0,400.0
2026-01-02 11:00,36,2,1,11,8779.3,0.714,0.147,600.0,400.0
2026-01-02 12:00,37,2,1,12,8362.1,0.398,0.421,600.0,400.0
2026-01-02 13:00,38,2,1,13,7888.7,0.611,0.217,600.0,400.0
2026-01-02 14:00,39,2,1,14,8430.3,0.641,0.251,600.0,400.0
2026-01-02 15:00,40,2,1,15,9657.2,0.784,0.64,600.0,400.0
2026-01-02 16:00,41,2,1,16,11134.5,0.514,0.432,600.0,400.0
2026-01-02 17:00,42,2,1,17,11818.0,0.278,0.242,600.0,400.0
2026-01-02 18:00,43,2,1,18,12249.9,0.12,0.399,600.0,400.0
2026-01-02 19:00,44,2,1,19,12093.3,0.0,0.352,600.0,400.0
2026-01-02 20:00,45,2,1,20,11175.1,0.0,0.148,600.0,400.0
2026-01-02 21:00,46,2,1,21,10275.8,0.0,0.577,600.0,400.0
2026-01-02 22:00,47,2,1,22,9372.6,0.0,0.506,600.0,400.0
2026-01-02 23:00,48,2,1,23,8935.7,0.0,0.461,600.0,400.0
2026-01-03 00:00,49,3,1,0,7833.5,0.0,0.332,600.0,400.0
2026-01-03 01:00,50,3,1,1,7668.0,0.0,0.18,600.0,400.0
2026-01-03 02:00,51,3,1,2,8175.6,0.0,0.475,600.0,400.0
2026-01-03 03:00,52,3,1,3,8249.7,0.0,0.21,600.0,400.0
2026-01-03 04:00,53,3,1,4,8438.9,0.0,0.046,600.0,400.0
2026-01-03 05:00,54,3,1,5,8986.3,0.0,0.543,600.0,400.0
2026-01-03 06:00,55,3,1,6,9533.9,0.094,0.372,600.0,400.0
2026-01-03 07:00,56,3,1,7,10063.3,0.256,0.259,600.0,400.0
2026-01-03 08:00,57,3,1,8,10187.4,0.328,0.032,600.0,400.0
2026-01-03 09:00,58,3,1,9,10348.0,0.75,0.138,600.0,400.0
2026-01-03 10:00,59,3,1,10,9562.1,0.796,0.211,600.0,400.0
2026-01-03 11:00,60,3,1,11,8765.8,0.863,0.279,600.0,400.0
2026-01-03 12:00,61,3,1,12,7939.8,0.959,0.326,600.0,400.0
2026-01-03 13:00,62,3,1,13,7869.5,0.748,0.385,600.0,400.0
2026-01-03 14:00,63,3,1,14,8124.5,0.739,0.299,600.0,400.0
2026-01-03 15:00,64,3,1,15,9009.4,0.484,0.359,600.0,400.0
2026-01-03 16:00,65,3,1,16,10603.4,0.385,0.466,600.0,400.0
2026-01-03 17:00,66,3,1,17,11394.1,0.305,0.426,600.0,400.0
2026-01-03 18:00,67,3,1,18,11595.0,0.113,0.669,600.0,400.0
2026-01-03 19:00,68,3,1,19,11638.6,0.0,0.563,600.0,400.0
2026-01-03 20:00,69,3,1,20,10851.7,0.0,0.179,600.0,400.0
2026-01-03 21:00,70,3,1,21,9737.7,0.0,0.665,600.0,400.0
2026-01-03 22:00,71,3,1,22,9015.0,0.0,0.193,600.0,400.0
2026-01-03 23:00,72,3,1,23,8562.8,0.0,0.796,600.0,400.0
2026-01-04 00:00,73,4,1,0,7800.8,0.0,0.399,600.0,400.0
2026-01-04 01:00,74,4,1,1,8230.3,0.0,0.346,600.0,400.0
2026-01-04 02:00,75,4,1,2,7736.2,0.0,0.211,600.0,400.0
2026-01-04 03:00,76,4,1,3,8476.2,0.0,0.123,600.0,400.0
2026-01-04 04:00,77,4,1,4,8596.2,0.0,0.114,600.0,400.0
2026-01-04 05:00,78,4,1,5,8877.2,0.0,0.392,600.0,400.0
2026-01-04 06:00,79,4,1,6,9421.5,0.103,0.205,600.0,400.0
2026-01-04 07:00,80,4,1,7,9635.5,0.36,0.239,600.0,400.0
2026-01-04 08:00,81,4,1,8,10326.7,0.464,0.416,600.0,400.0
2026-01-04 09:00,82,4,1,9,10495.6,0.64,0.147,600.0,400.0
2026-01-04 10:00,83,4,1,10,9787.2,0.693,0.321,600.0,400.0
2026-01-04 11:00,84,4,1,11,8568.8,0.922,0.226,600.0,400.0
2026-01-04 12:00,85,4,1,12,7929.2,0.761,0.149,600.0,400.0
2026-01-04 13:00,86,4,1,13,7860.8,0.459,0.425,600.0,400.0
2026-01-04 14:00,87,4,1,14,8489.6,0.916,0.351,600.0,400.0
2026-01-04 15:00,88,4,1,15,9294.4,0.517,0.116,600.0,400.0
2026-01-04 16:00,89,4,1,16,10428.8,0.325,0.324,600.0,400.0
2026-01-04 17:00,90,4,1,17,11298.4,0.316,0.516,600.0,400.0
2026-01-04 18:00,91,4,1,18,11660.0,0.075,0.11,600.0,400.0
2026-01-04 19:00,92,4,1,19,11669.6,0.0,0.296,600.0,400.0
2026-01-04 20:00,93,4,1,20,10716.6,0.0,0.506,600.0,400.0
2026-01-04 21:00,94,4,1,21,9821.9,0.0,0.547,600.0,400.0
2026-01-04 22:00,95,4,1,22,8926.1,0.0,0.473,600.0,400.0
2026-01-04 23:00,96,4,1,23,8112.5,0.0,0.235,600.0,400.0
2026-01-05 00:00,97,5,1,0,8329.8,0.0,0.309,600.0,400.0
2026-01-05 01:00,98,5,1,1,8499.4,0.0,0.402,600.0,400.0
2026-01-05 02:00,99,5,1,2,8636.1,0.0,0.14,600.0,400.0
2026-01-05 03:00,100,5,1,3,8791.0,0.0,0.297,600.0,400.0
2026-01-05 04:00,101,5,1,4,8848.3,0.0,0.331,600.0,400.0
2026-01-05 05:00,102,5,1,5,9369.0,0.0,0.381,600.0,400.0
2026-01-05 06:00,103,5,1,6,9895.3,0.095,0.098,600.0,400.0
2026-01-05 07:00,104,5,1,7,10407.2,0.233,0.17,600.0,400.0
2026-01-05 08:00,105,5,1,8,10946.2,0.523,0.231,600.0,400.0
2026-01-05 09:00,106,5,1,9,11114.1,0.674,0.287,600.0,400.0
2026-01-05 10:00,107,5,1,10,10382.0,0.767,0.306,600.0,400.0
2026-01-05 11:00,108,5,1,11,9128.4,0.869,0.156,600.0,400.0
2026-01-05 12:00,109,5,1,12,8496.0,0.794,0.039,600.0,400.0
2026-01-05 13:00,110,5,1,13,8316.1,0.728,0.338,600.0,400.0
2026-01-05 14:00,111,5,1,14,8460.6,0.801,0.501,600.0,400.0
2026-01-05 15:00,112,5,1,15,9744.4,0.547,0.435,600.0,400.0
2026-01-05 16:00,113,5,1,16,11146.6,0.547,0.36,600.0,400.0
2026-01-05 17:00,114,5,1,17,12302.2,0.349,0.716,600.0,400.0
2026-01-05 18:00,115,5,1,18,12351.5,0.108,0.298,600.0,400.0
2026-01-05 19:00,116,5,1,19,12299.4,0.0,0.346,600.0,400.0
2026-01-05 20:00,117,5,1,20,11511.3,0.0,0.049,600.0,400.0
2026-01-05 21:00,118,5,1,21,10304.2,0.0,0.662,600.0,400.0
2026-01-05 22:00,119,5,1,22,9724.1,0.0,0.367,600.0,400.0
2026-01-05 23:00,120,5,1,23,8976.5,0.0,0.272,600.0,400.0
2026-01-06 00:00,121,6,1,0,8434.0,0.0,0.084,600.0,400.0
2026-01-06 01:00,122,6,1,1,8338.8,0.0,0.238,600.0,400.0
2026-01-06 02:00,123,6,1,2,8888.0,0.0,0.03,600.0,400.0
2026-01-06 03:00,124,6,1,3,8634.0,0.0,0.2,600.0,400.0
2026-01-06 04:00,125,6,1,4,9200.0,0.0,0.5,600.0,400.0
2026-01-06 05:00,126,6,1,5,9819.5,0.0,0.12,600.0,400.0
2026-01-06 06:00,127,6,1,6,9825.5,0.118,0.241,600.0,400.0
2026-01-06 07:00,128,6,1,7,10479.9,0.233,0.124,600.0,400.0
2026-01-06 08:00,129,6,1,8,11023.9,0.445,0.318,600.0,400.0
2026-01-06 09:00,130,6,1,9,11005.5,0.6,0.24,600.0,400.0
2026-01-06 10:00,131,6,1,10,9869.2,0.648,0.133,600.0,400.0
2026-01-06 11:00,132,6,1,11,9148.8,0.847,0.391,600.0,400.0
2026-01-06 12:00,133,6,1,12,8322.4,0.729,0.362,600.0,400.0
2026-01-06 13:00,134,6,1,13,8441.3,0.648,0.528,600.0,400.0
2026-01-06 14:00,135,6,1,14,8657.6,0.46,0.03,600.0,400.0
2026-01-06 15:00,136,6,1,15,10033.2,0.621,0.275,600.0,400.0
2026-01-06 16:00,137,6,1,16,11047.5,0.527,0.95,600.0,400.0
2026-01-06 17:00,138,6,1,17,11891.5,0.138,0.484,600.0,400.0
2026-01-06 18:00,139,6,1,18,12500.0,0.088,0.514,600.0,400.0
2026-01-06 19:00,140,6,1,19,12086.9,0.0,0.392,600.0,400.0
2026-01-06 20:00,141,6,1,20,11584.5,0.0,0.444,600.0,400.0
2026-01-06 21:00,142,6,1,21,10730.1,0.0,0.503,600.0,400.0
2026-01-06 22:00,143,6,1,22,9312.3,0.0,0.128,600.0,400.0
2026-01-06 23:00,144,6,1,23,8912.4,0.0,0.411,600.0,400.0
2026-01-07 00:00,145,7,1,0,8372.5,0.0,0.469,600.0,400.0
2026-01-07 01:00,146,7,1,1,8634.4,0.0,0.077,600.0,400.0
2026-01-07 02:00,147,7,1,2,8492.2,0.0,0.201,600.0,400.0
2026-01-07 03:00,148,7,1,3,8675.1,0.0,0.2,600.0,400.0
2026-01-07 04:00,149,7,1,4,9219.0,0.0,0.403,600.0,400.0
2026-01-07 05:00,150,7,1,5,9547.2,0.0,0.342,600.0,400.0
2026-01-07 06:00,151,7,1,6,10055.9,0.078,0.278,600.0,400.0
2026-01-07 07:00,152,7,1,7,10658.8,0.174,0.331,600.0,400.0
2026-01-07 08:00,153,7,1,8,10932.8,0.338,0.205,600.0,400.0
2026-01-07 09:00,154,7,1,9,11157.6,0.423,0.372,600.0,400.0
2026-01-07 10:00,155,7,1,10,10199.1,0.783,0.144,600.0,400.0
2026-01-07 11:00,156,7,1,11,9058.7,0.809,0.308,600.0,400.0
2026-01-07 12:00,157,7,1,12,8826.2,0.98,0.16,600.0,400.0
2026-01-07 13:00,158,7,1,13,8476.5,0.821,0.068,600.0,400.0
2026-01-07 14:00,159,7,1,14,8649.0,0.852,0.196,600.0,400.0
2026-01-07 15:00,160,7,1,15,9924.7,0.54,0.29,600.0,400.0
2026-01-07 16:00,161,7,1,16,11050.5,0.548,0.49,600.0,400.0
2026-01-07 17:00,162,7,1,17,12101.8,0.302,0.323,600.0,400.0
2026-01-07 18:00,163,7,1,18,12500.0,0.089,0.18,600.0,400.0
2026-01-07 19:00,164,7,1,19,12183.2,0.0,0.85,600.0,400.0
2026-01-07 20:00,165,7,1,20,11731.6,0.0,0.231,600.0,400.0
2026-01-07 21:00,166,7,1,21,10615.1,0.0,0.789,600.0,400.0
2026-01-07 22:00,167,7,1,22,9727.6,0.0,0.633,600.0,400.0
2026-01-07 23:00,168,7,1,23,9211.4,0.0,0.338,600.0,400.0
2026-01-08 00:00,169,8,1,0,8313.7,0.0,0.12,600.0,400.0
2026-01-08 01:00,170,8,1,1,8412.1,0.0,0.378,600.0,400.0
2026-01-08 02:00,171,8,1,2,8572.6,0.0,0.444,600.0,400.0
2026-01-08 03:00,172,8,1,3,8782.0,0.0,0.242,600.0,400.0
2026-01-08 04:00,173,8,1,4,9150.6,0.0,0.159,600.0,400.0
2026-01-08 05:00,174,8,1,5,9582.9,0.0,0.353,600.0,400.0
2026-01-08 06:00,175,8,1,6,10089.8,0.058,0.24,600.0,400.0
2026-01-08 07:00,176,8,1,7,10766.3,0.213,0.128,600.0,400.0
2026-01-08 08:00,177,8,1,8,11075.2,0.43,0.438,600.0,400.0
2026-01-08 09:00,178,8,1,9,11385.1,0.713,0.44,600.0,400.0
2026-01-08 10:00,179,8,1,10,10142.4,0.839,0.186,600.0,400.0
2026-01-08 11:00,180,8,1,11,9641.1,0.698,0.077,600.0,400.0
2026-01-08 12:00,181,8,1,12,8660.7,0.809,0.294,600.0,400.0
2026-01-08 13:00,182,8,1,13,8296.3,0.942,0.197,600.0,400.0
2026-01-08 14:00,183,8,1,14,8700.8,0.833,0.092,600.0,400.0
2026-01-08 15:00,184,8,1,15,9928.9,0.666,0.509,600.0,400.0
2026-01-08 16:00,185,8,1,16,11202.2,0.508,0.875,600.0,400.0
2026-01-08 17:00,186,8,1,17,12120.8,0.304,0.254,600.0,400.0
2026-01-08 18:00,187,8,1,18,12500.0,0.104,0.453,600.0,400.0
2026-01-08 19:00,188,8,1,19,12331.5,0.0,0.111,600.0,400.0
2026-01-08 20:00,189,8,1,20,11469.4,0.0,0.277,600.0,400.0
2026-01-08 21:00,190,8,1,21,10332.8,0.0,0.142,600.0,400.0
2026-01-08 22:00,191,8,1,22,9549.5,0.0,0.1,600.0,400.0
2026-01-08 23:00,192,8,1,23,9068.3,0.0,0.359,600.0,400.0
2026-01-09 00:00,193,9,1,0,8407.6,0.0,0.459,600.0,400.0
2026-01-09 01:00,194,9,1,1,8355.1,0.0,0.274,600.0,400.0
2026-01-09 02:00,195,9,1,2,8765.7,0.0,0.286,600.0,400.0
2026-01-09 03:00,196,9,1,3,8998.4,0.0,0.18,600.0,400.0
2026-01-09 04:00,197,9,1,4,9047.0,0.0,0.338,600.0,400.0
2026-01-09 05:00,198,9,1,5,9579.5,0.0,0.191,600.0,400.0
2026-01-09 06:00,199,9,1,6,10082.4,0.127,0.076,600.0,400.0
2026-01-09 07:00,200,9,1,7,10479.6,0.269,0.116,600.0,400.0
2026-01-09 08:00,201,9,1,8,11159.5,0.502,0.101,600.0,400.0
2026-01-09 09:00,202,9,1,9,11272.0,0.761,0.201,600.0,400.0
2026-01-09 10:00,203,9,1,10,10388.3,0.87,0.075,600.0,400.0
2026-01-09 11:00,204,9,1,11,9405.0,0.902,0.355,600.0,400.0
2026-01-09 12:00,205,9,1,12,8370.8,0.697,0.446,600.0,400.0
2026-01-09 13:00,206,9,1,13,8313.9,0.907,0.172,600.0,400.0
2026-01-09 14:00,207,9,1,14,8984.8,0.621,0.272,600.0,400.0
2026-01-09 15:00,208,9,1,15,9963.7,0.72,0.3,600.0,400.0
2026-01-09 16:00,209,9,1,16,11349.6,0.441,0.723,600.0,400.0
2026-01-09 17:00,210,9,1,17,12500.0,0.19,0.105,600.0,400.0
2026-01-09 18:00,211,9,1,18,12500.0,0.114,0.409,600.0,400.0
2026-01-09 19:00,212,9,1,19,12500.0,0.0,0.264,600.0,400.0
2026-01-09 20:00,213,9,1,20,11783.1,0.0,0.337,600.0,400.0
2026-01-09 21:00,214,9,1,21,10703.7,0.0,0.203,600.0,400.0
2026-01-09 22:00,215,9,1,22,9593.5,0.0,0.17,600.0,400.0
2026-01-09 23:00,216,9,1,23,9074.5,0.0,0.207,600.0,400.0
2026-01-10 00:00,217,10,1,0,7819.2,0.0,0.106,600.0,400.0
2026-01-10 01:00,218,10,1,1,8087.2,0.0,0.204,600.0,400.0
2026-01-10 02:00,219,10,1,2,8231.7,0.0,0.356,600.0,400.0
2026-01-10 03:00,220,10,1,3,8520.1,0.0,0.32,600.0,400.0
2026-01-10 04:00,221,10,1,4,9122.9,0.0,0.267,600.0,400.0
2026-01-10 05:00,222,10,1,5,8804.0,0.0,0.03,600.0,400.0
2026-01-10 06:00,223,10,1,6,9701.1,0.084,0.104,600.0,400.0
2026-01-10 07:00,224,10,1,7,9885.8,0.309,0.352,600.0,400.0
2026-01-10 08:00,225,10,1,8,10481.7,0.569,0.15,600.0,400.0
2026-01-10 09:00,226,10,1,9,10811.9,0.677,0.401,600.0,400.0
2026-01-10 10:00,227,10,1,10,9763.1,0.87,0.381,600.0,400.0
2026-01-10 11:00,228,10,1,11,8683.1,0.782,0.12,600.0,400.0
2026-01-10 12:00,229,10,1,12,8148.5,0.631,0.437,600.0,400.0
2026-01-10 13:00,230,10,1,13,8253.7,0.775,0.31,600.0,400.0
2026-01-10 14:00,231,10,1,14,8428.3,0.839,0.329,600.0,400.0
2026-01-10 15:00,232,10,1,15,9475.6,0.591,0.474,600.0,400.0
2026-01-10 16:00,233,10,1,16,10716.1,0.433,0.267,600.0,400.0
2026-01-10 17:00,234,10,1,17,11302.3,0.127,0.435,600.0,400.0
2026-01-10 18:00,235,10,1,18,12172.0,0.085,0.409,600.0,400.0
2026-01-10 19:00,236,10,1,19,11793.8,0.0,0.479,600.0,400.0
2026-01-10 20:00,237,10,1,20,10675.2,0.0,0.415,600.0,400.0
2026-01-10 21:00,238,10,1,21,10066.5,0.0,0.122,600.0,400.0
2026-01-10 22:00,239,10,1,22,9036.9,0.0,0.236,600.0,400.0
2026-01-10 23:00,240,10,1,23,8628.2,0.0,0.621,600.0,400.0
2026-01-11 00:00,241,11,1,0,7833.3,0.0,0.19,600.0,400.0
2026-01-11 01:00,242,11,1,1,8125.1,0.0,0.281,600.0,400.0
2026-01-11 02:00,243,11,1,2,8409.6,0.0,0.224,600.0,400.0
2026-01-11 03:00,244,11,1,3,8666.1,0.0,0.099,600.0,400.0
2026-01-11 04:00,245,11,1,4,8582.1,0.0,0.137,600.0,400.0
2026-01-11 05:00,246,11,1,5,9071.7,0.0,0.167,600.0,400.0
2026-01-11 06:00,247,11,1,6,9538.6,0.081,0.215,600.0,400.0
2026-01-11 07:00,248,11,1,7,10063.4,0.299,0.372,600.0,400.0
2026-01-11 08:00,249,11,1,8,10864.3,0.439,0.223,600.0,400.0
2026-01-11 09:00,250,11,1,9,10727.7,0.68,0.269,600.0,400.0
2026-01-11 10:00,251,11,1,10,9576.6,0.782,0.204,600.0,400.0
2026-01-11 11:00,252,11,1,11,9028.2,0.763,0.394,600.0,400.0
2026-01-11 12:00,253,11,1,12,8628.3,0.79,0.307,600.0,400.0
2026-01-11 13:00,254,11,1,13,8335.9,0.885,0.102,600.0,400.0
2026-01-11 14:00,255,11,1,14,8327.6,0.615,0.269,600.0,400.0
2026-01-11 15:00,256,11,1,15,9388.7,0.754,0.455,600.0,400.0
2026-01-11 16:00,257,11,1,16,10936.2,0.525,0.417,600.0,400.0
2026-01-11 17:00,258,11,1,17,11317.4,0.336,0.571,600.0,400.0
2026-01-11 18:00,259,11,1,18,11923.3,0.127,0.205,600.0,400.0
2026-01-11 19:00,260,11,1,19,11838.8,0.0,0.749,600.0,400.0
2026-01-11 20:00,261,11,1,20,10872.5,0.0,0.238,600.0,400.0
2026-01-11 21:00,262,11,1,21,10047.7,0.0,0.097,600.0,400.0
2026-01-11 22:00,263,11,1,22,8643.6,0.0,0.326,600.0,400.0
2026-01-11 23:00,264,11,1,23,8346.2,0.0,0.137,600.0,400.0
2026-01-12 00:00,265,12,1,0,8384.6,0.0,0.389,600.0,400.0
2026-01-12 01:00,266,12,1,1,8409.9,0.0,0.518,600.0,400.0
2026-01-12 02:00,267,12,1,2,9057.5,0.0,0.515,600.0,400.0
2026-01-12 03:00,268,12,1,3,8769.5,0.0,0.302,600.0,400.0
2026-01-12 04:00,269,12,1,4,9182.6,0.0,0.26,600.0,400.0
2026-01-12 05:00,270,12,1,5,9643.2,0.0,0.61,600.0,400.0
2026-01-12 06:00,271,12,1,6,10373.7,0.079,0.252,600.0,400.0
2026-01-12 07:00,272,12,1,7,10504.9,0.352,0.415,600.0,400.0
2026-01-12 08:00,273,12,1,8,11362.4,0.445,0.401,600.0,400.0
2026-01-12 09:00,274,12,1,9,11259.5,0.474,0.157,600.0,400.0
2026-01-12 10:00,275,12,1,10,10134.5,0.814,0.035,600.0,400.0
2026-01-12 11:00,276,12,1,11,9387.6,0.794,0.216,600.0,400.0
2026-01-12 12:00,277,12,1,12,8700.5,0.906,0.408,600.0,400.0
2026-01-12 13:00,278,12,1,13,8445.2,0.215,0.414,600.0,400.0
2026-01-12 14:00,279,12,1,14,8990.2,0.502,0.318,600.0,400.0
2026-01-12 15:00,280,12,1,15,9895.4,0.642,0.15,600.0,400.0
2026-01-12 16:00,281,12,1,16,11359.4,0.358,0.13,600.0,400.0
2026-01-12 17:00,282,12,1,17,12213.1,0.228,0.65,600.0,400.0
2026-01-12 18:00,283,12,1,18,12500.0,0.079,0.293,600.0,400.0
2026-01-12 19:00,284,12,1,19,12239.1,0.0,0.406,600.0,400.0
2026-01-12 20:00,285,12,1,20,12036.3,0.0,0.602,600.0,400.0
2026-01-12 21:00,286,12,1,21,10348.7,0.0,0.558,600.0,400.0
2026-01-12 22:00,287,12,1,22,9678.0,0.0,0.359,600.0,400.0
2026-01-12 23:00,288,12,1,23,9102.2,0.0,0.313,600.0,400.0
2026-01-13 00:00,289,13,1,0,8483.9,0.0,0.418,600.0,400.0
2026-01-13 01:00,290,13,1,1,8524.8,0.0,0.233,600.0,400.0
2026-01-13 02:00,291,13,1,2,8778.8,0.0,0.327,600.0,400.0
2026-01-13 03:00,292,13,1,3,8936.1,0.0,0.052,600.0,400.0
2026-01-13 04:00,293,13,1,4,9176.2,0.0,0.384,600.0,400.0
2026-01-13 05:00,294,13,1,5,9776.5,0.0,0.67,600.0,400.0
2026-01-13 06:00,295,13,1,6,10219.1,0.115,0.461,600.0,400.0
2026-01-13 07:00,296,13,1,7,10643.3,0.15,0.179,600.0,400.0
2026-01-13 08:00,297,13,1,8,11340.3,0.579,0.228,600.0,400.0
2026-01-13 09:00,298,13,1,9,11327.5,0.62,0.141,600.0,400.0
2026-01-13 10:00,299,13,1,10,10442.4,0.593,0.166,600.0,400.0
2026-01-13 11:00,300,13,1,11,9435.3,0.946,0.222,600.0,400.0
2026-01-13 12:00,301,13,1,12,8557.0,0.806,0.343,600.0,400.0
2026-01-13 13:00,302,13,1,13,8472.6,0.902,0.046,600.0,400.0
2026-01-13 14:00,303,13,1,14,9119.3,0.641,0.237,600.0,400.0
2026-01-13 15:00,304,13,1,15,10075.2,0.685,0.315,600.0,400.0
2026-01-13 16:00,305,13,1,16,11357.9,0.388,0.186,600.0,400.0
2026-01-13 17:00,306,13,1,17,12145.5,0.302,0.115,600.0,400.0
2026-01-13 18:00,307,13,1,18,12500.0,0.08,0.346,600.0,400.0
2026-01-13 19:00,308,13,1,19,12360.7,0.0,0.401,600.0,400.0
2026-01-13 20:00,309,13,1,20,11800.0,0.0,0.405,600.0,400.0
2026-01-13 21:00,310,13,1,21,10645.3,0.0,0.269,600.0,400.0
2026-01-13 22:00,311,13,1,22,9683.3,0.0,0.21,600.0,400.0
2026-01-13 23:00,312,13,1,23,9198.8,0.0,0.196,600.0,400.0
2026-01-14 00:00,313,14,1,0,8583.4,0.0,0.08,600.0,400.0
2026-01-14 01:00,314,14,1,1,8767.8,0.0,0.163,600.0,400.0
2026-01-14 02:00,315,14,1,2,9035.0,0.0,0.426,600.0,400.0
2026-01-14 03:00,316,14,1,3,9033.1,0.0,0.03,600.0,400.0
2026-01-14 04:00,317,14,1,4,9395.1,0.0,0.067,600.0,400.0
2026-01-14 05:00,318,14,1,5,9607.1,0.0,0.108,600.0,400.0
2026-01-14 06:00,319,14,1,6,10230.6,0.116,0.202,600.0,400.0
2026-01-14 07:00,320,14,1,7,10750.7,0.373,0.171,600.0,400.0
2026-01-14 08:00,321,14,1,8,11229.7,0.571,0.12,600.0,400.0
2026-01-14 09:00,322,14,1,9,11391.6,0.538,0.095,600.0,400.0
2026-01-14 10:00,323,14,1,10,10199.8,0.707,0.439,600.0,400.0
2026-01-14 11:00,324,14,1,11,9687.9,0.707,0.427,600.0,400.0
2026-01-14 12:00,325,14,1,12,8547.3,0.973,0.355,600.0,400.0
2026-01-14 13:00,326,14,1,13,8386.5,0.946,0.173,600.0,400.0
2026-01-14 14:00,327,14,1,14,9203.4,0.611,0.211,600.0,400.0
2026-01-14 15:00,328,14,1,15,10122.3,0.761,0.364,600.0,400.0
2026-01-14 16:00,329,14,1,16,11478.9,0.389,0.22,600.0,400.0
2026-01-14 17:00,330,14,1,17,12244.6,0.331,0.332,600.0,400.0
2026-01-14 18:00,331,14,1,18,12500.0,0.061,0.4,600.0,400.0
2026-01-14 19:00,332,14,1,19,12328.0,0.0,0.343,600.0,400.0
2026-01-14 20:00,333,14,1,20,11740.1,0.0,0.296,600.0,400.0
2026-01-14 21:00,334,14,1,21,10584.1,0.0,0.265,600.0,400.0
2026-01-14 22:00,335,14,1,22,9888.1,0.0,0.474,600.0,400.0
2026-01-14 23:00,336,14,1,23,9012.6,0.0,0.437,600.0,400.0
2026-01-15 00:00,337,15,1,0,8330.0,0.0,0.397,600.0,400.0
2026-01-15 01:00,338,15,1,1,8597.6,0.0,0.243,600.0,400.0
2026-01-15 02:00,339,15,1,2,8904.3,0.0,0.4,600.0,400.0
2026-01-15 03:00,340,15,1,3,8952.4,0.0,0.54,600.0,400.0
2026-01-15 04:00,341,15,1,4,9167.9,0.0,0.318,600.0,400.0
2026-01-15 05:00,342,15,1,5,9709.7,0.0,0.206,600.0,400.0
2026-01-15 06:00,343,15,1,6,10232.5,0.074,0.336,600.0,400.0
2026-01-15 07:00,344,15,1,7,10705.4,0.284,0.255,600.0,400.0
2026-01-15 08:00,345,15,1,8,11154.2,0.54,0.37,600.0,400.0
2026-01-15 09:00,346,15,1,9,11349.3,0.6,0.292,600.0,400.0
2026-01-15 10:00,347,15,1,10,10115.0,0.724,0.324,600.0,400.0
2026-01-15 11:00,348,15,1,11,9144.0,0.98,0.294,600.0,400.0
2026-01-15 12:00,349,15,1,12,8609.4,0.764,0.097,600.0,400.0
2026-01-15 13:00,350,15,1,13,8562.7,0.827,0.257,600.0,400.0
2026-01-15 14:00,351,15,1,14,9083.8,0.711,0.085,600.0,400.0
2026-01-15 15:00,352,15,1,15,10247.4,0.711,0.272,600.0,400.0
2026-01-15 16:00,353,15,1,16,11531.7,0.45,0.408,600.0,400.0
2026-01-15 17:00,354,15,1,17,12133.5,0.374,0.285,600.0,400.0
2026-01-15 18:00,355,15,1,18,12500.0,0.122,0.03,600.0,400.0
2026-01-15 19:00,356,15,1,19,12325.2,0.0,0.275,600.0,400.0
2026-01-15 20:00,357,15,1,20,11738.5,0.0,0.113,600.0,400.0
2026-01-15 21:00,358,15,1,21,10659.1,0.0,0.485,600.0,400.0
2026-01-15 22:00,359,15,1,22,9795.9,0.0,0.479,600.0,400.0
2026-01-15 23:00,360,15,1,23,8915.3,0.0,0.481,600.0,400.0
2026-01-16 00:00,361,16,1,0,8554.3,0.0,0.07,600.0,400.0
2026-01-16 01:00,362,16,1,1,8904.0,0.0,0.068,600.0,400.0
2026-01-16 02:00,363,16,1,2,8831.2,0.0,0.494,600.0,400.0
2026-01-16 03:00,364,16,1,3,9117.7,0.0,0.119,600.0,400.0
2026-01-16 04:00,365,16,1,4,9421.2,0.0,0.31,600.0,400.0
2026-01-16 05:00,366,16,1,5,9618.4,0.0,0.349,600.0,400.0
2026-01-16 06:00,367,16,1,6,10241.5,0.119,0.21,600.0,400.0
2026-01-16 07:00,368,16,1,7,10801.2,0.376,0.235,600.0,400.0
2026-01-16 08:00,369,16,1,8,11258.2,0.392,0.136,600.0,400.0
2026-01-16 09:00,370,16,1,9,11201.8,0.703,0.411,600.0,400.0
2026-01-16 10:00,371,16,1,10,10364.1,0.871,0.165,600.0,400.0
2026-01-16 11:00,372,16,1,11,9462.5,0.931,0.144,600.0,400.0
2026-01-16 12:00,373,16,1,12,8970.2,0.608,0.256,600.0,400.0
2026-01-16 13:00,374,16,1,13,8763.9,0.564,0.149,600.0,400.0
2026-01-16 14:00,375,16,1,14,9392.1,0.377,0.354,600.0,400.0
2026-01-16 15:00,376,16,1,15,9901.9,0.673,0.298,600.0,400.0
2026-01-16 16:00,377,16,1,16,11547.1,0.563,0.152,600.0,400.0
2026-01-16 17:00,378,16,1,17,12201.1,0.24,0.107,600.0,400.0
2026-01-16 18:00,379,16,1,18,12500.0,0.105,0.157,600.0,400.0
2026-01-16 19:00,380,16,1,19,12368.1,0.0,0.16,600.0,400.0
2026-01-16 20:00,381,16,1,20,11618.5,0.0,0.251,600.0,400.0
2026-01-16 21:00,382,16,1,21,10620.2,0.0,0.525,600.0,400.0
2026-01-16 22:00,383,16,1,22,9414.7,0.0,0.101,600.0,400.0
2026-01-16 23:00,384,16,1,23,8973.2,0.0,0.147,600.0,400.0
2026-01-17 00:00,385,17,1,0,7907.9,0.0,0.225,600.0,400.0
2026-01-17 01:00,386,17,1,1,8241.4,0.0,0.314,600.0,400.0
2026-01-17 02:00,387,17,1,2,8461.7,0.0,0.392,600.0,400.0
2026-01-17 03:00,388,17,1,3,8910.3,0.0,0.486,600.0,400.0
2026-01-17 04:00,389,17,1,4,9012.8,0.0,0.218,600.0,400.0
2026-01-17 05:00,390,17,1,5,9123.4,0.0,0.099,600.0,400.0
2026-01-17 06:00,391,17,1,6,9564.7,0.117,0.137,600.0,400.0
2026-01-17 07:00,392,17,1,7,10343.4,0.311,0.157,600.0,400.0
2026-01-17 08:00,393,17,1,8,10469.9,0.485,0.32,600.0,400.0
2026-01-17 09:00,394,17,1,9,11057.3,0.661,0.282,600.0,400.0
2026-01-17 10:00,395,17,1,10,10069.8,0.767,0.135,600.0,400.0
2026-01-17 11:00,396,17,1,11,8909.9,0.899,0.374,600.0,400.0
2026-01-17 12:00,397,17,1,12,8118.7,0.669,0.406,600.0,400.0
2026-01-17 13:00,398,17,1,13,8491.0,0.677,0.448,600.0,400.0
2026-01-17 14:00,399,17,1,14,8655.2,0.242,0.192,600.0,400.0
2026-01-17 15:00,400,17,1,15,9765.6,0.47,0.138,600.0,400.0
2026-01-17 16:00,401,17,1,16,10577.8,0.552,0.127,600.0,400.0
2026-01-17 17:00,402,17,1,17,11431.5,0.327,0.276,600.0,400.0
2026-01-17 18:00,403,17,1,18,11946.9,0.064,0.297,600.0,400.0
2026-01-17 19:00,404,17,1,19,11812.8,0.0,0.557,600.0,400.0
2026-01-17 20:00,405,17,1,20,11035.4,0.0,0.23,600.0,400.0
2026-01-17 21:00,406,17,1,21,10239.5,0.0,0.395,600.0,400.0
2026-01-17 22:00,407,17,1,22,9069.7,0.0,0.482,600.0,400.0
2026-01-17 23:00,408,17,1,23,8561.2,0.0,0.218,600.0,400.0
2026-01-18 00:00,409,18,1,0,8054.4,0.0,0.209,600.0,400.0
2026-01-18 01:00,410,18,1,1,8305.8,0.0,0.365,600.0,400.0
2026-01-18 02:00,411,18,1,2,8527.5,0.0,0.373,600.0,400.0
2026-01-18 03:00,412,18,1,3,8437.1,0.0,0.544,600.0,400.0
2026-01-18 04:00,413,18,1,4,8622.6,0.0,0.4,600.0,400.0
2026-01-18 05:00,414,18,1,5,9427.7,0.0,0.364,600.0,400.0
2026-01-18 06:00,415,18,1,6,9769.5,0.082,0.291,600.0,400.0
2026-01-18 07:00,416,18,1,7,10153.1,0.24,0.098,600.0,400.0
2026-01-18 08:00,417,18,1,8,10937.7,0.506,0.331,600.0,400.0
2026-01-18 09:00,418,18,1,9,10791.2,0.628,0.424,600.0,400.0
2026-01-18 10:00,419,18,1,10,10078.4,0.811,0.193,600.0,400.0
2026-01-18 11:00,420,18,1,11,9004.5,0.773,0.176,600.0,400.0
2026-01-18 12:00,421,18,1,12,8731.2,0.295,0.255,600.0,400.0
2026-01-18 13:00,422,18,1,13,8563.9,0.98,0.537,600.0,400.0
2026-01-18 14:00,423,18,1,14,8642.3,0.916,0.081,600.0,400.0
2026-01-18 15:00,424,18,1,15,9731.5,0.592,0.385,600.0,400.0
2026-01-18 16:00,425,18,1,16,10944.5,0.528,0.468,600.0,400.0
2026-01-18 17:00,426,18,1,17,11754.5,0.234,0.468,600.0,400.0
2026-01-18 18:00,427,18,1,18,11799.5,0.128,0.359,600.0,400.0
2026-01-18 19:00,428,18,1,19,11922.6,0.0,0.619,600.0,400.0
2026-01-18 20:00,429,18,1,20,11284.0,0.0,0.159,600.0,400.0
2026-01-18 21:00,430,18,1,21,9865.3,0.0,0.217,600.0,400.0
2026-01-18 22:00,431,18,1,22,9057.8,0.0,0.242,600.0,400.0
2026-01-18 23:00,432,18,1,23,8263.9,0.0,0.04,600.0,400.0
2026-01-19 00:00,433,19,1,0,8445.5,0.0,0.253,600.0,400.0
2026-01-19 01:00,434,19,1,1,8792.1,0.0,0.152,600.0,400.0
2026-01-19 02:00,435,19,1,2,9108.6,0.0,0.372,600.0,400.0
2026-01-19 03:00,436,19,1,3,9086.0,0.0,0.232,600.0,400.0
2026-01-19 04:00,437,19,1,4,9593.2,0.0,0.324,600.0,400.0
2026-01-19 05:00,438,19,1,5,9484.5,0.0,0.17,600.0,400.0
2026-01-19 06:00,439,19,1,6,9956.7,0.096,0.106,600.0,400.0
2026-01-19 07:00,440,19,1,7,10814.7,0.359,0.103,600.0,400.0
2026-01-19 08:00,441,19,1,8,11329.0,0.369,0.128,600.0,400.0
2026-01-19 09:00,442,19,1,9,11345.7,0.61,0.097,600.0,400.0
2026-01-19 10:00,443,19,1,10,10055.2,0.685,0.139,600.0,400.0
2026-01-19 11:00,444,19,1,11,9394.6,0.832,0.262,600.0,400.0
2026-01-19 12:00,445,19,1,12,8555.4,0.884,0.165,600.0,400.0
2026-01-19 13:00,446,19,1,13,8743.6,0.817,0.206,600.0,400.0
2026-01-19 14:00,447,19,1,14,9132.0,0.792,0.082,600.0,400.0
2026-01-19 15:00,448,19,1,15,9899.8,0.719,0.51,600.0,400.0
2026-01-19 16:00,449,19,1,16,11350.2,0.318,0.147,600.0,400.0
2026-01-19 17:00,450,19,1,17,12026.6,0.303,0.254,600.0,400.0
2026-01-19 18:00,451,19,1,18,12500.0,0.077,0.275,600.0,400.0
2026-01-19 19:00,452,19,1,19,12500.0,0.0,0.479,600.0,400.0
2026-01-19 20:00,453,19,1,20,11616.9,0.0,0.328,600.0,400.0
2026-01-19 21:00,454,19,1,21,10817.5,0.0,0.281,600.0,400.0
2026-01-19 22:00,455,19,1,22,9689.3,0.0,0.424,600.0,400.0
2026-01-19 23:00,456,19,1,23,8949.0,0.0,0.363,600.0,400.0
2026-01-20 00:00,457,20,1,0,8474.0,0.0,0.111,600.0,400.0
2026-01-20 01:00,458,20,1,1,8514.3,0.0,0.218,600.0,400.0
2026-01-20 02:00,459,20,1,2,8782.5,0.0,0.627,600.0,400.0
2026-01-20 03:00,460,20,1,3,8885.5,0.0,0.256,600.0,400.0
2026-01-20 04:00,461,20,1,4,9650.1,0.0,0.222,600.0,400.0
2026-01-20 05:00,462,20,1,5,9714.2,0.0,0.118,600.0,400.0
2026-01-20 06:00,463,20,1,6,10120.6,0.103,0.359,600.0,400.0
2026-01-20 07:00,464,20,1,7,10861.3,0.267,0.104,600.0,400.0
2026-01-20 08:00,465,20,1,8,11253.2,0.226,0.091,600.0,400.0
2026-01-20 09:00,466,20,1,9,11319.2,0.674,0.202,600.0,400.0
2026-01-20 10:00,467,20,1,10,10488.0,0.824,0.207,600.0,400.0
2026-01-20 11:00,468,20,1,11,9533.8,0.552,0.542,600.0,400.0
2026-01-20 12:00,469,20,1,12,8683.0,0.874,0.114,600.0,400.0
2026-01-20 13:00,470,20,1,13,8548.1,0.921,0.256,600.0,400.0
2026-01-20 14:00,471,20,1,14,9033.1,0.484,0.162,600.0,400.0
2026-01-20 15:00,472,20,1,15,9685.5,0.71,0.381,600.0,400.0
2026-01-20 16:00,473,20,1,16,11193.6,0.337,0.262,600.0,400.0
2026-01-20 17:00,474,20,1,17,12418.3,0.238,0.388,600.0,400.0
2026-01-20 18:00,475,20,1,18,12500.0,0.088,0.256,600.0,400.0
2026-01-20 19:00,476,20,1,19,12483.6,0.0,0.364,600.0,400.0
2026-01-20 20:00,477,20,1,20,11869.9,0.0,0.322,600.0,400.0
2026-01-20 21:00,478,20,1,21,10789.6,0.0,0.277,600.0,400.0
2026-01-20 22:00,479,20,1,22,10269.6,0.0,0.345,600.0,400.0
2026-01-20 23:00,480,20,1,23,9257.7,0.0,0.269,600.0,400.0
2026-01-21 00:00,481,21,1,0,8471.5,0.0,0.462,600.0,400.0
2026-01-21 01:00,482,21,1,1,8528.0,0.0,0.29,600.0,400.0
2026-01-21 02:00,483,21,1,2,8615.0,0.0,0.494,600.0,400.0
2026-01-21 03:00,484,21,1,3,9110.7,0.0,0.162,600.0,400.0
2026-01-21 04:00,485,21,1,4,9215.7,0.0,0.107,600.0,400.0
2026-01-21 05:00,486,21,1,5,9482.1,0.0,0.198,600.0,400.0
2026-01-21 06:00,487,21,1,6,10130.3,0.11,0.126,600.0,400.0
2026-01-21 07:00,488,21,1,7,10655.1,0.365,0.189,600.0,400.0
2026-01-21 08:00,489,21,1,8,11542.3,0.378,0.13,600.0,400.0
2026-01-21 09:00,490,21,1,9,11496.8,0.563,0.367,600.0,400.0
2026-01-21 10:00,491,21,1,10,10389.6,0.616,0.248,600.0,400.0
2026-01-21 11:00,492,21,1,11,9650.6,0.943,0.235,600.0,400.0
2026-01-21 12:00,493,21,1,12,8781.5,0.905,0.363,600.0,400.0
2026-01-21 13:00,494,21,1,13,8503.6,0.686,0.122,600.0,400.0
2026-01-21 14:00,495,21,1,14,9322.0,0.746,0.453,600.0,400.0
2026-01-21 15:00,496,21,1,15,10141.2,0.713,0.286,600.0,400.0
2026-01-21 16:00,497,21,1,16,11271.2,0.592,0.146,600.0,400.0
2026-01-21 17:00,498,21,1,17,12170.3,0.32,0.49,600.0,400.0
2026-01-21 18:00,499,21,1,18,12500.0,0.117,0.311,600.0,400.0
2026-01-21 19:00,500,21,1,19,12303.3,0.0,0.384,600.0,400.0
2026-01-21 20:00,501,21,1,20,11926.9,0.0,0.587,600.0,400.0
2026-01-21 21:00,502,21,1,21,11046.3,0.0,0.58,600.0,400.0
2026-01-21 22:00,503,21,1,22,9554.2,0.0,0.573,600.0,400.0
2026-01-21 23:00,504,21,1,23,9169.5,0.0,0.283,600.0,400.0
2026-01-22 00:00,505,22,1,0,8387.0,0.0,0.426,600.0,400.0
2026-01-22 01:00,506,22,1,1,8602.0,0.0,0.185,600.0,400.0
2026-01-22 02:00,507,22,1,2,8776.3,0.0,0.434,600.0,400.0
2026-01-22 03:00,508,22,1,3,8938.9,0.0,0.206,600.0,400.0
2026-01-22 04:00,509,22,1,4,9343.5,0.0,0.236,600.0,400.0
2026-01-22 05:00,510,22,1,5,9575.6,0.0,0.41,600.0,400.0
2026-01-22 06:00,511,22,1,6,10275.9,0.107,0.341,600.0,400.0
2026-01-22 07:00,512,22,1,7,10819.0,0.251,0.446,600.0,400.0
2026-01-22 08:00,513,22,1,8,11232.9,0.347,0.178,600.0,400.0
2026-01-22 09:00,514,22,1,9,11209.3,0.428,0.111,600.0,400.0
2026-01-22 10:00,515,22,1,10,10297.4,0.716,0.41,600.0,400.0
2026-01-22 11:00,516,22,1,11,9533.5,0.797,0.233,600.0,400.0
2026-01-22 12:00,517,22,1,12,8848.0,0.677,0.43,600.0,400.0
2026-01-22 13:00,518,22,1,13,8483.8,0.915,0.356,600.0,400.0
2026-01-22 14:00,519,22,1,14,9093.0,0.506,0.467,600.0,400.0
2026-01-22 15:00,520,22,1,15,10174.0,0.675,0.358,600.0,400.0
2026-01-22 16:00,521,22,1,16,11168.9,0.553,0.466,600.0,400.0
2026-01-22 17:00,522,22,1,17,12286.5,0.271,0.143,600.0,400.0
2026-01-22 18:00,523,22,1,18,12500.0,0.063,0.705,600.0,400.0
2026-01-22 19:00,524,22,1,19,12500.0,0.0,0.185,600.0,400.0
2026-01-22 20:00,525,22,1,20,11655.6,0.0,0.069,600.0,400.0
2026-01-22 21:00,526,22,1,21,10451.0,0.0,0.348,600.0,400.0
2026-01-22 22:00,527,22,1,22,9516.6,0.0,0.434,600.0,400.0
2026-01-22 23:00,528,22,1,23,9086.2,0.0,0.424,600.0,400.0
2026-01-23 00:00,529,23,1,0,8530.2,0.0,0.24,600.0,400.0
2026-01-23 01:00,530,23,1,1,8532.6,0.0,0.409,600.0,400.0
2026-01-23 02:00,531,23,1,2,8970.4,0.0,0.442,600.0,400.0
2026-01-23 03:00,532,23,1,3,8808.3,0.0,0.303,600.0,400.0
2026-01-23 04:00,533,23,1,4,9322.0,0.0,0.21,600.0,400.0
2026-01-23 05:00,534,23,1,5,9511.6,0.0,0.274,600.0,400.0
2026-01-23 06:00,535,23,1,6,10124.9,0.111,0.373,600.0,400.0
2026-01-23 07:00,536,23,1,7,10831.1,0.197,0.391,600.0,400.0
2026-01-23 08:00,537,23,1,8,11129.9,0.56,0.051,600.0,400.0
2026-01-23 09:00,538,23,1,9,11289.4,0.505,0.1,600.0,400.0
2026-01-23 10:00,539,23,1,10,10547.0,0.817,0.03,600.0,400.0
2026-01-23 11:00,540,23,1,11,9316.6,0.477,0.233,600.0,400.0
2026-01-23 12:00,541,23,1,12,8897.9,0.855,0.226,600.0,400.0
2026-01-23 13:00,542,23,1,13,8455.7,0.98,0.279,600.0,400.0
2026-01-23 14:00,543,23,1,14,9158.2,0.736,0.353,600.0,400.0
2026-01-23 15:00,544,23,1,15,10280.8,0.41,0.239,600.0,400.0
2026-01-23 16:00,545,23,1,16,11037.0,0.327,0.183,600.0,400.0
2026-01-23 17:00,546,23,1,17,12068.6,0.214,0.273,600.0,400.0
2026-01-23 18:00,547,23,1,18,12500.0,0.127,0.042,600.0,400.0
2026-01-23 19:00,548,23,1,19,12487.7,0.0,0.522,600.0,400.0
2026-01-23 20:00,549,23,1,20,11834.0,0.0,0.283,600.0,400.0
2026-01-23 21:00,550,23,1,21,10640.2,0.0,0.393,600.0,400.0
2026-01-23 22:00,551,23,1,22,9788.0,0.0,0.25,600.0,400.0
2026-01-23 23:00,552,23,1,23,9051.0,0.0,0.371,600.0,400.0
2026-01-24 00:00,553,24,1,0,8222.0,0.0,0.324,600.0,400.0
2026-01-24 01:00,554,24,1,1,8264.2,0.0,0.174,600.0,400.0
2026-01-24 02:00,555,24,1,2,8467.6,0.0,0.327,600.0,400.0
2026-01-24 03:00,556,24,1,3,8551.2,0.0,0.112,600.0,400.0
2026-01-24 04:00,557,24,1,4,8790.0,0.0,0.241,600.0,400.0
2026-01-24 05:00,558,24,1,5,9154.0,0.0,0.315,600.0,400.0
2026-01-24 06:00,559,24,1,6,9779.4,0.079,0.242,600.0,400.0
2026-01-24 07:00,560,24,1,7,10205.5,0.289,0.305,600.0,400.0
2026-01-24 08:00,561,24,1,8,10735.9,0.507,0.151,600.0,400.0
2026-01-24 09:00,562,24,1,9,11104.8,0.695,0.063,600.0,400.0
2026-01-24 10:00,563,24,1,10,10029.1,0.835,0.069,600.0,400.0
2026-01-24 11:00,564,24,1,11,8941.5,0.898,0.161,600.0,400.0
2026-01-24 12:00,565,24,1,12,8593.7,0.817,0.217,600.0,400.0
2026-01-24 13:00,566,24,1,13,8217.8,0.883,0.276,600.0,400.0
2026-01-24 14:00,567,24,1,14,8356.0,0.697,0.39,600.0,400.0
2026-01-24 15:00,568,24,1,15,9414.7,0.668,0.464,600.0,400.0
2026-01-24 16:00,569,24,1,16,10541.9,0.476,0.395,600.0,400.0
2026-01-24 17:00,570,24,1,17,11479.3,0.318,0.303,600.0,400.0
2026-01-24 18:00,571,24,1,18,11956.9,0.108,0.223,600.0,400.0
2026-01-24 19:00,572,24,1,19,12081.1,0.0,0.301,600.0,400.0
2026-01-24 20:00,573,24,1,20,11167.0,0.0,0.232,600.0,400.0
2026-01-24 21:00,574,24,1,21,10111.7,0.0,0.394,600.0,400.0
2026-01-24 22:00,575,24,1,22,9379.8,0.0,0.504,600.0,400.0
2026-01-24 23:00,576,24,1,23,8236.4,0.0,0.327,600.0,400.0
2026-01-25 00:00,577,25,1,0,8067.1,0.0,0.085,600.0,400.0
2026-01-25 01:00,578,25,1,1,8340.7,0.0,0.569,600.0,400.0
2026-01-25 02:00,579,25,1,2,8170.5,0.0,0.2,600.0,400.0
2026-01-25 03:00,580,25,1,3,8793.1,0.0,0.479,600.0,400.0
2026-01-25 04:00,581,25,1,4,8914.9,0.0,0.377,600.0,400.0
2026-01-25 05:00,582,25,1,5,9149.2,0.0,0.208,600.0,400.0
2026-01-25 06:00,583,25,1,6,9809.7,0.105,0.07,600.0,400.0
2026-01-25 07:00,584,25,1,7,10628.0,0.27,0.439,600.0,400.0
2026-01-25 08:00,585,25,1,8,10710.3,0.516,0.269,600.0,400.0
2026-01-25 09:00,586,25,1,9,10803.9,0.584,0.145,600.0,400.0
2026-01-25 10:00,587,25,1,10,9807.6,0.674,0.237,600.0,400.0
2026-01-25 11:00,588,25,1,11,8849.0,0.796,0.282,600.0,400.0
2026-01-25 12:00,589,25,1,12,8525.6,0.85,0.154,600.0,400.0
2026-01-25 13:00,590,25,1,13,8137.4,0.98,0.103,600.0,400.0
2026-01-25 14:00,591,25,1,14,8685.0,0.803,0.189,600.0,400.0
2026-01-25 15:00,592,25,1,15,9491.1,0.44,0.083,600.0,400.0
2026-01-25 16:00,593,25,1,16,10909.5,0.521,0.105,600.0,400.0
2026-01-25 17:00,594,25,1,17,11580.8,0.372,0.163,600.0,400.0
2026-01-25 18:00,595,25,1,18,12112.1,0.117,0.169,600.0,400.0
2026-01-25 19:00,596,25,1,19,11723.7,0.0,0.219,600.0,400.0
2026-01-25 20:00,597,25,1,20,11064.2,0.0,0.65,600.0,400.0
2026-01-25 21:00,598,25,1,21,9983.2,0.0,0.37,600.0,400.0
2026-01-25 22:00,599,25,1,22,9169.4,0.0,0.294,600.0,400.0
2026-01-25 23:00,600,25,1,23,8644.4,0.0,0.347,600.0,400.0
2026-01-26 00:00,601,26,1,0,8592.3,0.0,0.031,600.0,400.0
2026-01-26 01:00,602,26,1,1,8511.2,0.0,0.512,600.0,400.0
2026-01-26 02:00,603,26,1,2,8987.7,0.0,0.29,600.0,400.0
2026-01-26 03:00,604,26,1,3,9270.3,0.0,0.245,600.0,400.0
2026-01-26 04:00,605,26,1,4,9377.0,0.0,0.485,600.0,400.0
2026-01-26 05:00,606,26,1,5,9982.9,0.0,0.319,600.0,400.0
2026-01-26 06:00,607,26,1,6,10081.8,0.121,0.177,600.0,400.0
2026-01-26 07:00,608,26,1,7,10600.1,0.318,0.425,600.0,400.0
2026-01-26 08:00,609,26,1,8,10958.0,0.401,0.354,600.0,400.0
2026-01-26 09:00,610,26,1,9,11564.8,0.722,0.449,600.0,400.0
2026-01-26 10:00,611,26,1,10,10464.9,0.437,0.09,600.0,400.0
2026-01-26 11:00,612,26,1,11,9373.9,0.699,0.481,600.0,400.0
2026-01-26 12:00,613,26,1,12,8782.8,0.885,0.263,600.0,400.0
2026-01-26 13:00,614,26,1,13,8430.3,0.756,0.329,600.0,400.0
2026-01-26 14:00,615,26,1,14,9438.9,0.762,0.167,600.0,400.0
2026-01-26 15:00,616,26,1,15,10045.3,0.521,0.142,600.0,400.0
2026-01-26 16:00,617,26,1,16,11425.0,0.366,0.111,600.0,400.0
2026-01-26 17:00,618,26,1,17,12287.9,0.333,0.285,600.0,400.0
2026-01-26 18:00,619,26,1,18,12500.0,0.103,0.202,600.0,400.0
2026-01-26 19:00,620,26,1,19,12500.0,0.0,0.123,600.0,400.0
2026-01-26 20:00,621,26,1,20,11626.3,0.0,0.686,600.0,400.0
2026-01-26 21:00,622,26,1,21,10791.5,0.0,0.454,600.0,400.0
2026-01-26 22:00,623,26,1,22,10055.6,0.0,0.336,600.0,400.0
2026-01-26 23:00,624,26,1,23,9272.6,0.0,0.439,600.0,400.0
2026-01-27 00:00,625,27,1,0,8717.0,0.0,0.355,600.0,400.0
2026-01-27 01:00,626,27,1,1,8567.3,0.0,0.16,600.0,400.0
2026-01-27 02:00,627,27,1,2,8679.9,0.0,0.331,600.0,400.0
2026-01-27 03:00,628,27,1,3,9022.4,0.0,0.332,600.0,400.0
2026-01-27 04:00,629,27,1,4,9308.3,0.0,0.158,600.0,400.0
2026-01-27 05:00,630,27,1,5,9845.8,0.0,0.178,600.0,400.0
2026-01-27 06:00,631,27,1,6,9922.5,0.06,0.191,600.0,400.0
2026-01-27 07:00,632,27,1,7,11031.2,0.297,0.253,600.0,400.0
2026-01-27 08:00,633,27,1,8,11204.3,0.495,0.1,600.0,400.0
2026-01-27 09:00,634,27,1,9,11243.8,0.791,0.304,600.0,400.0
2026-01-27 10:00,635,27,1,10,10184.7,0.66,0.179,600.0,400.0
2026-01-27 11:00,636,27,1,11,9104.4,0.561,0.303,600.0,400.0
2026-01-27 12:00,637,27,1,12,8856.1,0.98,0.474,600.0,400.0
2026-01-27 13:00,638,27,1,13,8608.5,0.911,0.438,600.0,400.0
2026-01-27 14:00,639,27,1,14,8827.7,0.886,0.379,600.0,400.0
2026-01-27 15:00,640,27,1,15,9804.1,0.659,0.167,600.0,400.0
2026-01-27 16:00,641,27,1,16,11340.7,0.437,0.416,600.0,400.0
2026-01-27 17:00,642,27,1,17,12426.1,0.21,0.381,600.0,400.0
2026-01-27 18:00,643,27,1,18,12500.0,0.098,0.471,600.0,400.0
2026-01-27 19:00,644,27,1,19,12245.1,0.0,0.557,600.0,400.0
2026-01-27 20:00,645,27,1,20,11702.1,0.0,0.25,600.0,400.0
2026-01-27 21:00,646,27,1,21,10661.6,0.0,0.404,600.0,400.0
2026-01-27 22:00,647,27,1,22,9312.7,0.0,0.228,600.0,400.0
2026-01-27 23:00,648,27,1,23,9038.9,0.0,0.253,600.0,400.0
2026-01-28 00:00,649,28,1,0,8414.4,0.0,0.315,600.0,400.0
2026-01-28 01:00,650,28,1,1,8749.0,0.0,0.266,600.0,400.0
2026-01-28 02:00,651,28,1,2,9122.0,0.0,0.317,600.0,400.0
2026-01-28 03:00,652,28,1,3,9210.0,0.0,0.369,600.0,400.0
2026-01-28 04:00,653,28,1,4,9243.0,0.0,0.285,600.0,400.0
2026-01-28 05:00,654,28,1,5,9479.7,0.0,0.509,600.0,400.0
2026-01-28 06:00,655,28,1,6,10590.5,0.057,0.31,600.0,400.0
2026-01-28 07:00,656,28,1,7,10781.0,0.287,0.52,600.0,400.0
2026-01-28 08:00,657,28,1,8,11216.4,0.31,0.301,600.0,400.0
2026-01-28 09:00,658,28,1,9,11292.6,0.797,0.223,600.0,400.0
2026-01-28 10:00,659,28,1,10,10362.4,0.739,0.199,600.0,400.0
2026-01-28 11:00,660,28,1,11,9330.0,0.98,0.321,600.0,400.0
2026-01-28 12:00,661,28,1,12,8616.5,0.95,0.317,600.0,400.0
2026-01-28 13:00,662,28,1,13,8493.2,0.826,0.327,600.0,400.0
2026-01-28 14:00,663,28,1,14,9012.9,0.695,0.371,600.0,400.0
2026-01-28 15:00,664,28,1,15,9908.7,0.543,0.491,600.0,400.0
2026-01-28 16:00,665,28,1,16,11265.0,0.445,0.192,600.0,400.0
2026-01-28 17:00,666,28,1,17,12161.1,0.334,0.348,600.0,400.0
2026-01-28 18:00,667,28,1,18,12500.0,0.102,0.376,600.0,400.0
2026-01-28 19:00,668,28,1,19,12500.0,0.0,0.24,600.0,400.0
2026-01-28 20:00,669,28,1,20,11303.8,0.0,0.812,600.0,400.0
2026-01-28 21:00,670,28,1,21,10867.1,0.0,0.488,600.0,400.0
2026-01-28 22:00,671,28,1,22,9931.5,0.0,0.249,600.0,400.0
2026-01-28 23:00,672,28,1,23,8704.4,0.0,0.258,600.0,400.0
2026-01-29 00:00,673,29,1,0,8384.2,0.0,0.409,600.0,400.0
2026-01-29 01:00,674,29,1,1,8565.0,0.0,0.042,600.0,400.0
2026-01-29 02:00,675,29,1,2,8586.9,0.0,0.264,600.0,400.0
2026-01-29 03:00,676,29,1,3,8890.6,0.0,0.206,600.0,400.0
2026-01-29 04:00,677,29,1,4,9092.8,0.0,0.403,600.0,400.0
2026-01-29 05:00,678,29,1,5,9920.9,0.0,0.347,600.0,400.0
2026-01-29 06:00,679,29,1,6,10311.7,0.097,0.175,600.0,400.0
2026-01-29 07:00,680,29,1,7,10957.7,0.295,0.365,600.0,400.0
2026-01-29 08:00,681,29,1,8,11311.9,0.512,0.398,600.0,400.0
2026-01-29 09:00,682,29,1,9,11097.7,0.498,0.236,600.0,400.0
2026-01-29 10:00,683,29,1,10,10228.4,0.711,0.117,600.0,400.0
2026-01-29 11:00,684,29,1,11,9412.9,0.621,0.337,600.0,400.0
2026-01-29 12:00,685,29,1,12,8494.1,0.944,0.187,600.0,400.0
2026-01-29 13:00,686,29,1,13,8676.3,0.9,0.272,600.0,400.0
2026-01-29 14:00,687,29,1,14,8961.3,0.834,0.077,600.0,400.0
2026-01-29 15:00,688,29,1,15,9917.6,0.559,0.292,600.0,400.0
2026-01-29 16:00,689,29,1,16,11475.0,0.367,0.257,600.0,400.0
2026-01-29 17:00,690,29,1,17,12197.8,0.228,0.407,600.0,400.0
2026-01-29 18:00,691,29,1,18,12500.0,0.11,0.086,600.0,400.0
2026-01-29 19:00,692,29,1,19,12500.0,0.0,0.394,600.0,400.0
2026-01-29 20:00,693,29,1,20,11539.5,0.0,0.482,600.0,400.0
2026-01-29 21:00,694,29,1,21,10776.2,0.0,0.05,600.0,400.0
2026-01-29 22:00,695,29,1,22,9813.0,0.0,0.456,600.0,400.0
2026-01-29 23:00,696,29,1,23,8973.5,0.0,0.149,600.0,400.0
2026-01-30 00:00,697,30,1,0,8477.2,0.0,0.398,600.0,400.0
2026-01-30 01:00,698,30,1,1,8409.3,0.0,0.275,600.0,400.0
2026-01-30 02:00,699,30,1,2,8944.2,0.0,0.297,600.0,400.0
2026-01-30 03:00,700,30,1,3,8968.7,0.0,0.204,600.0,400.0
2026-01-30 04:00,701,30,1,4,9169.4,0.0,0.161,600.0,400.0
2026-01-30 05:00,702,30,1,5,9790.1,0.0,0.081,600.0,400.0
2026-01-30 06:00,703,30,1,6,10030.4,0.091,0.375,600.0,400.0
2026-01-30 07:00,704,30,1,7,10509.3,0.271,0.255,600.0,400.0
2026-01-30 08:00,705,30,1,8,10927.3,0.341,0.507,600.0,400.0
2026-01-30 09:00,706,30,1,9,11354.8,0.612,0.356,600.0,400.0
2026-01-30 10:00,707,30,1,10,10086.7,0.734,0.378,600.0,400.0
2026-01-30 11:00,708,30,1,11,9594.4,0.861,0.268,600.0,400.0
2026-01-30 12:00,709,30,1,12,8335.6,0.843,0.091,600.0,400.0
2026-01-30 13:00,710,30,1,13,8812.7,0.98,0.478,600.0,400.0
2026-01-30 14:00,711,30,1,14,9012.7,0.625,0.123,600.0,400.0
2026-01-30 15:00,712,30,1,15,9941.6,0.59,0.299,600.0,400.0
2026-01-30 16:00,713,30,1,16,11254.0,0.496,0.501,600.0,400.0
2026-01-30 17:00,714,30,1,17,12171.0,0.313,0.307,600.0,400.0
2026-01-30 18:00,715,30,1,18,12500.0,0.125,0.173,600.0,400.0
2026-01-30 19:00,716,30,1,19,12500.0,0.0,0.277,600.0,400.0
2026-01-30 20:00,717,30,1,20,11713.3,0.0,0.815,600.0,400.0
2026-01-30 21:00,718,30,1,21,10685.1,0.0,0.95,600.0,400.0
2026-01-30 22:00,719,30,1,22,9644.1,0.0,0.433,600.0,400.0
2026-01-30 23:00,720,30,1,23,8999.0,0.0,0.551,600.0,400.0
2026-01-31 00:00,721,31,1,0,8009.3,0.0,0.084,600.0,400.0
2026-01-31 01:00,722,31,1,1,7869.8,0.0,0.203,600.0,400.0
2026-01-31 02:00,723,31,1,2,8113.1,0.0,0.228,600.0,400.0
2026-01-31 03:00,724,31,1,3,8646.5,0.0,0.038,600.0,400.0
2026-01-31 04:00,725,31,1,4,8801.5,0.0,0.207,600.0,400.0
2026-01-31 05:00,726,31,1,5,9095.8,0.0,0.093,600.0,400.0
2026-01-31 06:00,727,31,1,6,9617.6,0.088,0.232,600.0,400.0
2026-01-31 07:00,728,31,1,7,10223.5,0.312,0.03,600.0,400.0
2026-01-31 08:00,729,31,1,8,10495.5,0.493,0.15,600.0,400.0
2026-01-31 09:00,730,31,1,9,10538.3,0.71,0.366,600.0,400.0
2026-01-31 10:00,731,31,1,10,9809.7,0.454,0.136,600.0,400.0
2026-01-31 11:00,732,31,1,11,8724.8,0.754,0.077,600.0,400.0
2026-01-31 12:00,733,31,1,12,8354.1,0.833,0.163,600.0,400.0
2026-01-31 13:00,734,31,1,13,7898.3,0.898,0.408,600.0,400.0
2026-01-31 14:00,735,31,1,14,8735.4,0.797,0.311,600.0,400.0
2026-01-31 15:00,736,31,1,15,9541.8,0.57,0.328,600.0,400.0
2026-01-31 16:00,737,31,1,16,10774.5,0.509,0.03,600.0,400.0
2026-01-31 17:00,738,31,1,17,11587.9,0.307,0.307,600.0,400.0
2026-01-31 18:00,739,31,1,18,12118.7,0.087,0.223,600.0,400.0
2026-01-31 19:00,740,31,1,19,11877.2,0.0,0.26,600.0,400.0
2026-01-31 20:00,741,31,1,20,10726.2,0.0,0.383,600.0,400.0
2026-01-31 21:00,742,31,1,21,9852.5,0.0,0.563,600.0,400.0
2026-01-31 22:00,743,31,1,22,9062.3,0.0,0.182,600.0,400.0
2026-01-31 23:00,744,31,1,23,8514.3,0.0,0.455,600.0,400.0
2026-02-01 00:00,745,32,2,0,8025.7,0.0,0.088,600.0,400.0
2026-02-01 01:00,746,32,2,1,8009.0,0.0,0.224,600.0,400.0
2026-02-01 02:00,747,32,2,2,8339.2,0.0,0.17,600.0,400.0
2026-02-01 03:00,748,32,2,3,8386.2,0.0,0.48,600.0,400.0
2026-02-01 04:00,749,32,2,4,8654.7,0.0,0.136,600.0,400.0
2026-02-01 05:00,750,32,2,5,8877.7,0.0,0.262,600.0,400.0
2026-02-01 06:00,751,32,2,6,9443.6,0.07,0.119,600.0,400.0
2026-02-01 07:00,752,32,2,7,9927.6,0.259,0.212,600.0,400.0
2026-02-01 08:00,753,32,2,8,10401.0,0.377,0.193,600.0,400.0
2026-02-01 09:00,754,32,2,9,10806.3,0.674,0.058,600.0,400.0
2026-02-01 10:00,755,32,2,10,9600.9,0.728,0.351,600.0,400.0
2026-02-01 11:00,756,32,2,11,9276.7,0.908,0.342,600.0,400.0
2026-02-01 12:00,757,32,2,12,8341.9,0.785,0.173,600.0,400.0
2026-02-01 13:00,758,32,2,13,8174.5,0.955,0.305,600.0,400.0
2026-02-01 14:00,759,32,2,14,8407.8,0.607,0.226,600.0,400.0
2026-02-01 15:00,760,32,2,15,9553.0,0.811,0.418,600.0,400.0
2026-02-01 16:00,761,32,2,16,10616.7,0.399,0.395,600.0,400.0
2026-02-01 17:00,762,32,2,17,11426.1,0.35,0.124,600.0,400.0
2026-02-01 18:00,763,32,2,18,12238.5,0.121,0.525,600.0,400.0
2026-02-01 19:00,764,32,2,19,11677.0,0.0,0.184,600.0,400.0
2026-02-01 20:00,765,32,2,20,11183.1,0.0,0.182,600.0,400.0
2026-02-01 21:00,766,32,2,21,9924.2,0.0,0.454,600.0,400.0
2026-02-01 22:00,767,32,2,22,9137.2,0.0,0.183,600.0,400.0
2026-02-01 23:00,768,32,2,23,8775.1,0.0,0.144,600.0,400.0
2026-02-02 00:00,769,33,2,0,8273.0,0.0,0.238,600.0,400.0
2026-02-02 01:00,770,33,2,1,8844.5,0.0,0.464,600.0,400.0
2026-02-02 02:00,771,33,2,2,8851.2,0.0,0.151,600.0,400.0
2026-02-02 03:00,772,33,2,3,8846.8,0.0,0.205,600.0,400.0
2026-02-02 04:00,773,33,2,4,9289.6,0.0,0.176,600.0,400.0
2026-02-02 05:00,774,33,2,5,9710.5,0.0,0.19,600.0,400.0
2026-02-02 06:00,775,33,2,6,10172.6,0.086,0.3,600.0,400.0
2026-02-02 07:00,776,33,2,7,10411.2,0.268,0.192,600.0,400.0
2026-02-02 08:00,777,33,2,8,10986.0,0.413,0.308,600.0,400.0
2026-02-02 09:00,778,33,2,9,11142.7,0.711,0.265,600.0,400.0
2026-02-02 10:00,779,33,2,10,10203.1,0.739,0.184,600.0,400.0
2026-02-02 11:00,780,33,2,11,9335.7,0.27,0.214,600.0,400.0
2026-02-02 12:00,781,33,2,12,8619.6,0.805,0.324,600.0,400.0
2026-02-02 13:00,782,33,2,13,8250.3,0.69,0.275,600.0,400.0
2026-02-02 14:00,783,33,2,14,8963.2,0.842,0.462,600.0,400.0
2026-02-02 15:00,784,33,2,15,9979.2,0.634,0.559,600.0,400.0
2026-02-02 16:00,785,33,2,16,11356.7,0.467,0.408,600.0,400.0
2026-02-02 17:00,786,33,2,17,12208.0,0.288,0.779,600.0,400.0
2026-02-02 18:00,787,33,2,18,12500.0,0.113,0.373,600.0,400.0
2026-02-02 19:00,788,33,2,19,12443.2,0.0,0.087,600.0,400.0
2026-02-02 20:00,789,33,2,20,11619.2,0.0,0.338,600.0,400.0
2026-02-02 21:00,790,33,2,21,10333.7,0.0,0.21,600.0,400.0
2026-02-02 22:00,791,33,2,22,9712.7,0.0,0.254,600.0,400.0
2026-02-02 23:00,792,33,2,23,8986.3,0.0,0.314,600.0,400.0
2026-02-03 00:00,793,34,2,0,8396.4,0.0,0.221,600.0,400.0
2026-02-03 01:00,794,34,2,1,8328.5,0.0,0.217,600.0,400.0
2026-02-03 02:00,795,34,2,2,8542.0,0.0,0.24,600.0,400.0
2026-02-03 03:00,796,34,2,3,9081.0,0.0,0.186,600.0,400.0
2026-02-03 04:00,797,34,2,4,9156.6,0.0,0.132,600.0,400.0
2026-02-03 05:00,798,34,2,5,9637.3,0.0,0.335,600.0,400.0
2026-02-03 06:00,799,34,2,6,10050.1,0.092,0.194,600.0,400.0
2026-02-03 07:00,800,34,2,7,10638.8,0.278,0.346,600.0,400.0
2026-02-03 08:00,801,34,2,8,11223.2,0.518,0.374,600.0,400.0
2026-02-03 09:00,802,34,2,9,11069.9,0.713,0.307,600.0,400.0
2026-02-03 10:00,803,34,2,10,10200.1,0.852,0.195,600.0,400.0
2026-02-03 11:00,804,34,2,11,9131.9,0.414,0.315,600.0,400.0
2026-02-03 12:00,805,34,2,12,8491.1,0.674,0.126,600.0,400.0
2026-02-03 13:00,806,34,2,13,8384.0,0.581,0.324,600.0,400.0
2026-02-03 14:00,807,34,2,14,8907.7,0.872,0.242,600.0,400.0
2026-02-03 15:00,808,34,2,15,9775.1,0.495,0.359,600.0,400.0
2026-02-03 16:00,809,34,2,16,11438.9,0.555,0.429,600.0,400.0
2026-02-03 17:00,810,34,2,17,11863.4,0.354,0.347,600.0,400.0
2026-02-03 18:00,811,34,2,18,12447.8,0.073,0.396,600.0,400.0
2026-02-03 19:00,812,34,2,19,12272.8,0.0,0.202,600.0,400.0
2026-02-03 20:00,813,34,2,20,11836.5,0.0,0.38,600.0,400.0
2026-02-03 21:00,814,34,2,21,10606.6,0.0,0.316,600.0,400.0
2026-02-03 22:00,815,34,2,22,9786.0,0.0,0.296,600.0,400.0
2026-02-03 23:00,816,34,2,23,8693.6,0.0,0.28,600.0,400.0
2026-02-04 00:00,817,35,2,0,8373.7,0.0,0.228,600.0,400.0
2026-02-04 01:00,818,35,2,1,8651.7,0.0,0.215,600.0,400.0
2026-02-04 02:00,819,35,2,2,8703.3,0.0,0.36,600.0,400.0
2026-02-04 03:00,820,35,2,3,9056.8,0.0,0.283,600.0,400.0
2026-02-04 04:00,821,35,2,4,9052.7,0.0,0.056,600.0,400.0
2026-02-04 05:00,822,35,2,5,9725.2,0.0,0.067,600.0,400.0
2026-02-04 06:00,823,35,2,6,10383.6,0.101,0.249,600.0,400.0
2026-02-04 07:00,824,35,2,7,10545.3,0.283,0.354,600.0,400.0
2026-02-04 08:00,825,35,2,8,10970.3,0.529,0.059,600.0,400.0
2026-02-04 09:00,826,35,2,9,11352.9,0.674,0.223,600.0,400.0
2026-02-04 10:00,827,35,2,10,10404.9,0.784,0.366,600.0,400.0
2026-02-04 11:00,828,35,2,11,9089.4,0.606,0.03,600.0,400.0
2026-02-04 12:00,829,35,2,12,8460.4,0.98,0.172,600.0,400.0
2026-02-04 13:00,830,35,2,13,8355.6,0.817,0.485,600.0,400.0
2026-02-04 14:00,831,35,2,14,8624.5,0.843,0.102,600.0,400.0
2026-02-04 15:00,832,35,2,15,9672.6,0.461,0.337,600.0,400.0
2026-02-04 16:00,833,35,2,16,11045.8,0.586,0.31,600.0,400.0
2026-02-04 17:00,834,35,2,17,11853.0,0.274,0.161,600.0,400.0
2026-02-04 18:00,835,35,2,18,12442.5,0.12,0.088,600.0,400.0
2026-02-04 19:00,836,35,2,19,12352.0,0.0,0.335,600.0,400.0
2026-02-04 20:00,837,35,2,20,11825.6,0.0,0.458,600.0,400.0
2026-02-04 21:00,838,35,2,21,10389.3,0.0,0.183,600.0,400.0
2026-02-04 22:00,839,35,2,22,9753.6,0.0,0.422,600.0,400.0
2026-02-04 23:00,840,35,2,23,8873.7,0.0,0.339,600.0,400.0
2026-02-05 00:00,841,36,2,0,8299.5,0.0,0.248,600.0,400.0
2026-02-05 01:00,842,36,2,1,8592.3,0.0,0.363,600.0,400.0
2026-02-05 02:00,843,36,2,2,8484.0,0.0,0.158,600.0,400.0
2026-02-05 03:00,844,36,2,3,8919.5,0.0,0.247,600.0,400.0
2026-02-05 04:00,845,36,2,4,9132.7,0.0,0.265,600.0,400.0
2026-02-05 05:00,846,36,2,5,9547.8,0.0,0.222,600.0,400.0
2026-02-05 06:00,847,36,2,6,10030.2,0.114,0.195,600.0,400.0
2026-02-05 07:00,848,36,2,7,10963.3,0.362,0.303,600.0,400.0
2026-02-05 08:00,849,36,2,8,10905.9,0.482,0.268,600.0,400.0
2026-02-05 09:00,850,36,2,9,11001.1,0.646,0.265,600.0,400.0
2026-02-05 10:00,851,36,2,10,10017.6,0.576,0.394,600.0,400.0
2026-02-05 11:00,852,36,2,11,9049.0,0.954,0.606,600.0,400.0
2026-02-05 12:00,853,36,2,12,8390.4,0.971,0.271,600.0,400.0
2026-02-05 13:00,854,36,2,13,8555.7,0.773,0.208,600.0,400.0
2026-02-05 14:00,855,36,2,14,9032.0,0.843,0.401,600.0,400.0
2026-02-05 15:00,856,36,2,15,9693.9,0.751,0.143,600.0,400.0
2026-02-05 16:00,857,36,2,16,11039.6,0.491,0.312,600.0,400.0
2026-02-05 17:00,858,36,2,17,12018.5,0.315,0.33,600.0,400.0
2026-02-05 18:00,859,36,2,18,12327.8,0.096,0.765,600.0,400.0
2026-02-05 19:00,860,36,2,19,12385.1,0.0,0.832,600.0,400.0
2026-02-05 20:00,861,36,2,20,11580.6,0.0,0.501,600.0,400.0
2026-02-05 21:00,862,36,2,21,10278.5,0.0,0.322,600.0,400.0
2026-02-05 22:00,863,36,2,22,9817.1,0.0,0.35,600.0,400.0
2026-02-05 23:00,864,36,2,23,9170.2,0.0,0.241,600.0,400.0
2026-02-06 00:00,865,37,2,0,8184.4,0.0,0.479,600.0,400.0
2026-02-06 01:00,866,37,2,1,8395.6,0.0,0.405,600.0,400.0
2026-02-06 02:00,867,37,2,2,8681.1,0.0,0.397,600.0,400.0
2026-02-06 03:00,868,37,2,3,8882.0,0.0,0.126,600.0,400.0
2026-02-06 04:00,869,37,2,4,9180.2,0.0,0.214,600.0,400.0
2026-02-06 05:00,870,37,2,5,9758.0,0.0,0.248,600.0,400.0
2026-02-06 06:00,871,37,2,6,9921.8,0.113,0.103,600.0,400.0
2026-02-06 07:00,872,37,2,7,10407.8,0.16,0.181,600.0,400.0
2026-02-06 08:00,873,37,2,8,10751.4,0.431,0.083,600.0,400.0
2026-02-06 09:00,874,37,2,9,10932.5,0.712,0.456,600.0,400.0
2026-02-06 10:00,875,37,2,10,10074.9,0.54,0.315,600.0,400.0
2026-02-06 11:00,876,37,2,11,9387.6,0.762,0.276,600.0,400.0
2026-02-06 12:00,877,37,2,12,8372.0,0.58,0.146,600.0,400.0
2026-02-06 13:00,878,37,2,13,8363.8,0.918,0.203,600.0,400.0
2026-02-06 14:00,879,37,2,14,8764.9,0.698,0.136,600.0,400.0
2026-02-06 15:00,880,37,2,15,9938.8,0.17,0.307,600.0,400.0
2026-02-06 16:00,881,37,2,16,11541.2,0.546,0.472,600.0,400.0
2026-02-06 17:00,882,37,2,17,11823.1,0.36,0.058,600.0,400.0
2026-02-06 18:00,883,37,2,18,12304.0,0.087,0.136,600.0,400.0
2026-02-06 19:00,884,37,2,19,12418.2,0.0,0.21,600.0,400.0
2026-02-06 20:00,885,37,2,20,11625.9,0.0,0.445,600.0,400.0
2026-02-06 21:00,886,37,2,21,10786.6,0.0,0.584,600.0,400.0
2026-02-06 22:00,887,37,2,22,9634.7,0.0,0.458,600.0,400.0
2026-02-06 23:00,888,37,2,23,8798.7,0.0,0.33,600.0,400.0
2026-02-07 00:00,889,38,2,0,7901.1,0.0,0.128,600.0,400.0
2026-02-07 01:00,890,38,2,1,8157.4,0.0,0.409,600.0,400.0
2026-02-07 02:00,891,38,2,2,8286.7,0.0,0.116,600.0,400.0
2026-02-07 03:00,892,38,2,3,8425.9,0.0,0.208,600.0,400.0
2026-02-07 04:00,893,38,2,4,8752.9,0.0,0.183,600.0,400.0
2026-02-07 05:00,894,38,2,5,9112.1,0.0,0.191,600.0,400.0
2026-02-07 06:00,895,38,2,6,9628.0,0.098,0.174,600.0,400.0
2026-02-07 07:00,896,38,2,7,10057.3,0.312,0.315,600.0,400.0
2026-02-07 08:00,897,38,2,8,10335.1,0.366,0.117,600.0,400.0
2026-02-07 09:00,898,38,2,9,10462.0,0.678,0.353,600.0,400.0
2026-02-07 10:00,899,38,2,10,9743.7,0.752,0.371,600.0,400.0
2026-02-07 11:00,900,38,2,11,8521.0,0.689,0.233,600.0,400.0
2026-02-07 12:00,901,38,2,12,8117.6,0.343,0.104,600.0,400.0
2026-02-07 13:00,902,38,2,13,7878.2,0.965,0.29,600.0,400.0
2026-02-07 14:00,903,38,2,14,8347.7,0.869,0.427,600.0,400.0
2026-02-07 15:00,904,38,2,15,9446.3,0.762,0.209,600.0,400.0
2026-02-07 16:00,905,38,2,16,10544.2,0.397,0.485,600.0,400.0
2026-02-07 17:00,906,38,2,17,11223.7,0.296,0.402,600.0,400.0
2026-02-07 18:00,907,38,2,18,11426.9,0.114,0.788,600.0,400.0
2026-02-07 19:00,908,38,2,19,11634.1,0.0,0.518,600.0,400.0
2026-02-07 20:00,909,38,2,20,10932.2,0.0,0.197,600.0,400.0
2026-02-07 21:00,910,38,2,21,10220.5,0.0,0.311,600.0,400.0
2026-02-07 22:00,911,38,2,22,8939.6,0.0,0.136,600.0,400.0
2026-02-07 23:00,912,38,2,23,8381.7,0.0,0.109,600.0,400.0
2026-02-08 00:00,913,39,2,0,7818.4,0.0,0.402,600.0,400.0
2026-02-08 01:00,914,39,2,1,8202.5,0.0,0.532,600.0,400.0
2026-02-08 02:00,915,39,2,2,8108.5,0.0,0.61,600.0,400.0
2026-02-08 03:00,916,39,2,3,8355.9,0.0,0.18,600.0,400.0
2026-02-08 04:00,917,39,2,4,8644.5,0.0,0.145,600.0,400.0
2026-02-08 05:00,918,39,2,5,8918.3,0.0,0.255,600.0,400.0
2026-02-08 06:00,919,39,2,6,9297.5,0.121,0.132,600.0,400.0
2026-02-08 07:00,920,39,2,7,9945.4,0.301,0.159,600.0,400.0
2026-02-08 08:00,921,39,2,8,10493.5,0.488,0.345,600.0,400.0
2026-02-08 09:00,922,39,2,9,10233.2,0.482,0.334,600.0,400.0
2026-02-08 10:00,923,39,2,10,9530.4,0.879,0.397,600.0,400.0
2026-02-08 11:00,924,39,2,11,8497.7,0.859,0.23,600.0,400.0
2026-02-08 12:00,925,39,2,12,8207.7,0.709,0.27,600.0,400.0
2026-02-08 13:00,926,39,2,13,7655.4,0.751,0.375,600.0,400.0
2026-02-08 14:00,927,39,2,14,8212.1,0.8,0.178,600.0,400.0
2026-02-08 15:00,928,39,2,15,9261.1,0.716,0.452,600.0,400.0
2026-02-08 16:00,929,39,2,16,10723.9,0.545,0.053,600.0,400.0
2026-02-08 17:00,930,39,2,17,11166.6,0.235,0.474,600.0,400.0
2026-02-08 18:00,931,39,2,18,11517.7,0.098,0.473,600.0,400.0
2026-02-08 19:00,932,39,2,19,11779.1,0.0,0.244,600.0,400.0
2026-02-08 20:00,933,39,2,20,10562.2,0.0,0.454,600.0,400.0
2026-02-08 21:00,934,39,2,21,9489.1,0.0,0.202,600.0,400.0
2026-02-08 22:00,935,39,2,22,9027.6,0.0,0.363,600.0,400.0
2026-02-08 23:00,936,39,2,23,8236.4,0.0,0.415,600.0,400.0
2026-02-09 00:00,937,40,2,0,8034.9,0.0,0.407,600.0,400.0
2026-02-09 01:00,938,40,2,1,8481.4,0.0,0.679,600.0,400.0
2026-02-09 02:00,939,40,2,2,8579.3,0.0,0.154,600.0,400.0
2026-02-09 03:00,940,40,2,3,8638.0,0.0,0.255,600.0,400.0
2026-02-09 04:00,941,40,2,4,8764.8,0.0,0.422,600.0,400.0
2026-02-09 05:00,942,40,2,5,9466.2,0.0,0.256,600.0,400.0
2026-02-09 06:00,943,40,2,6,9940.3,0.072,0.383,600.0,400.0
2026-02-09 07:00,944,40,2,7,10402.2,0.303,0.201,600.0,400.0
2026-02-09 08:00,945,40,2,8,11147.0,0.416,0.324,600.0,400.0
2026-02-09 09:00,946,40,2,9,10755.2,0.555,0.369,600.0,400.0
2026-02-09 10:00,947,40,2,10,9711.3,0.541,0.363,600.0,400.0
2026-02-09 11:00,948,40,2,11,8863.9,0.589,0.395,600.0,400.0
2026-02-09 12:00,949,40,2,12,8321.4,0.811,0.152,600.0,400.0
2026-02-09 13:00,950,40,2,13,8241.1,0.977,0.24,600.0,400.0
2026-02-09 14:00,951,40,2,14,8604.2,0.318,0.15,600.0,400.0
2026-02-09 15:00,952,40,2,15,9682.0,0.606,0.161,600.0,400.0
2026-02-09 16:00,953,40,2,16,10816.1,0.463,0.301,600.0,400.0
2026-02-09 17:00,954,40,2,17,12021.6,0.297,0.662,600.0,400.0
2026-02-09 18:00,955,40,2,18,12255.3,0.085,0.371,600.0,400.0
2026-02-09 19:00,956,40,2,19,12320.2,0.0,0.543,600.0,400.0
2026-02-09 20:00,957,40,2,20,11466.5,0.0,0.65,600.0,400.0
2026-02-09 21:00,958,40,2,21,10464.0,0.0,0.127,600.0,400.0
2026-02-09 22:00,959,40,2,22,9537.4,0.0,0.171,600.0,400.0
2026-02-09 23:00,960,40,2,23,8838.2,0.0,0.228,600.0,400.0
2026-02-10 00:00,961,41,2,0,8270.2,0.0,0.358,600.0,400.0
2026-02-10 01:00,962,41,2,1,8547.7,0.0,0.094,600.0,400.0
2026-02-10 02:00,963,41,2,2,8536.8,0.0,0.406,600.0,400.0
2026-02-10 03:00,964,41,2,3,8804.8,0.0,0.085,600.0,400.0
2026-02-10 04:00,965,41,2,4,8916.6,0.0,0.128,600.0,400.0
2026-02-10 05:00,966,41,2,5,9516.6,0.0,0.198,600.0,400.0
2026-02-10 06:00,967,41,2,6,9686.1,0.105,0.244,600.0,400.0
2026-02-10 07:00,968,41,2,7,10662.9,0.344,0.376,600.0,400.0
2026-02-10 08:00,969,41,2,8,10800.7,0.437,0.46,600.0,400.0
2026-02-10 09:00,970,41,2,9,10652.2,0.733,0.379,600.0,400.0
2026-02-10 10:00,971,41,2,10,9930.0,0.64,0.095,600.0,400.0
2026-02-10 11:00,972,41,2,11,8819.3,0.865,0.28,600.0,400.0
2026-02-10 12:00,973,41,2,12,8416.7,0.698,0.228,600.0,400.0
2026-02-10 13:00,974,41,2,13,8051.5,0.867,0.12,600.0,400.0
2026-02-10 14:00,975,41,2,14,8525.5,0.572,0.298,600.0,400.0
2026-02-10 15:00,976,41,2,15,9278.1,0.646,0.236,600.0,400.0
2026-02-10 16:00,977,41,2,16,10899.6,0.418,0.243,600.0,400.0
2026-02-10 17:00,978,41,2,17,11359.5,0.312,0.126,600.0,400.0
2026-02-10 18:00,979,41,2,18,11973.1,0.081,0.743,600.0,400.0
2026-02-10 19:00,980,41,2,19,12222.7,0.0,0.45,600.0,400.0
2026-02-10 20:00,981,41,2,20,11498.7,0.0,0.236,600.0,400.0
2026-02-10 21:00,982,41,2,21,10422.1,0.0,0.614,600.0,400.0
2026-02-10 22:00,983,41,2,22,9256.6,0.0,0.655,600.0,400.0
2026-02-10 23:00,984,41,2,23,8726.0,0.0,0.483,600.0,400.0
2026-02-11 00:00,985,42,2,0,8134.3,0.0,0.378,600.0,400.0
2026-02-11 01:00,986,42,2,1,8115.2,0.0,0.244,600.0,400.0
2026-02-11 02:00,987,42,2,2,8709.3,0.0,0.252,600.0,400.0
2026-02-11 03:00,988,42,2,3,8793.1,0.0,0.246,600.0,400.0
2026-02-11 04:00,989,42,2,4,8855.1,0.0,0.495,600.0,400.0
2026-02-11 05:00,990,42,2,5,9248.2,0.0,0.332,600.0,400.0
2026-02-11 06:00,991,42,2,6,9783.8,0.092,0.162,600.0,400.0
2026-02-11 07:00,992,42,2,7,10002.8,0.234,0.26,600.0,400.0
2026-02-11 08:00,993,42,2,8,10721.1,0.287,0.247,600.0,400.0
2026-02-11 09:00,994,42,2,9,10724.7,0.625,0.335,600.0,400.0
2026-02-11 10:00,995,42,2,10,9701.2,0.821,0.09,600.0,400.0
2026-02-11 11:00,996,42,2,11,8834.8,0.742,0.307,600.0,400.0
2026-02-11 12:00,997,42,2,12,8521.2,0.954,0.191,600.0,400.0
2026-02-11 13:00,998,42,2,13,8209.9,0.822,0.122,600.0,400.0
2026-02-11 14:00,999,42,2,14,8457.4,0.412,0.376,600.0,400.0
2026-02-11 15:00,1000,42,2,15,9624.6,0.607,0.226,600.0,400.0
2026-02-11 16:00,1001,42,2,16,11149.4,0.265,0.415,600.0,400.0
2026-02-11 17:00,1002,42,2,17,11850.0,0.246,0.166,600.0,400.0
2026-02-11 18:00,1003,42,2,18,12192.2,0.127,0.779,600.0,400.0
2026-02-11 19:00,1004,42,2,19,11955.3,0.0,0.501,600.0,400.0
2026-02-11 20:00,1005,42,2,20,11444.1,0.0,0.24,600.0,400.0
2026-02-11 21:00,1006,42,2,21,10378.4,0.0,0.459,600.0,400.0
2026-02-11 22:00,1007,42,2,22,9517.9,0.0,0.156,600.0,400.0
2026-02-11 23:00,1008,42,2,23,8800.7,0.0,0.39,600.0,400.0
2026-02-12 00:00,1009,43,2,0,8269.0,0.0,0.097,600.0,400.0
2026-02-12 01:00,1010,43,2,1,8178.9,0.0,0.227,600.0,400.0
2026-02-12 02:00,1011,43,2,2,8641.3,0.0,0.626,600.0,400.0
2026-02-12 03:00,1012,43,2,3,8644.1,0.0,0.118,600.0,400.0
2026-02-12 04:00,1013,43,2,4,9180.2,0.0,0.282,600.0,400.0
2026-02-12 05:00,1014,43,2,5,9089.6,0.0,0.081,600.0,400.0
2026-02-12 06:00,1015,43,2,6,9982.4,0.109,0.283,600.0,400.0
2026-02-12 07:00,1016,43,2,7,10314.0,0.321,0.154,600.0,400.0
2026-02-12 08:00,1017,43,2,8,10608.0,0.416,0.162,600.0,400.0
2026-02-12 09:00,1018,43,2,9,10706.9,0.475,0.172,600.0,400.0
2026-02-12 10:00,1019,43,2,10,9760.0,0.898,0.134,600.0,400.0
2026-02-12 11:00,1020,43,2,11,8897.1,0.92,0.461,600.0,400.0
2026-02-12 12:00,1021,43,2,12,8266.5,0.854,0.444,600.0,400.0
2026-02-12 13:00,1022,43,2,13,7965.0,0.62,0.438,600.0,400.0
2026-02-12 14:00,1023,43,2,14,8494.8,0.742,0.117,600.0,400.0
2026-02-12 15:00,1024,43,2,15,9826.3,0.588,0.185,600.0,400.0
2026-02-12 16:00,1025,43,2,16,11153.5,0.483,0.356,600.0,400.0
2026-02-12 17:00,1026,43,2,17,11724.6,0.289,0.691,600.0,400.0
2026-02-12 18:00,1027,43,2,18,12143.0,0.104,0.377,600.0,400.0
2026-02-12 19:00,1028,43,2,19,12033.9,0.0,0.256,600.0,400.0
2026-02-12 20:00,1029,43,2,20,11388.3,0.0,0.515,600.0,400.0
2026-02-12 21:00,1030,43,2,21,10111.5,0.0,0.159,600.0,400.0
2026-02-12 22:00,1031,43,2,22,9295.3,0.0,0.561,600.0,400.0
2026-02-12 23:00,1032,43,2,23,8396.1,0.0,0.705,600.0,400.0
2026-02-13 00:00,1033,44,2,0,8129.8,0.0,0.657,600.0,400.0
2026-02-13 01:00,1034,44,2,1,8330.5,0.0,0.145,600.0,400.0
2026-02-13 02:00,1035,44,2,2,8313.5,0.0,0.296,600.0,400.0
2026-02-13 03:00,1036,44,2,3,8822.4,0.0,0.293,600.0,400.0
2026-02-13 04:00,1037,44,2,4,8608.1,0.0,0.142,600.0,400.0
2026-02-13 05:00,1038,44,2,5,8919.6,0.0,0.251,600.0,400.0
2026-02-13 06:00,1039,44,2,6,9692.9,0.095,0.274,600.0,400.0
2026-02-13 07:00,1040,44,2,7,10400.7,0.287,0.169,600.0,400.0
2026-02-13 08:00,1041,44,2,8,10931.2,0.554,0.164,600.0,400.0
2026-02-13 09:00,1042,44,2,9,10659.5,0.607,0.07,600.0,400.0
2026-02-13 10:00,1043,44,2,10,9931.7,0.793,0.465,600.0,400.0
2026-02-13 11:00,1044,44,2,11,8770.4,0.77,0.354,600.0,400.0
2026-02-13 12:00,1045,44,2,12,8102.4,0.763,0.349,600.0,400.0
2026-02-13 13:00,1046,44,2,13,8145.6,0.719,0.051,600.0,400.0
2026-02-13 14:00,1047,44,2,14,8550.9,0.59,0.327,600.0,400.0
2026-02-13 15:00,1048,44,2,15,9179.9,0.625,0.161,600.0,400.0
2026-02-13 16:00,1049,44,2,16,11062.9,0.492,0.379,600.0,400.0
2026-02-13 17:00,1050,44,2,17,11826.5,0.261,0.374,600.0,400.0
2026-02-13 18:00,1051,44,2,18,11989.2,0.114,0.532,600.0,400.0
2026-02-13 19:00,1052,44,2,19,12032.1,0.0,0.222,600.0,400.0
2026-02-13 20:00,1053,44,2,20,11325.2,0.0,0.073,600.0,400.0
2026-02-13 21:00,1054,44,2,21,10274.9,0.0,0.61,600.0,400.0
2026-02-13 22:00,1055,44,2,22,9208.7,0.0,0.592,600.0,400.0
2026-02-13 23:00,1056,44,2,23,8518.1,0.0,0.3,600.0,400.0
2026-02-14 00:00,1057,45,2,0,7576.0,0.0,0.11,600.0,400.0
2026-02-14 01:00,1058,45,2,1,7926.3,0.0,0.292,600.0,400.0
2026-02-14 02:00,1059,45,2,2,7986.6,0.0,0.286,600.0,400.0
2026-02-14 03:00,1060,45,2,3,8015.5,0.0,0.404,600.0,400.0
2026-02-14 04:00,1061,45,2,4,8422.6,0.0,0.33,600.0,400.0
2026-02-14 05:00,1062,45,2,5,8173.8,0.0,0.081,600.0,400.0
2026-02-14 06:00,1063,45,2,6,9284.1,0.091,0.296,600.0,400.0
2026-02-14 07:00,1064,45,2,7,9358.8,0.305,0.105,600.0,400.0
2026-02-14 08:00,1065,45,2,8,9979.3,0.446,0.084,600.0,400.0
2026-02-14 09:00,1066,45,2,9,9928.2,0.573,0.19,600.0,400.0
2026-02-14 10:00,1067,45,2,10,9007.6,0.762,0.081,600.0,400.0
2026-02-14 11:00,1068,45,2,11,8498.7,0.968,0.368,600.0,400.0
2026-02-14 12:00,1069,45,2,12,7644.0,0.939,0.235,600.0,400.0
2026-02-14 13:00,1070,45,2,13,7657.8,0.597,0.294,600.0,400.0
2026-02-14 14:00,1071,45,2,14,7999.7,0.801,0.307,600.0,400.0
2026-02-14 15:00,1072,45,2,15,8987.0,0.477,0.659,600.0,400.0
2026-02-14 16:00,1073,45,2,16,10201.3,0.536,0.562,600.0,400.0
2026-02-14 17:00,1074,45,2,17,10694.6,0.36,0.514,600.0,400.0
2026-02-14 18:00,1075,45,2,18,11497.3,0.105,0.276,600.0,400.0
2026-02-14 19:00,1076,45,2,19,11140.2,0.0,0.165,600.0,400.0
2026-02-14 20:00,1077,45,2,20,10296.7,0.0,0.38,600.0,400.0
2026-02-14 21:00,1078,45,2,21,9536.0,0.0,0.307,600.0,400.0
2026-02-14 22:00,1079,45,2,22,8973.2,0.0,0.204,600.0,400.0
2026-02-14 23:00,1080,45,2,23,8241.4,0.0,0.128,600.0,400.0
2026-02-15 00:00,1081,46,2,0,7486.4,0.0,0.28,600.0,400.0
2026-02-15 01:00,1082,46,2,1,7642.4,0.0,0.357,600.0,400.0
2026-02-15 02:00,1083,46,2,2,7805.3,0.0,0.327,600.0,400.0
2026-02-15 03:00,1084,46,2,3,8362.0,0.0,0.377,600.0,400.0
2026-02-15 04:00,1085,46,2,4,8312.9,0.0,0.236,600.0,400.0
2026-02-15 05:00,1086,46,2,5,8649.0,0.0,0.179,600.0,400.0
2026-02-15 06:00,1087,46,2,6,9213.8,0.122,0.238,600.0,400.0
2026-02-15 07:00,1088,46,2,7,9622.5,0.285,0.489,600.0,400.0
2026-02-15 08:00,1089,46,2,8,9941.6,0.447,0.06,600.0,400.0
2026-02-15 09:00,1090,46,2,9,10020.5,0.587,0.229,600.0,400.0
2026-02-15 10:00,1091,46,2,10,9147.2,0.599,0.174,600.0,400.0
2026-02-15 11:00,1092,46,2,11,8250.3,0.958,0.099,600.0,400.0
2026-02-15 12:00,1093,46,2,12,7778.4,0.723,0.226,600.0,400.0
2026-02-15 13:00,1094,46,2,13,7554.0,0.718,0.316,600.0,400.0
2026-02-15 14:00,1095,46,2,14,8068.3,0.806,0.288,600.0,400.0
2026-02-15 15:00,1096,46,2,15,8842.3,0.39,0.065,600.0,400.0
2026-02-15 16:00,1097,46,2,16,10147.3,0.463,0.341,600.0,400.0
2026-02-15 17:00,1098,46,2,17,10527.3,0.302,0.201,600.0,400.0
2026-02-15 18:00,1099,46,2,18,11433.2,0.111,0.258,600.0,400.0
2026-02-15 19:00,1100,46,2,19,11225.2,0.0,0.249,600.0,400.0
2026-02-15 20:00,1101,46,2,20,10658.1,0.0,0.551,600.0,400.0
2026-02-15 21:00,1102,46,2,21,9096.0,0.0,0.094,600.0,400.0
2026-02-15 22:00,1103,46,2,22,9024.4,0.0,0.261,600.0,400.0
2026-02-15 23:00,1104,46,2,23,8042.7,0.0,0.273,600.0,400.0
2026-02-16 00:00,1105,47,2,0,8129.6,0.0,0.359,600.0,400.0
2026-02-16 01:00,1106,47,2,1,7939.6,0.0,0.43,600.0,400.0
2026-02-16 02:00,1107,47,2,2,8360.5,0.0,0.374,600.0,400.0
2026-02-16 03:00,1108,47,2,3,8266.7,0.0,0.366,600.0,400.0
2026-02-16 04:00,1109,47,2,4,8562.4,0.0,0.141,600.0,400.0
2026-02-16 05:00,1110,47,2,5,9312.0,0.0,0.428,600.0,400.0
2026-02-16 06:00,1111,47,2,6,9472.7,0.067,0.2,600.0,400.0
2026-02-16 07:00,1112,47,2,7,10109.3,0.336,0.031,600.0,400.0
2026-02-16 08:00,1113,47,2,8,10638.2,0.475,0.272,600.0,400.0
2026-02-16 09:00,1114,47,2,9,10646.1,0.745,0.253,600.0,400.0
2026-02-16 10:00,1115,47,2,10,9614.7,0.873,0.104,600.0,400.0
2026-02-16 11:00,1116,47,2,11,8665.1,0.729,0.489,600.0,400.0
2026-02-16 12:00,1117,47,2,12,8344.2,0.935,0.269,600.0,400.0
2026-02-16 13:00,1118,47,2,13,7825.0,0.902,0.251,600.0,400.0
2026-02-16 14:00,1119,47,2,14,8310.2,0.436,0.239,600.0,400.0
2026-02-16 15:00,1120,47,2,15,9434.1,0.554,0.175,600.0,400.0
2026-02-16 16:00,1121,47,2,16,10840.7,0.564,0.621,600.0,400.0
2026-02-16 17:00,1122,47,2,17,11636.9,0.337,0.416,600.0,400.0
2026-02-16 18:00,1123,47,2,18,12037.7,0.117,0.359,600.0,400.0
2026-02-16 19:00,1124,47,2,19,11637.7,0.0,0.397,600.0,400.0
2026-02-16 20:00,1125,47,2,20,11365.5,0.0,0.534,600.0,400.0
2026-02-16 21:00,1126,47,2,21,9914.5,0.0,0.399,600.0,400.0
2026-02-16 22:00,1127,47,2,22,9216.8,0.0,0.143,600.0,400.0
2026-02-16 23:00,1128,47,2,23,8383.9,0.0,0.413,600.0,400.0
2026-02-17 00:00,1129,48,2,0,7901.6,0.0,0.334,600.0,400.0
2026-02-17 01:00,1130,48,2,1,8115.5,0.0,0.623,600.0,400.0
2026-02-17 02:00,1131,48,2,2,8268.2,0.0,0.377,600.0,400.0
2026-02-17 03:00,1132,48,2,3,8454.5,0.0,0.207,600.0,400.0
2026-02-17 04:00,1133,48,2,4,8869.8,0.0,0.118,600.0,400.0
2026-02-17 05:00,1134,48,2,5,9025.5,0.0,0.23,600.0,400.0
2026-02-17 06:00,1135,48,2,6,9409.4,0.111,0.286,600.0,400.0
2026-02-17 07:00,1136,48,2,7,10172.2,0.271,0.121,600.0,400.0
2026-02-17 08:00,1137,48,2,8,10631.3,0.392,0.266,600.0,400.0
2026-02-17 09:00,1138,48,2,9,10311.3,0.63,0.342,600.0,400.0
2026-02-17 10:00,1139,48,2,10,9626.2,0.821,0.116,600.0,400.0
2026-02-17 11:00,1140,48,2,11,8658.3,0.611,0.309,600.0,400.0
2026-02-17 12:00,1141,48,2,12,7851.4,0.553,0.084,600.0,400.0
2026-02-17 13:00,1142,48,2,13,7993.9,0.826,0.031,600.0,400.0
2026-02-17 14:00,1143,48,2,14,8194.0,0.852,0.065,600.0,400.0
2026-02-17 15:00,1144,48,2,15,9227.0,0.688,0.348,600.0,400.0
2026-02-17 16:00,1145,48,2,16,10578.2,0.42,0.674,600.0,400.0
2026-02-17 17:00,1146,48,2,17,11393.0,0.323,0.457,600.0,400.0
2026-02-17 18:00,1147,48,2,18,11705.3,0.067,0.218,600.0,400.0
2026-02-17 19:00,1148,48,2,19,11537.4,0.0,0.115,600.0,400.0
2026-02-17 20:00,1149,48,2,20,11308.7,0.0,0.392,600.0,400.0
2026-02-17 21:00,1150,48,2,21,9914.2,0.0,0.03,600.0,400.0
2026-02-17 22:00,1151,48,2,22,8964.1,0.0,0.485,600.0,400.0
2026-02-17 23:00,1152,48,2,23,8116.9,0.0,0.206,600.0,400.0
2026-02-18 00:00,1153,49,2,0,7767.9,0.0,0.223,600.0,400.0
2026-02-18 01:00,1154,49,2,1,7806.8,0.0,0.231,600.0,400.0
2026-02-18 02:00,1155,49,2,2,8432.4,0.0,0.393,600.0,400.0
2026-02-18 03:00,1156,49,2,3,8498.9,0.0,0.178,600.0,400.0
2026-02-18 04:00,1157,49,2,4,8449.4,0.0,0.175,600.0,400.0
2026-02-18 05:00,1158,49,2,5,9259.0,0.0,0.249,600.0,400.0
2026-02-18 06:00,1159,49,2,6,9549.2,0.092,0.215,600.0,400.0
2026-02-18 07:00,1160,49,2,7,9907.8,0.281,0.451,600.0,400.0
2026-02-18 08:00,1161,49,2,8,9981.4,0.54,0.148,600.0,400.0
2026-02-18 09:00,1162,49,2,9,10813.3,0.525,0.086,600.0,400.0
2026-02-18 10:00,1163,49,2,10,9246.5,0.908,0.239,600.0,400.0
2026-02-18 11:00,1164,49,2,11,8220.5,0.682,0.132,600.0,400.0
2026-02-18 12:00,1165,49,2,12,8000.1,0.903,0.219,600.0,400.0
2026-02-18 13:00,1166,49,2,13,8101.8,0.745,0.147,600.0,400.0
2026-02-18 14:00,1167,49,2,14,8377.7,0.892,0.473,600.0,400.0
2026-02-18 15:00,1168,49,2,15,9236.2,0.648,0.224,600.0,400.0
2026-02-18 16:00,1169,49,2,16,10641.3,0.349,0.441,600.0,400.0
2026-02-18 17:00,1170,49,2,17,11468.8,0.296,0.637,600.0,400.0
2026-02-18 18:00,1171,49,2,18,11945.7,0.09,0.64,600.0,400.0
2026-02-18 19:00,1172,49,2,19,11758.4,0.0,0.345,600.0,400.0
2026-02-18 20:00,1173,49,2,20,11018.2,0.0,0.782,600.0,400.0
2026-02-18 21:00,1174,49,2,21,9990.0,0.0,0.41,600.0,400.0
2026-02-18 22:00,1175,49,2,22,8955.0,0.0,0.152,600.0,400.0
2026-02-18 23:00,1176,49,2,23,8372.1,0.0,0.552,600.0,400.0
2026-02-19 00:00,1177,50,2,0,7556.4,0.0,0.293,600.0,400.0
2026-02-19 01:00,1178,50,2,1,7957.0,0.0,0.148,600.0,400.0
2026-02-19 02:00,1179,50,2,2,7963.1,0.0,0.409,600.0,400.0
2026-02-19 03:00,1180,50,2,3,8109.7,0.0,0.309,600.0,400.0
2026-02-19 04:00,1181,50,2,4,8534.6,0.0,0.424,600.0,400.0
2026-02-19 05:00,1182,50,2,5,9065.4,0.0,0.367,600.0,400.0
2026-02-19 06:00,1183,50,2,6,9480.9,0.106,0.171,600.0,400.0
2026-02-19 07:00,1184,50,2,7,9648.5,0.303,0.147,600.0,400.0
2026-02-19 08:00,1185,50,2,8,10161.4,0.463,0.297,600.0,400.0
2026-02-19 09:00,1186,50,2,9,10534.5,0.601,0.243,600.0,400.0
2026-02-19 10:00,1187,50,2,10,9248.0,0.515,0.077,600.0,400.0
2026-02-19 11:00,1188,50,2,11,8383.7,0.892,0.13,600.0,400.0
2026-02-19 12:00,1189,50,2,12,7860.1,0.863,0.125,600.0,400.0
2026-02-19 13:00,1190,50,2,13,7492.3,0.421,0.295,600.0,400.0
2026-02-19 14:00,1191,50,2,14,8109.4,0.858,0.105,600.0,400.0
2026-02-19 15:00,1192,50,2,15,8869.8,0.722,0.174,600.0,400.0
2026-02-19 16:00,1193,50,2,16,10388.5,0.464,0.326,600.0,400.0
2026-02-19 17:00,1194,50,2,17,11323.5,0.345,0.15,600.0,400.0
2026-02-19 18:00,1195,50,2,18,11511.3,0.085,0.215,600.0,400.0
2026-02-19 19:00,1196,50,2,19,11727.9,0.0,0.6,600.0,400.0
2026-02-19 20:00,1197,50,2,20,10944.7,0.0,0.435,600.0,400.0
2026-02-19 21:00,1198,50,2,21,10037.3,0.0,0.247,600.0,400.0
2026-02-19 22:00,1199,50,2,22,9063.0,0.0,0.556,600.0,400.0
2026-02-19 23:00,1200,50,2,23,8589.6,0.0,0.21,600.0,400.0
2026-02-20 00:00,1201,51,2,0,7803.2,0.0,0.345,600.0,400.0
2026-02-20 01:00,1202,51,2,1,7857.1,0.0,0.24,600.0,400.0
2026-02-20 02:00,1203,51,2,2,8091.0,0.0,0.387,600.0,400.0
2026-02-20 03:00,1204,51,2,3,8320.7,0.0,0.216,600.0,400.0
2026-02-20 04:00,1205,51,2,4,8458.6,0.0,0.163,600.0,400.0
2026-02-20 05:00,1206,51,2,5,8791.6,0.0,0.272,600.0,400.0
2026-02-20 06:00,1207,51,2,6,9162.0,0.12,0.313,600.0,400.0
2026-02-20 07:00,1208,51,2,7,9732.2,0.328,0.231,600.0,400.0
2026-02-20 08:00,1209,51,2,8,10032.2,0.516,0.29,600.0,400.0
2026-02-20 09:00,1210,51,2,9,10599.5,0.624,0.197,600.0,400.0
2026-02-20 10:00,1211,51,2,10,9140.8,0.875,0.336,600.0,400.0
2026-02-20 11:00,1212,51,2,11,8242.8,0.847,0.264,600.0,400.0
2026-02-20 12:00,1213,51,2,12,7591.0,0.898,0.143,600.0,400.0
2026-02-20 13:00,1214,51,2,13,7724.5,0.758,0.455,600.0,400.0
2026-02-20 14:00,1215,51,2,14,7980.0,0.761,0.438,600.0,400.0
2026-02-20 15:00,1216,51,2,15,9218.4,0.69,0.617,600.0,400.0
2026-02-20 16:00,1217,51,2,16,10313.8,0.51,0.336,600.0,400.0
2026-02-20 17:00,1218,51,2,17,11255.4,0.183,0.402,600.0,400.0
2026-02-20 18:00,1219,51,2,18,11572.9,0.1,0.542,600.0,400.0
2026-02-20 19:00,1220,51,2,19,11943.2,0.0,0.099,600.0,400.0
2026-02-20 20:00,1221,51,2,20,10702.7,0.0,0.611,600.0,400.0
2026-02-20 21:00,1222,51,2,21,9946.0,0.0,0.23,600.0,400.0
2026-02-20 22:00,1223,51,2,22,9078.8,0.0,0.101,600.0,400.0
2026-02-20 23:00,1224,51,2,23,8390.6,0.0,0.204,600.0,400.0
2026-02-21 00:00,1225,52,2,0,7259.0,0.0,0.344,600.0,400.0
2026-02-21 01:00,1226,52,2,1,7407.5,0.0,0.083,600.0,400.0
2026-02-21 02:00,1227,52,2,2,7577.5,0.0,0.03,600.0,400.0
2026-02-21 03:00,1228,52,2,3,7704.2,0.0,0.315,600.0,400.0
2026-02-21 04:00,1229,52,2,4,8089.1,0.0,0.232,600.0,400.0
2026-02-21 05:00,1230,52,2,5,8603.2,0.0,0.377,600.0,400.0
2026-02-21 06:00,1231,52,2,6,8616.6,0.12,0.151,600.0,400.0
2026-02-21 07:00,1232,52,2,7,9011.0,0.337,0.155,600.0,400.0
2026-02-21 08:00,1233,52,2,8,9605.6,0.425,0.078,600.0,400.0
2026-02-21 09:00,1234,52,2,9,10094.1,0.597,0.232,600.0,400.0
2026-02-21 10:00,1235,52,2,10,8654.1,0.776,0.185,600.0,400.0
2026-02-21 11:00,1236,52,2,11,8139.3,0.837,0.185,600.0,400.0
2026-02-21 12:00,1237,52,2,12,7550.1,0.746,0.233,600.0,400.0
2026-02-21 13:00,1238,52,2,13,7077.9,0.766,0.423,600.0,400.0
2026-02-21 14:00,1239,52,2,14,7666.1,0.78,0.116,600.0,400.0
2026-02-21 15:00,1240,52,2,15,8745.2,0.614,0.302,600.0,400.0
2026-02-21 16:00,1241,52,2,16,9710.8,0.432,0.177,600.0,400.0
2026-02-21 17:00,1242,52,2,17,10460.3,0.271,0.192,600.0,400.0
2026-02-21 18:00,1243,52,2,18,10850.4,0.083,0.219,600.0,400.0
2026-02-21 19:00,1244,52,2,19,10676.8,0.0,0.315,600.0,400.0
2026-02-21 20:00,1245,52,2,20,10077.6,0.0,0.333,600.0,400.0
2026-02-21 21:00,1246,52,2,21,9061.5,0.0,0.56,600.0,400.0
2026-02-21 22:00,1247,52,2,22,8409.4,0.0,0.572,600.0,400.0
2026-02-21 23:00,1248,52,2,23,7671.7,0.0,0.358,600.0,400.0
2026-02-22 00:00,1249,53,2,0,7279.8,0.0,0.215,600.0,400.0
2026-02-22 01:00,1250,53,2,1,7130.0,0.0,0.449,600.0,400.0
2026-02-22 02:00,1251,53,2,2,7571.1,0.0,0.41,600.0,400.0
2026-02-22 03:00,1252,53,2,3,7805.9,0.0,0.39,600.0,400.0
2026-02-22 04:00,1253,53,2,4,7558.0,0.0,0.042,600.0,400.0
2026-02-22 05:00,1254,53,2,5,8248.9,0.0,0.329,600.0,400.0
2026-02-22 06:00,1255,53,2,6,8839.6,0.062,0.367,600.0,400.0
2026-02-22 07:00,1256,53,2,7,8971.9,0.253,0.253,600.0,400.0
2026-02-22 08:00,1257,53,2,8,9821.0,0.465,0.304,600.0,400.0
2026-02-22 09:00,1258,53,2,9,9680.7,0.589,0.318,600.0,400.0
2026-02-22 10:00,1259,53,2,10,8601.2,0.678,0.228,600.0,400.0
2026-02-22 11:00,1260,53,2,11,7798.9,0.859,0.359,600.0,400.0
2026-02-22 12:00,1261,53,2,12,7301.6,0.637,0.366,600.0,400.0
2026-02-22 13:00,1262,53,2,13,7109.3,0.849,0.48,600.0,400.0
2026-02-22 14:00,1263,53,2,14,7592.6,0.423,0.515,600.0,400.0
2026-02-22 15:00,1264,53,2,15,8269.6,0.712,0.304,600.0,400.0
2026-02-22 16:00,1265,53,2,16,9732.1,0.371,0.071,600.0,400.0
2026-02-22 17:00,1266,53,2,17,10202.0,0.362,0.058,600.0,400.0
2026-02-22 18:00,1267,53,2,18,10863.0,0.106,0.637,600.0,400.0
2026-02-22 19:00,1268,53,2,19,10634.1,0.0,0.261,600.0,400.0
2026-02-22 20:00,1269,53,2,20,10005.9,0.0,0.28,600.0,400.0
2026-02-22 21:00,1270,53,2,21,9399.9,0.0,0.32,600.0,400.0
2026-02-22 22:00,1271,53,2,22,8526.2,0.0,0.223,600.0,400.0
2026-02-22 23:00,1272,53,2,23,7843.1,0.0,0.36,600.0,400.0
2026-02-23 00:00,1273,54,2,0,7469.5,0.0,0.448,600.0,400.0
2026-02-23 01:00,1274,54,2,1,7727.2,0.0,0.195,600.0,400.0
2026-02-23 02:00,1275,54,2,2,8108.7,0.0,0.382,600.0,400.0
2026-02-23 03:00,1276,54,2,3,8090.9,0.0,0.328,600.0,400.0
2026-02-23 04:00,1277,54,2,4,8648.2,0.0,0.257,600.0,400.0
2026-02-23 05:00,1278,54,2,5,8666.9,0.0,0.18,600.0,400.0
2026-02-23 06:00,1279,54,2,6,9117.0,0.081,0.38,600.0,400.0
2026-02-23 07:00,1280,54,2,7,9594.8,0.23,0.191,600.0,400.0
2026-02-23 08:00,1281,54,2,8,10078.9,0.452,0.181,600.0,400.0
2026-02-23 09:00,1282,54,2,9,10092.1,0.507,0.266,600.0,400.0
2026-02-23 10:00,1283,54,2,10,9247.1,0.705,0.419,600.0,400.0
2026-02-23 11:00,1284,54,2,11,8299.0,0.86,0.238,600.0,400.0
2026-02-23 12:00,1285,54,2,12,7371.8,0.578,0.332,600.0,400.0
2026-02-23 13:00,1286,54,2,13,7160.5,0.468,0.247,600.0,400.0
2026-02-23 14:00,1287,54,2,14,7527.4,0.808,0.17,600.0,400.0
2026-02-23 15:00,1288,54,2,15,8897.0,0.57,0.133,600.0,400.0
2026-02-23 16:00,1289,54,2,16,10045.9,0.539,0.146,600.0,400.0
2026-02-23 17:00,1290,54,2,17,10672.3,0.299,0.061,600.0,400.0
2026-02-23 18:00,1291,54,2,18,11580.7,0.085,0.352,600.0,400.0
2026-02-23 19:00,1292,54,2,19,11817.6,0.0,0.156,600.0,400.0
2026-02-23 20:00,1293,54,2,20,10718.1,0.0,0.557,600.0,400.0
2026-02-23 21:00,1294,54,2,21,9865.1,0.0,0.776,600.0,400.0
2026-02-23 22:00,1295,54,2,22,8833.6,0.0,0.326,600.0,400.0
2026-02-23 23:00,1296,54,2,23,8160.6,0.0,0.297,600.0,400.0
2026-02-24 00:00,1297,55,2,0,7742.9,0.0,0.244,600.0,400.0
2026-02-24 01:00,1298,55,2,1,7679.8,0.0,0.351,600.0,400.0
2026-02-24 02:00,1299,55,2,2,7902.7,0.0,0.32,600.0,400.0
2026-02-24 03:00,1300,55,2,3,8062.0,0.0,0.206,600.0,400.0
2026-02-24 04:00,1301,55,2,4,8109.7,0.0,0.195,600.0,400.0
2026-02-24 05:00,1302,55,2,5,8699.5,0.0,0.285,600.0,400.0
2026-02-24 06:00,1303,55,2,6,8992.8,0.101,0.243,600.0,400.0
2026-02-24 07:00,1304,55,2,7,9455.7,0.279,0.294,600.0,400.0
2026-02-24 08:00,1305,55,2,8,10074.0,0.5,0.427,600.0,400.0
2026-02-24 09:00,1306,55,2,9,9901.9,0.638,0.32,600.0,400.0
2026-02-24 10:00,1307,55,2,10,9066.5,0.867,0.166,600.0,400.0
2026-02-24 11:00,1308,55,2,11,8072.0,0.944,0.332,600.0,400.0
2026-02-24 12:00,1309,55,2,12,7598.7,0.918,0.231,600.0,400.0
2026-02-24 13:00,1310,55,2,13,7377.0,0.538,0.379,600.0,400.0
2026-02-24 14:00,1311,55,2,14,7745.4,0.75,0.478,600.0,400.0
2026-02-24 15:00,1312,55,2,15,8875.7,0.577,0.192,600.0,400.0
2026-02-24 16:00,1313,55,2,16,10375.5,0.336,0.197,600.0,400.0
2026-02-24 17:00,1314,55,2,17,11038.4,0.322,0.29,600.0,400.0
2026-02-24 18:00,1315,55,2,18,11454.6,0.117,0.096,600.0,400.0
2026-02-24 19:00,1316,55,2,19,11145.7,0.0,0.426,600.0,400.0
2026-02-24 20:00,1317,55,2,20,10488.1,0.0,0.467,600.0,400.0
2026-02-24 21:00,1318,55,2,21,9624.4,0.0,0.264,600.0,400.0
2026-02-24 22:00,1319,55,2,22,8668.3,0.0,0.313,600.0,400.0
2026-02-24 23:00,1320,55,2,23,8094.9,0.0,0.359,600.0,400.0
2026-02-25 00:00,1321,56,2,0,7555.5,0.0,0.107,600.0,400.0
2026-02-25 01:00,1322,56,2,1,7758.3,0.0,0.386,600.0,400.0
2026-02-25 02:00,1323,56,2,2,7792.8,0.0,0.287,600.0,400.0
2026-02-25 03:00,1324,56,2,3,8029.5,0.0,0.309,600.0,400.0
2026-02-25 04:00,1325,56,2,4,8165.1,0.0,0.333,600.0,400.0
2026-02-25 05:00,1326,56,2,5,8160.2,0.0,0.297,600.0,400.0
2026-02-25 06:00,1327,56,2,6,8803.6,0.057,0.09,600.0,400.0
2026-02-25 07:00,1328,56,2,7,9484.5,0.152,0.321,600.0,400.0
2026-02-25 08:00,1329,56,2,8,9723.8,0.403,0.253,600.0,400.0
2026-02-25 09:00,1330,56,2,9,10069.4,0.637,0.292,600.0,400.0
2026-02-25 10:00,1331,56,2,10,9233.6,0.673,0.153,600.0,400.0
2026-02-25 11:00,1332,56,2,11,8194.6,0.677,0.145,600.0,400.0
2026-02-25 12:00,1333,56,2,12,7316.7,0.91,0.385,600.0,400.0
2026-02-25 13:00,1334,56,2,13,7465.7,0.889,0.223,600.0,400.0
2026-02-25 14:00,1335,56,2,14,7699.9,0.849,0.307,600.0,400.0
2026-02-25 15:00,1336,56,2,15,8618.7,0.638,0.313,600.0,400.0
2026-02-25 16:00,1337,56,2,16,9984.1,0.424,0.343,600.0,400.0
2026-02-25 17:00,1338,56,2,17,10831.7,0.185,0.108,600.0,400.0
2026-02-25 18:00,1339,56,2,18,11324.0,0.12,0.24,600.0,400.0
2026-02-25 19:00,1340,56,2,19,11318.4,0.0,0.111,600.0,400.0
2026-02-25 20:00,1341,56,2,20,10622.5,0.0,0.327,600.0,400.0
2026-02-25 21:00,1342,56,2,21,9614.8,0.0,0.594,600.0,400.0
2026-02-25 22:00,1343,56,2,22,8779.9,0.0,0.279,600.0,400.0
2026-02-25 23:00,1344,56,2,23,8262.7,0.0,0.464,600.0,400.0
2026-02-26 00:00,1345,57,2,0,7648.0,0.0,0.218,600.0,400.0
2026-02-26 01:00,1346,57,2,1,7382.4,0.0,0.477,600.0,400.0
2026-02-26 02:00,1347,57,2,2,7338.6,0.0,0.247,600.0,400.0
2026-02-26 03:00,1348,57,2,3,8041.1,0.0,0.211,600.0,400.0
2026-02-26 04:00,1349,57,2,4,7873.1,0.0,0.321,600.0,400.0
2026-02-26 05:00,1350,57,2,5,8374.6,0.0,0.24,600.0,400.0
2026-02-26 06:00,1351,57,2,6,8698.5,0.078,0.176,600.0,400.0
2026-02-26 07:00,1352,57,2,7,9148.9,0.269,0.069,600.0,400.0
2026-02-26 08:00,1353,57,2,8,9931.8,0.314,0.116,600.0,400.0
2026-02-26 09:00,1354,57,2,9,10021.3,0.489,0.316,600.0,400.0
2026-02-26 10:00,1355,57,2,10,8821.8,0.64,0.419,600.0,400.0
2026-02-26 11:00,1356,57,2,11,7509.7,0.931,0.126,600.0,400.0
2026-02-26 12:00,1357,57,2,12,7187.9,0.673,0.272,600.0,400.0
2026-02-26 13:00,1358,57,2,13,7214.5,0.618,0.063,600.0,400.0
2026-02-26 14:00,1359,57,2,14,7364.8,0.742,0.198,600.0,400.0
2026-02-26 15:00,1360,57,2,15,8628.4,0.439,0.272,600.0,400.0
2026-02-26 16:00,1361,57,2,16,10007.6,0.328,0.418,600.0,400.0
2026-02-26 17:00,1362,57,2,17,10902.4,0.324,0.087,600.0,400.0
2026-02-26 18:00,1363,57,2,18,11337.0,0.092,0.477,600.0,400.0
2026-02-26 19:00,1364,57,2,19,11069.8,0.0,0.196,600.0,400.0
2026-02-26 20:00,1365,57,2,20,10725.3,0.0,0.474,600.0,400.0
2026-02-26 21:00,1366,57,2,21,9529.0,0.0,0.394,600.0,400.0
2026-02-26 22:00,1367,57,2,22,8648.8,0.0,0.257,600.0,400.0
2026-02-26 23:00,1368,57,2,23,7869.2,0.0,0.428,600.0,400.0
2026-02-27 00:00,1369,58,2,0,7373.8,0.0,0.196,600.0,400.0
2026-02-27 01:00,1370,58,2,1,7423.8,0.0,0.179,600.0,400.0
2026-02-27 02:00,1371,58,2,2,7661.6,0.0,0.089,600.0,400.0
2026-02-27 03:00,1372,58,2,3,8104.4,0.0,0.224,600.0,400.0
2026-02-27 04:00,1373,58,2,4,7808.2,0.0,0.1,600.0,400.0
2026-02-27 05:00,1374,58,2,5,8085.6,0.0,0.21,600.0,400.0
2026-02-27 06:00,1375,58,2,6,9051.7,0.042,0.03,600.0,400.0
2026-02-27 07:00,1376,58,2,7,9332.1,0.307,0.112,600.0,400.0
2026-02-27 08:00,1377,58,2,8,9664.6,0.502,0.417,600.0,400.0
2026-02-27 09:00,1378,58,2,9,9991.2,0.59,0.327,600.0,400.0
2026-02-27 10:00,1379,58,2,10,8741.1,0.729,0.144,600.0,400.0
2026-02-27 11:00,1380,58,2,11,8139.7,0.858,0.314,600.0,400.0
2026-02-27 12:00,1381,58,2,12,7306.8,0.41,0.309,600.0,400.0
2026-02-27 13:00,1382,58,2,13,6997.1,0.816,0.143,600.0,400.0
2026-02-27 14:00,1383,58,2,14,7870.5,0.682,0.229,600.0,400.0
2026-02-27 15:00,1384,58,2,15,8427.1,0.475,0.533,600.0,400.0
2026-02-27 16:00,1385,58,2,16,10055.3,0.491,0.42,600.0,400.0
2026-02-27 17:00,1386,58,2,17,10786.0,0.296,0.45,600.0,400.0
2026-02-27 18:00,1387,58,2,18,11456.8,0.058,0.357,600.0,400.0
2026-02-27 19:00,1388,58,2,19,11408.4,0.0,0.415,600.0,400.0
2026-02-27 20:00,1389,58,2,20,10474.9,0.0,0.34,600.0,400.0
2026-02-27 21:00,1390,58,2,21,9372.7,0.0,0.459,600.0,400.0
2026-02-27 22:00,1391,58,2,22,8668.8,0.0,0.446,600.0,400.0
2026-02-27 23:00,1392,58,2,23,7855.5,0.0,0.073,600.0,400.0
2026-02-28 00:00,1393,59,2,0,7265.5,0.0,0.365,600.0,400.0
2026-02-28 01:00,1394,59,2,1,7082.2,0.0,0.347,600.0,400.0
2026-02-28 02:00,1395,59,2,2,7122.0,0.0,0.093,600.0,400.0
2026-02-28 03:00,1396,59,2,3,7345.8,0.0,0.23,600.0,400.0
2026-02-28 04:00,1397,59,2,4,7287.7,0.0,0.438,600.0,400.0
2026-02-28 05:00,1398,59,2,5,7643.6,0.0,0.478,600.0,400.0
2026-02-28 06:00,1399,59,2,6,8430.5,0.115,0.329,600.0,400.0
2026-02-28 07:00,1400,59,2,7,8642.7,0.284,0.111,600.0,400.0
2026-02-28 08:00,1401,59,2,8,8957.4,0.454,0.181,600.0,400.0
2026-02-28 09:00,1402,59,2,9,9262.3,0.678,0.122,600.0,400.0
2026-02-28 10:00,1403,59,2,10,8460.3,0.621,0.276,600.0,400.0
2026-02-28 11:00,1404,59,2,11,7475.6,0.896,0.338,600.0,400.0
2026-02-28 12:00,1405,59,2,12,6923.1,0.792,0.425,600.0,400.0
2026-02-28 13:00,1406,59,2,13,6528.9,0.709,0.431,600.0,400.0
2026-02-28 14:00,1407,59,2,14,6835.5,0.559,0.113,600.0,400.0
2026-02-28 15:00,1408,59,2,15,8220.0,0.613,0.134,600.0,400.0
2026-02-28 16:00,1409,59,2,16,9224.9,0.354,0.554,600.0,400.0
2026-02-28 17:00,1410,59,2,17,9970.5,0.284,0.51,600.0,400.0
2026-02-28 18:00,1411,59,2,18,10688.6,0.1,0.31,600.0,400.0
2026-02-28 19:00,1412,59,2,19,10477.7,0.0,0.302,600.0,400.0
2026-02-28 20:00,1413,59,2,20,9822.8,0.0,0.361,600.0,400.0
2026-02-28 21:00,1414,59,2,21,9192.3,0.0,0.38,600.0,400.0
2026-02-28 22:00,1415,59,2,22,7911.0,0.0,0.218,600.0,400.0
2026-02-28 23:00,1416,59,2,23,7575.5,0.0,0.277,600.0,400.0
2026-03-01 00:00,1417,60,3,0,6899.5,0.0,0.359,600.0,400.0
2026-03-01 01:00,1418,60,3,1,7046.9,0.0,0.173,600.0,400.0
2026-03-01 02:00,1419,60,3,2,7365.2,0.0,0.819,600.0,400.0
2026-03-01 03:00,1420,60,3,3,7334.4,0.0,0.185,600.0,400.0
2026-03-01 04:00,1421,60,3,4,7523.1,0.0,0.266,600.0,400.0
2026-03-01 05:00,1422,60,3,5,7901.6,0.0,0.253,600.0,400.0
2026-03-01 06:00,1423,60,3,6,8108.3,0.112,0.211,600.0,400.0
2026-03-01 07:00,1424,60,3,7,8539.6,0.31,0.142,600.0,400.0
2026-03-01 08:00,1425,60,3,8,8881.8,0.257,0.238,600.0,400.0
2026-03-01 09:00,1426,60,3,9,8784.4,0.675,0.086,600.0,400.0
2026-03-01 10:00,1427,60,3,10,8521.0,0.785,0.192,600.0,400.0
2026-03-01 11:00,1428,60,3,11,7104.8,0.576,0.146,600.0,400.0
2026-03-01 12:00,1429,60,3,12,6648.9,0.737,0.113,600.0,400.0
2026-03-01 13:00,1430,60,3,13,6526.4,0.637,0.491,600.0,400.0
2026-03-01 14:00,1431,60,3,14,7033.6,0.771,0.36,600.0,400.0
2026-03-01 15:00,1432,60,3,15,8032.9,0.607,0.156,600.0,400.0
2026-03-01 16:00,1433,60,3,16,9338.3,0.462,0.614,600.0,400.0
2026-03-01 17:00,1434,60,3,17,9843.3,0.268,0.194,600.0,400.0
2026-03-01 18:00,1435,60,3,18,10377.6,0.087,0.209,600.0,400.0
2026-03-01 19:00,1436,60,3,19,10364.8,0.0,0.158,600.0,400.0
2026-03-01 20:00,1437,60,3,20,9643.9,0.0,0.453,600.0,400.0
2026-03-01 21:00,1438,60,3,21,9040.0,0.0,0.367,600.0,400.0
2026-03-01 22:00,1439,60,3,22,8032.7,0.0,0.102,600.0,400.0
2026-03-01 23:00,1440,60,3,23,7488.2,0.0,0.066,600.0,400.0
2026-03-02 00:00,1441,61,3,0,7392.0,0.0,0.32,600.0,400.0
2026-03-02 01:00,1442,61,3,1,7583.9,0.0,0.357,600.0,400.0
2026-03-02 02:00,1443,61,3,2,7538.8,0.0,0.429,600.0,400.0
2026-03-02 03:00,1444,61,3,3,7433.8,0.0,0.254,600.0,400.0
2026-03-02 04:00,1445,61,3,4,7893.2,0.0,0.313,600.0,400.0
2026-03-02 05:00,1446,61,3,5,8032.3,0.0,0.32,600.0,400.0
2026-03-02 06:00,1447,61,3,6,8516.7,0.091,0.263,600.0,400.0
2026-03-02 07:00,1448,61,3,7,9237.6,0.314,0.176,600.0,400.0
2026-03-02 08:00,1449,61,3,8,9742.2,0.289,0.102,600.0,400.0
2026-03-02 09:00,1450,61,3,9,9596.0,0.659,0.268,600.0,400.0
2026-03-02 10:00,1451,61,3,10,8651.8,0.476,0.323,600.0,400.0
2026-03-02 11:00,1452,61,3,11,7882.3,0.752,0.134,600.0,400.0
2026-03-02 12:00,1453,61,3,12,6998.6,0.746,0.246,600.0,400.0
2026-03-02 13:00,1454,61,3,13,7253.8,0.708,0.226,600.0,400.0
2026-03-02 14:00,1455,61,3,14,7380.3,0.514,0.164,600.0,400.0
2026-03-02 15:00,1456,61,3,15,8010.1,0.63,0.19,600.0,400.0
2026-03-02 16:00,1457,61,3,16,9829.5,0.35,0.196,600.0,400.0
2026-03-02 17:00,1458,61,3,17,10577.3,0.257,0.284,600.0,400.0
2026-03-02 18:00,1459,61,3,18,11239.9,0.054,0.279,600.0,400.0
2026-03-02 19:00,1460,61,3,19,11059.1,0.0,0.359,600.0,400.0
2026-03-02 20:00,1461,61,3,20,10249.0,0.0,0.132,600.0,400.0
2026-03-02 21:00,1462,61,3,21,9108.1,0.0,0.372,600.0,400.0
2026-03-02 22:00,1463,61,3,22,8382.4,0.0,0.064,600.0,400.0
2026-03-02 23:00,1464,61,3,23,7658.6,0.0,0.213,600.0,400.0
2026-03-03 00:00,1465,62,3,0,7138.6,0.0,0.307,600.0,400.0
2026-03-03 01:00,1466,62,3,1,7432.3,0.0,0.374,600.0,400.0
2026-03-03 02:00,1467,62,3,2,7715.6,0.0,0.397,600.0,400.0
2026-03-03 03:00,1468,62,3,3,7639.6,0.0,0.064,600.0,400.0
2026-03-03 04:00,1469,62,3,4,7569.8,0.0,0.261,600.0,400.0
2026-03-03 05:00,1470,62,3,5,8136.6,0.0,0.189,600.0,400.0
2026-03-03 06:00,1471,62,3,6,8719.0,0.074,0.292,600.0,400.0
2026-03-03 07:00,1472,62,3,7,8970.1,0.185,0.156,600.0,400.0
2026-03-03 08:00,1473,62,3,8,9444.6,0.523,0.301,600.0,400.0
2026-03-03 09:00,1474,62,3,9,9515.3,0.741,0.252,600.0,400.0
2026-03-03 10:00,1475,62,3,10,8396.1,0.845,0.333,600.0,400.0
2026-03-03 11:00,1476,62,3,11,7632.2,0.889,0.553,600.0,400.0
2026-03-03 12:00,1477,62,3,12,6859.1,0.445,0.447,600.0,400.0
2026-03-03 13:00,1478,62,3,13,6823.2,0.819,0.297,600.0,400.0
2026-03-03 14:00,1479,62,3,14,7067.1,0.293,0.485,600.0,400.0
2026-03-03 15:00,1480,62,3,15,8142.2,0.609,0.148,600.0,400.0
2026-03-03 16:00,1481,62,3,16,9746.5,0.516,0.082,600.0,400.0
2026-03-03 17:00,1482,62,3,17,10380.6,0.291,0.333,600.0,400.0
2026-03-03 18:00,1483,62,3,18,11236.1,0.107,0.725,600.0,400.0
2026-03-03 19:00,1484,62,3,19,10816.4,0.0,0.44,600.0,400.0
2026-03-03 20:00,1485,62,3,20,10239.1,0.0,0.247,600.0,400.0
2026-03-03 21:00,1486,62,3,21,9388.3,0.0,0.417,600.0,400.0
2026-03-03 22:00,1487,62,3,22,8127.4,0.0,0.085,600.0,400.0
2026-03-03 23:00,1488,62,3,23,7454.9,0.0,0.306,600.0,400.0
2026-03-04 00:00,1489,63,3,0,6932.2,0.0,0.196,600.0,400.0
2026-03-04 01:00,1490,63,3,1,7481.4,0.0,0.084,600.0,400.0
2026-03-04 02:00,1491,63,3,2,7297.8,0.0,0.182,600.0,400.0
2026-03-04 03:00,1492,63,3,3,7920.1,0.0,0.351,600.0,400.0
2026-03-04 04:00,1493,63,3,4,7601.9,0.0,0.265,600.0,400.0
2026-03-04 05:00,1494,63,3,5,8023.1,0.0,0.047,600.0,400.0
2026-03-04 06:00,1495,63,3,6,8699.7,0.108,0.199,600.0,400.0
2026-03-04 07:00,1496,63,3,7,9311.7,0.218,0.307,600.0,400.0
2026-03-04 08:00,1497,63,3,8,9716.8,0.496,0.445,600.0,400.0
2026-03-04 09:00,1498,63,3,9,9625.7,0.657,0.371,600.0,400.0
2026-03-04 10:00,1499,63,3,10,8603.7,0.579,0.03,600.0,400.0
2026-03-04 11:00,1500,63,3,11,7540.8,0.757,0.144,600.0,400.0
2026-03-04 12:00,1501,63,3,12,6920.2,0.905,0.147,600.0,400.0
2026-03-04 13:00,1502,63,3,13,6585.4,0.823,0.231,600.0,400.0
2026-03-04 14:00,1503,63,3,14,6996.4,0.646,0.336,600.0,400.0
2026-03-04 15:00,1504,63,3,15,8131.1,0.63,0.148,600.0,400.0
2026-03-04 16:00,1505,63,3,16,9524.7,0.364,0.562,600.0,400.0
2026-03-04 17:00,1506,63,3,17,10290.7,0.28,0.46,600.0,400.0
2026-03-04 18:00,1507,63,3,18,10996.6,0.086,0.292,600.0,400.0
2026-03-04 19:00,1508,63,3,19,10961.3,0.0,0.374,600.0,400.0
2026-03-04 20:00,1509,63,3,20,10148.3,0.0,0.355,600.0,400.0
2026-03-04 21:00,1510,63,3,21,9409.8,0.0,0.373,600.0,400.0
2026-03-04 22:00,1511,63,3,22,8109.4,0.0,0.539,600.0,400.0
2026-03-04 23:00,1512,63,3,23,7646.9,0.0,0.186,600.0,400.0
2026-03-05 00:00,1513,64,3,0,7005.9,0.0,0.39,600.0,400.0
2026-03-05 01:00,1514,64,3,1,6921.3,0.0,0.123,600.0,400.0
2026-03-05 02:00,1515,64,3,2,7309.9,0.0,0.262,600.0,400.0
2026-03-05 03:00,1516,64,3,3,7424.8,0.0,0.313,600.0,400.0
2026-03-05 04:00,1517,64,3,4,7864.6,0.0,0.037,600.0,400.0
2026-03-05 05:00,1518,64,3,5,8021.8,0.0,0.1,600.0,400.0
2026-03-05 06:00,1519,64,3,6,8213.6,0.113,0.088,600.0,400.0
2026-03-05 07:00,1520,64,3,7,9209.4,0.288,0.183,600.0,400.0
2026-03-05 08:00,1521,64,3,8,9502.5,0.388,0.257,600.0,400.0
2026-03-05 09:00,1522,64,3,9,9444.0,0.364,0.592,600.0,400.0
2026-03-05 10:00,1523,64,3,10,8320.9,0.749,0.15,600.0,400.0
2026-03-05 11:00,1524,64,3,11,7209.1,0.736,0.112,600.0,400.0
2026-03-05 12:00,1525,64,3,12,6652.5,0.603,0.219,600.0,400.0
2026-03-05 13:00,1526,64,3,13,6764.4,0.669,0.129,600.0,400.0
2026-03-05 14:00,1527,64,3,14,7346.1,0.586,0.057,600.0,400.0
2026-03-05 15:00,1528,64,3,15,8297.0,0.557,0.319,600.0,400.0
2026-03-05 16:00,1529,64,3,16,9393.8,0.233,0.522,600.0,400.0
2026-03-05 17:00,1530,64,3,17,10106.2,0.315,0.524,600.0,400.0
2026-03-05 18:00,1531,64,3,18,10832.2,0.113,0.134,600.0,400.0
2026-03-05 19:00,1532,64,3,19,10452.7,0.0,0.166,600.0,400.0
2026-03-05 20:00,1533,64,3,20,10116.2,0.0,0.332,600.0,400.0
2026-03-05 21:00,1534,64,3,21,9083.4,0.0,0.274,600.0,400.0
2026-03-05 22:00,1535,64,3,22,8154.5,0.0,0.428,600.0,400.0
2026-03-05 23:00,1536,64,3,23,7363.4,0.0,0.317,600.0,400.0
2026-03-06 00:00,1537,65,3,0,7146.4,0.0,0.057,600.0,400.0
2026-03-06 01:00,1538,65,3,1,7074.7,0.0,0.207,600.0,400.0
2026-03-06 02:00,1539,65,3,2,7072.3,0.0,0.492,600.0,400.0
2026-03-06 03:00,1540,65,3,3,6917.6,0.0,0.266,600.0,400.0
2026-03-06 04:00,1541,65,3,4,7547.7,0.0,0.369,600.0,400.0
2026-03-06 05:00,1542,65,3,5,8130.9,0.0,0.204,600.0,400.0
2026-03-06 06:00,1543,65,3,6,8567.0,0.108,0.286,600.0,400.0
2026-03-06 07:00,1544,65,3,7,8761.0,0.193,0.118,600.0,400.0
2026-03-06 08:00,1545,65,3,8,9130.0,0.447,0.298,600.0,400.0
2026-03-06 09:00,1546,65,3,9,9343.5,0.608,0.323,600.0,400.0
2026-03-06 10:00,1547,65,3,10,8113.9,0.52,0.088,600.0,400.0
2026-03-06 11:00,1548,65,3,11,7326.6,0.668,0.131,600.0,400.0
2026-03-06 12:00,1549,65,3,12,6750.1,0.777,0.235,600.0,400.0
2026-03-06 13:00,1550,65,3,13,6702.3,0.889,0.314,600.0,400.0
2026-03-06 14:00,1551,65,3,14,6945.0,0.823,0.332,600.0,400.0
2026-03-06 15:00,1552,65,3,15,7935.1,0.713,0.365,600.0,400.0
2026-03-06 16:00,1553,65,3,16,9250.8,0.42,0.406,600.0,400.0
2026-03-06 17:00,1554,65,3,17,10074.3,0.251,0.321,600.0,400.0
2026-03-06 18:00,1555,65,3,18,10697.2,0.098,0.363,600.0,400.0
2026-03-06 19:00,1556,65,3,19,10721.0,0.0,0.041,600.0,400.0
2026-03-06 20:00,1557,65,3,20,10140.2,0.0,0.178,600.0,400.0
2026-03-06 21:00,1558,65,3,21,8911.4,0.0,0.333,600.0,400.0
2026-03-06 22:00,1559,65,3,22,8404.3,0.0,0.454,600.0,400.0
2026-03-06 23:00,1560,65,3,23,7515.1,0.0,0.482,600.0,400.0
2026-03-07 00:00,1561,66,3,0,6554.6,0.0,0.414,600.0,400.0
2026-03-07 01:00,1562,66,3,1,6530.4,0.0,0.287,600.0,400.0
2026-03-07 02:00,1563,66,3,2,6357.5,0.0,0.195,600.0,400.0
2026-03-07 03:00,1564,66,3,3,6998.7,0.0,0.242,600.0,400.0
2026-03-07 04:00,1565,66,3,4,7139.5,0.0,0.032,600.0,400.0
2026-03-07 05:00,1566,66,3,5,7251.5,0.0,0.268,600.0,400.0
2026-03-07 06:00,1567,66,3,6,7727.6,0.062,0.08,600.0,400.0
2026-03-07 07:00,1568,66,3,7,8292.3,0.229,0.109,600.0,400.0
2026-03-07 08:00,1569,66,3,8,8322.8,0.493,0.258,600.0,400.0
2026-03-07 09:00,1570,66,3,9,8528.6,0.667,0.034,600.0,400.0
2026-03-07 10:00,1571,66,3,10,7826.3,0.832,0.25,600.0,400.0
2026-03-07 11:00,1572,66,3,11,6583.6,0.78,0.283,600.0,400.0
2026-03-07 12:00,1573,66,3,12,6232.8,0.82,0.364,600.0,400.0
2026-03-07 13:00,1574,66,3,13,5856.6,0.63,0.088,600.0,400.0
2026-03-07 14:00,1575,66,3,14,6566.2,0.379,0.03,600.0,400.0
2026-03-07 15:00,1576,66,3,15,7410.8,0.542,0.416,600.0,400.0
2026-03-07 16:00,1577,66,3,16,8466.0,0.432,0.219,600.0,400.0
2026-03-07 17:00,1578,66,3,17,9658.8,0.258,0.55,600.0,400.0
2026-03-07 18:00,1579,66,3,18,9837.0,0.102,0.183,600.0,400.0
2026-03-07 19:00,1580,66,3,19,9756.5,0.0,0.374,600.0,400.0
2026-03-07 20:00,1581,66,3,20,9300.3,0.0,0.143,600.0,400.0
2026-03-07 21:00,1582,66,3,21,8570.7,0.0,0.29,600.0,400.0
2026-03-07 22:00,1583,66,3,22,7416.3,0.0,0.561,600.0,400.0
2026-03-07 23:00,1584,66,3,23,7026.5,0.0,0.368,600.0,400.0
2026-03-08 00:00,1585,67,3,0,6569.3,0.0,0.393,600.0,400.0
2026-03-08 01:00,1586,67,3,1,6699.8,0.0,0.182,600.0,400.0
2026-03-08 02:00,1587,67,3,2,6708.8,0.0,0.516,600.0,400.0
2026-03-08 03:00,1588,67,3,3,6730.3,0.0,0.308,600.0,400.0
2026-03-08 04:00,1589,67,3,4,6817.5,0.0,0.104,600.0,400.0
2026-03-08 05:00,1590,67,3,5,7235.5,0.0,0.039,600.0,400.0
2026-03-08 06:00,1591,67,3,6,7467.8,0.103,0.038,600.0,400.0
2026-03-08 07:00,1592,67,3,7,7662.3,0.289,0.065,600.0,400.0
2026-03-08 08:00,1593,67,3,8,8560.5,0.315,0.397,600.0,400.0
2026-03-08 09:00,1594,67,3,9,8674.1,0.616,0.178,600.0,400.0
2026-03-08 10:00,1595,67,3,10,7236.1,0.757,0.164,600.0,400.0
2026-03-08 11:00,1596,67,3,11,6537.0,0.809,0.209,600.0,400.0
2026-03-08 12:00,1597,67,3,12,6198.9,0.734,0.217,600.0,400.0
2026-03-08 13:00,1598,67,3,13,6317.1,0.677,0.168,600.0,400.0
2026-03-08 14:00,1599,67,3,14,6409.9,0.556,0.108,600.0,400.0
2026-03-08 15:00,1600,67,3,15,7216.2,0.433,0.124,600.0,400.0
2026-03-08 16:00,1601,67,3,16,8613.0,0.518,0.35,600.0,400.0
2026-03-08 17:00,1602,67,3,17,9612.4,0.336,0.274,600.0,400.0
2026-03-08 18:00,1603,67,3,18,9773.6,0.064,0.584,600.0,400.0
2026-03-08 19:00,1604,67,3,19,9683.5,0.0,0.317,600.0,400.0
2026-03-08 20:00,1605,67,3,20,9119.4,0.0,0.338,600.0,400.0
2026-03-08 21:00,1606,67,3,21,8166.1,0.0,0.631,600.0,400.0
2026-03-08 22:00,1607,67,3,22,7533.7,0.0,0.329,600.0,400.0
2026-03-08 23:00,1608,67,3,23,7215.5,0.0,0.32,600.0,400.0
2026-03-09 00:00,1609,68,3,0,6944.0,0.0,0.25,600.0,400.0
2026-03-09 01:00,1610,68,3,1,6936.4,0.0,0.386,600.0,400.0
2026-03-09 02:00,1611,68,3,2,7018.6,0.0,0.237,600.0,400.0
2026-03-09 03:00,1612,68,3,3,6922.3,0.0,0.295,600.0,400.0
2026-03-09 04:00,1613,68,3,4,7478.5,0.0,0.23,600.0,400.0
2026-03-09 05:00,1614,68,3,5,7610.6,0.0,0.245,600.0,400.0
2026-03-09 06:00,1615,68,3,6,8039.6,0.111,0.352,600.0,400.0
2026-03-09 07:00,1616,68,3,7,9104.9,0.317,0.195,600.0,400.0
2026-03-09 08:00,1617,68,3,8,9027.8,0.452,0.137,600.0,400.0
2026-03-09 09:00,1618,68,3,9,8896.9,0.239,0.242,600.0,400.0
2026-03-09 10:00,1619,68,3,10,7950.5,0.523,0.438,600.0,400.0
2026-03-09 11:00,1620,68,3,11,7205.0,0.732,0.304,600.0,400.0
2026-03-09 12:00,1621,68,3,12,6387.8,0.872,0.183,600.0,400.0
2026-03-09 13:00,1622,68,3,13,6018.7,0.596,0.55,600.0,400.0
2026-03-09 14:00,1623,68,3,14,6853.2,0.679,0.218,600.0,400.0
2026-03-09 15:00,1624,68,3,15,7609.5,0.609,0.681,600.0,400.0
2026-03-09 16:00,1625,68,3,16,9444.6,0.507,0.175,600.0,400.0
2026-03-09 17:00,1626,68,3,17,10139.3,0.234,0.95,600.0,400.0
2026-03-09 18:00,1627,68,3,18,10429.1,0.106,0.117,600.0,400.0
2026-03-09 19:00,1628,68,3,19,10642.9,0.0,0.442,600.0,400.0
2026-03-09 20:00,1629,68,3,20,9790.0,0.0,0.461,600.0,400.0
2026-03-09 21:00,1630,68,3,21,8971.5,0.0,0.423,600.0,400.0
2026-03-09 22:00,1631,68,3,22,8048.8,0.0,0.474,600.0,400.0
2026-03-09 23:00,1632,68,3,23,7239.9,0.0,0.306,600.0,400.0
2026-03-10 00:00,1633,69,3,0,6731.3,0.0,0.092,600.0,400.0
2026-03-10 01:00,1634,69,3,1,7079.7,0.0,0.236,600.0,400.0
2026-03-10 02:00,1635,69,3,2,6946.2,0.0,0.334,600.0,400.0
2026-03-10 03:00,1636,69,3,3,7038.6,0.0,0.318,600.0,400.0
2026-03-10 04:00,1637,69,3,4,7111.8,0.0,0.143,600.0,400.0
2026-03-10 05:00,1638,69,3,5,7615.1,0.0,0.156,600.0,400.0
2026-03-10 06:00,1639,69,3,6,8319.9,0.096,0.222,600.0,400.0
2026-03-10 07:00,1640,69,3,7,8342.1,0.229,0.298,600.0,400.0
2026-03-10 08:00,1641,69,3,8,8900.6,0.45,0.354,600.0,400.0
2026-03-10 09:00,1642,69,3,9,9158.2,0.739,0.084,600.0,400.0
2026-03-10 10:00,1643,69,3,10,7919.8,0.758,0.424,600.0,400.0
2026-03-10 11:00,1644,69,3,11,7006.7,0.741,0.444,600.0,400.0
2026-03-10 12:00,1645,69,3,12,6112.6,0.67,0.03,600.0,400.0
2026-03-10 13:00,1646,69,3,13,6230.5,0.626,0.264,600.0,400.0
2026-03-10 14:00,1647,69,3,14,6590.0,0.733,0.311,600.0,400.0
2026-03-10 15:00,1648,69,3,15,7789.2,0.507,0.314,600.0,400.0
2026-03-10 16:00,1649,69,3,16,9251.6,0.517,0.357,600.0,400.0
2026-03-10 17:00,1650,69,3,17,10299.7,0.33,0.32,600.0,400.0
2026-03-10 18:00,1651,69,3,18,10514.8,0.107,0.236,600.0,400.0
2026-03-10 19:00,1652,69,3,19,10414.3,0.0,0.133,600.0,400.0
2026-03-10 20:00,1653,69,3,20,9737.7,0.0,0.2,600.0,400.0
2026-03-10 21:00,1654,69,3,21,8709.4,0.0,0.458,600.0,400.0
2026-03-10 22:00,1655,69,3,22,7959.8,0.0,0.212,600.0,400.0
2026-03-10 23:00,1656,69,3,23,7266.2,0.0,0.498,600.0,400.0
2026-03-11 00:00,1657,70,3,0,6802.8,0.0,0.267,600.0,400.0
2026-03-11 01:00,1658,70,3,1,7063.6,0.0,0.259,600.0,400.0
2026-03-11 02:00,1659,70,3,2,6772.8,0.0,0.462,600.0,400.0
2026-03-11 03:00,1660,70,3,3,7216.1,0.0,0.158,600.0,400.0
2026-03-11 04:00,1661,70,3,4,7402.4,0.0,0.14,600.0,400.0
2026-03-11 05:00,1662,70,3,5,7452.3,0.0,0.557,600.0,400.0
2026-03-11 06:00,1663,70,3,6,7571.4,0.052,0.239,600.0,400.0
2026-03-11 07:00,1664,70,3,7,8334.1,0.284,0.125,600.0,400.0
2026-03-11 08:00,1665,70,3,8,9020.7,0.518,0.115,600.0,400.0
2026-03-11 09:00,1666,70,3,9,8843.3,0.557,0.363,600.0,400.0
2026-03-11 10:00,1667,70,3,10,7686.1,0.745,0.258,600.0,400.0
2026-03-11 11:00,1668,70,3,11,6766.3,0.715,0.103,600.0,400.0
2026-03-11 12:00,1669,70,3,12,6329.5,0.893,0.428,600.0,400.0
2026-03-11 13:00,1670,70,3,13,6162.1,0.816,0.242,600.0,400.0
2026-03-11 14:00,1671,70,3,14,6495.2,0.776,0.678,600.0,400.0
2026-03-11 15:00,1672,70,3,15,7487.5,0.588,0.206,600.0,400.0
2026-03-11 16:00,1673,70,3,16,8915.3,0.396,0.319,600.0,400.0
2026-03-11 17:00,1674,70,3,17,9656.3,0.275,0.172,600.0,400.0
2026-03-11 18:00,1675,70,3,18,10601.6,0.101,0.301,600.0,400.0
2026-03-11 19:00,1676,70,3,19,10234.5,0.0,0.182,600.0,400.0
2026-03-11 20:00,1677,70,3,20,9828.4,0.0,0.248,600.0,400.0
2026-03-11 21:00,1678,70,3,21,8939.8,0.0,0.229,600.0,400.0
2026-03-11 22:00,1679,70,3,22,7999.5,0.0,0.231,600.0,400.0
2026-03-11 23:00,1680,70,3,23,7182.3,0.0,0.689,600.0,400.0
2026-03-12 00:00,1681,71,3,0,6781.9,0.0,0.078,600.0,400.0
2026-03-12 01:00,1682,71,3,1,6786.5,0.0,0.291,600.0,400.0
2026-03-12 02:00,1683,71,3,2,6723.1,0.0,0.329,600.0,400.0
2026-03-12 03:00,1684,71,3,3,7015.8,0.0,0.324,600.0,400.0
2026-03-12 04:00,1685,71,3,4,6929.8,0.0,0.347,600.0,400.0
2026-03-12 05:00,1686,71,3,5,7584.9,0.0,0.333,600.0,400.0
2026-03-12 06:00,1687,71,3,6,7757.3,0.053,0.463,600.0,400.0
2026-03-12 07:00,1688,71,3,7,8381.8,0.324,0.309,600.0,400.0
2026-03-12 08:00,1689,71,3,8,8774.5,0.539,0.338,600.0,400.0
2026-03-12 09:00,1690,71,3,9,8719.9,0.7,0.23,600.0,400.0
2026-03-12 10:00,1691,71,3,10,7853.0,0.784,0.278,600.0,400.0
2026-03-12 11:00,1692,71,3,11,6683.5,0.629,0.229,600.0,400.0
2026-03-12 12:00,1693,71,3,12,6246.6,0.726,0.172,600.0,400.0
2026-03-12 13:00,1694,71,3,13,5771.7,0.638,0.196,600.0,400.0
2026-03-12 14:00,1695,71,3,14,6466.8,0.753,0.225,600.0,400.0
2026-03-12 15:00,1696,71,3,15,7770.8,0.602,0.229,600.0,400.0
2026-03-12 16:00,1697,71,3,16,8734.0,0.443,0.321,600.0,400.0
2026-03-12 17:00,1698,71,3,17,9613.7,0.279,0.209,600.0,400.0
2026-03-12 18:00,1699,71,3,18,10346.1,0.079,0.336,600.0,400.0
2026-03-12 19:00,1700,71,3,19,10238.4,0.0,0.613,600.0,400.0
2026-03-12 20:00,1701,71,3,20,9616.5,0.0,0.293,600.0,400.0
2026-03-12 21:00,1702,71,3,21,8704.9,0.0,0.206,600.0,400.0
2026-03-12 22:00,1703,71,3,22,7875.2,0.0,0.26,600.0,400.0
2026-03-12 23:00,1704,71,3,23,7366.5,0.0,0.54,600.0,400.0
2026-03-13 00:00,1705,72,3,0,6724.2,0.0,0.6,600.0,400.0
2026-03-13 01:00,1706,72,3,1,6689.2,0.0,0.504,600.0,400.0
2026-03-13 02:00,1707,72,3,2,6909.0,0.0,0.197,600.0,400.0
2026-03-13 03:00,1708,72,3,3,7197.9,0.0,0.222,600.0,400.0
2026-03-13 04:00,1709,72,3,4,7023.8,0.0,0.549,600.0,400.0
2026-03-13 05:00,1710,72,3,5,7162.3,0.0,0.179,600.0,400.0
2026-03-13 06:00,1711,72,3,6,7929.3,0.074,0.109,600.0,400.0
2026-03-13 07:00,1712,72,3,7,8248.3,0.324,0.155,600.0,400.0
2026-03-13 08:00,1713,72,3,8,8297.4,0.423,0.461,600.0,400.0
2026-03-13 09:00,1714,72,3,9,8811.1,0.669,0.195,600.0,400.0
2026-03-13 10:00,1715,72,3,10,7586.4,0.774,0.434,600.0,400.0
2026-03-13 11:00,1716,72,3,11,6657.1,0.752,0.098,600.0,400.0
2026-03-13 12:00,1717,72,3,12,6072.2,0.767,0.352,600.0,400.0
2026-03-13 13:00,1718,72,3,13,5929.7,0.887,0.103,600.0,400.0
2026-03-13 14:00,1719,72,3,14,6473.0,0.575,0.16,600.0,400.0
2026-03-13 15:00,1720,72,3,15,7305.0,0.529,0.341,600.0,400.0
2026-03-13 16:00,1721,72,3,16,8892.0,0.36,0.279,600.0,400.0
2026-03-13 17:00,1722,72,3,17,9598.6,0.321,0.397,600.0,400.0
2026-03-13 18:00,1723,72,3,18,10302.6,0.094,0.721,600.0,400.0
2026-03-13 19:00,1724,72,3,19,10231.5,0.0,0.099,600.0,400.0
2026-03-13 20:00,1725,72,3,20,9337.3,0.0,0.191,600.0,400.0
2026-03-13 21:00,1726,72,3,21,8730.4,0.0,0.402,600.0,400.0
2026-03-13 22:00,1727,72,3,22,7621.5,0.0,0.577,600.0,400.0
2026-03-13 23:00,1728,72,3,23,7255.7,0.0,0.474,600.0,400.0
2026-03-14 00:00,1729,73,3,0,6209.3,0.0,0.292,600.0,400.0
2026-03-14 01:00,1730,73,3,1,6509.9,0.0,0.404,600.0,400.0
2026-03-14 02:00,1731,73,3,2,6249.3,0.0,0.165,600.0,400.0
2026-03-14 03:00,1732,73,3,3,6315.9,0.0,0.041,600.0,400.0
2026-03-14 04:00,1733,73,3,4,6509.1,0.0,0.272,600.0,400.0
2026-03-14 05:00,1734,73,3,5,6716.4,0.0,0.359,600.0,400.0
2026-03-14 06:00,1735,73,3,6,7293.3,0.116,0.206,600.0,400.0
2026-03-14 07:00,1736,73,3,7,7381.9,0.301,0.242,600.0,400.0
2026-03-14 08:00,1737,73,3,8,7820.1,0.551,0.195,600.0,400.0
2026-03-14 09:00,1738,73,3,9,7846.6,0.624,0.225,600.0,400.0
2026-03-14 10:00,1739,73,3,10,7246.8,0.298,0.388,600.0,400.0
2026-03-14 11:00,1740,73,3,11,6448.4,0.709,0.229,600.0,400.0
2026-03-14 12:00,1741,73,3,12,5557.7,0.757,0.03,600.0,400.0
2026-03-14 13:00,1742,73,3,13,5437.1,0.476,0.391,600.0,400.0
2026-03-14 14:00,1743,73,3,14,5898.4,0.453,0.324,600.0,400.0
2026-03-14 15:00,1744,73,3,15,7006.6,0.601,0.396,600.0,400.0
2026-03-14 16:00,1745,73,3,16,7992.0,0.27,0.544,600.0,400.0
2026-03-14 17:00,1746,73,3,17,8941.4,0.313,0.226,600.0,400.0
2026-03-14 18:00,1747,73,3,18,9558.9,0.097,0.329,600.0,400.0
2026-03-14 19:00,1748,73,3,19,9434.7,0.0,0.383,600.0,400.0
2026-03-14 20:00,1749,73,3,20,8789.1,0.0,0.266,600.0,400.0
2026-03-14 21:00,1750,73,3,21,8061.6,0.0,0.536,600.0,400.0
2026-03-14 22:00,1751,73,3,22,6686.0,0.0,0.425,600.0,400.0
2026-03-14 23:00,1752,73,3,23,6690.9,0.0,0.433,600.0,400.0
2026-03-15 00:00,1753,74,3,0,5987.1,0.0,0.463,600.0,400.0
2026-03-15 01:00,1754,74,3,1,5860.3,0.0,0.196,600.0,400.0
2026-03-15 02:00,1755,74,3,2,6300.4,0.0,0.383,600.0,400.0
2026-03-15 03:00,1756,74,3,3,6521.5,0.0,0.377,600.0,400.0
2026-03-15 04:00,1757,74,3,4,6416.7,0.0,0.395,600.0,400.0
2026-03-15 05:00,1758,74,3,5,6840.6,0.0,0.232,600.0,400.0
2026-03-15 06:00,1759,74,3,6,7343.7,0.108,0.228,600.0,400.0
2026-03-15 07:00,1760,74,3,7,7768.8,0.225,0.089,600.0,400.0
2026-03-15 08:00,1761,74,3,8,8166.9,0.331,0.354,600.0,400.0
2026-03-15 09:00,1762,74,3,9,8050.2,0.583,0.231,600.0,400.0
2026-03-15 10:00,1763,74,3,10,7019.7,0.601,0.257,600.0,400.0
2026-03-15 11:00,1764,74,3,11,5830.4,0.68,0.106,600.0,400.0
2026-03-15 12:00,1765,74,3,12,5446.9,0.943,0.284,600.0,400.0
2026-03-15 13:00,1766,74,3,13,5241.2,0.752,0.07,600.0,400.0
2026-03-15 14:00,1767,74,3,14,6147.4,0.668,0.517,600.0,400.0
2026-03-15 15:00,1768,74,3,15,6706.6,0.708,0.483,600.0,400.0
2026-03-15 16:00,1769,74,3,16,8075.9,0.466,0.176,600.0,400.0
2026-03-15 17:00,1770,74,3,17,8909.4,0.257,0.361,600.0,400.0
2026-03-15 18:00,1771,74,3,18,9330.3,0.064,0.376,600.0,400.0
2026-03-15 19:00,1772,74,3,19,9549.0,0.0,0.501,600.0,400.0
2026-03-15 20:00,1773,74,3,20,8585.7,0.0,0.472,600.0,400.0
2026-03-15 21:00,1774,74,3,21,7862.5,0.0,0.855,600.0,400.0
2026-03-15 22:00,1775,74,3,22,6933.3,0.0,0.262,600.0,400.0
2026-03-15 23:00,1776,74,3,23,6308.7,0.0,0.145,600.0,400.0
2026-03-16 00:00,1777,75,3,0,6384.4,0.0,0.338,600.0,400.0
2026-03-16 01:00,1778,75,3,1,6534.1,0.0,0.415,600.0,400.0
2026-03-16 02:00,1779,75,3,2,6533.5,0.0,0.196,600.0,400.0
2026-03-16 03:00,1780,75,3,3,6573.1,0.0,0.167,600.0,400.0
2026-03-16 04:00,1781,75,3,4,6599.6,0.0,0.371,600.0,400.0
2026-03-16 05:00,1782,75,3,5,7075.0,0.0,0.329,600.0,400.0
2026-03-16 06:00,1783,75,3,6,7272.8,0.109,0.133,600.0,400.0
2026-03-16 07:00,1784,75,3,7,8142.9,0.297,0.368,600.0,400.0
2026-03-16 08:00,1785,75,3,8,8405.6,0.428,0.104,600.0,400.0
2026-03-16 09:00,1786,75,3,9,8184.5,0.515,0.094,600.0,400.0
2026-03-16 10:00,1787,75,3,10,7361.2,0.474,0.181,600.0,400.0
2026-03-16 11:00,1788,75,3,11,6287.6,0.88,0.406,600.0,400.0
2026-03-16 12:00,1789,75,3,12,5805.7,0.599,0.32,600.0,400.0
2026-03-16 13:00,1790,75,3,13,5850.0,0.716,0.225,600.0,400.0
2026-03-16 14:00,1791,75,3,14,5798.0,0.675,0.142,600.0,400.0
2026-03-16 15:00,1792,75,3,15,7135.4,0.512,0.387,600.0,400.0
2026-03-16 16:00,1793,75,3,16,8531.7,0.456,0.35,600.0,400.0
2026-03-16 17:00,1794,75,3,17,9501.3,0.322,0.768,600.0,400.0
2026-03-16 18:00,1795,75,3,18,9979.8,0.116,0.466,600.0,400.0
2026-03-16 19:00,1796,75,3,19,9782.8,0.0,0.138,600.0,400.0
2026-03-16 20:00,1797,75,3,20,9215.6,0.0,0.454,600.0,400.0
2026-03-16 21:00,1798,75,3,21,8219.2,0.0,0.223,600.0,400.0
2026-03-16 22:00,1799,75,3,22,7680.3,0.0,0.686,600.0,400.0
2026-03-16 23:00,1800,75,3,23,6942.0,0.0,0.058,600.0,400.0
2026-03-17 00:00,1801,76,3,0,6727.9,0.0,0.196,600.0,400.0
2026-03-17 01:00,1802,76,3,1,6467.9,0.0,0.292,600.0,400.0
2026-03-17 02:00,1803,76,3,2,6422.8,0.0,0.101,600.0,400.0
2026-03-17 03:00,1804,76,3,3,6372.0,0.0,0.207,600.0,400.0
2026-03-17 04:00,1805,76,3,4,6463.0,0.0,0.247,600.0,400.0
2026-03-17 05:00,1806,76,3,5,6758.5,0.0,0.219,600.0,400.0
2026-03-17 06:00,1807,76,3,6,7477.0,0.086,0.214,600.0,400.0
2026-03-17 07:00,1808,76,3,7,8021.0,0.222,0.375,600.0,400.0
2026-03-17 08:00,1809,76,3,8,8055.5,0.488,0.22,600.0,400.0
2026-03-17 09:00,1810,76,3,9,8475.4,0.636,0.431,600.0,400.0
2026-03-17 10:00,1811,76,3,10,7246.5,0.499,0.113,600.0,400.0
2026-03-17 11:00,1812,76,3,11,6343.8,0.803,0.165,600.0,400.0
2026-03-17 12:00,1813,76,3,12,5924.8,0.896,0.304,600.0,400.0
2026-03-17 13:00,1814,76,3,13,5691.5,0.805,0.185,600.0,400.0
2026-03-17 14:00,1815,76,3,14,5968.3,0.528,0.22,600.0,400.0
2026-03-17 15:00,1816,76,3,15,6888.8,0.65,0.519,600.0,400.0
2026-03-17 16:00,1817,76,3,16,8129.1,0.468,0.323,600.0,400.0
2026-03-17 17:00,1818,76,3,17,9197.0,0.254,0.247,600.0,400.0
2026-03-17 18:00,1819,76,3,18,9832.7,0.084,0.474,600.0,400.0
2026-03-17 19:00,1820,76,3,19,9668.8,0.0,0.115,600.0,400.0
2026-03-17 20:00,1821,76,3,20,9172.5,0.0,0.366,600.0,400.0
2026-03-17 21:00,1822,76,3,21,8289.1,0.0,0.136,600.0,400.0
2026-03-17 22:00,1823,76,3,22,7406.1,0.0,0.179,600.0,400.0
2026-03-17 23:00,1824,76,3,23,6772.2,0.0,0.103,600.0,400.0
2026-03-18 00:00,1825,77,3,0,6392.4,0.0,0.545,600.0,400.0
2026-03-18 01:00,1826,77,3,1,6486.3,0.0,0.083,600.0,400.0
2026-03-18 02:00,1827,77,3,2,6295.8,0.0,0.283,600.0,400.0
2026-03-18 03:00,1828,77,3,3,6770.5,0.0,0.163,600.0,400.0
2026-03-18 04:00,1829,77,3,4,6662.8,0.0,0.209,600.0,400.0
2026-03-18 05:00,1830,77,3,5,6938.9,0.0,0.234,600.0,400.0
2026-03-18 06:00,1831,77,3,6,7468.7,0.108,0.211,600.0,400.0
2026-03-18 07:00,1832,77,3,7,7895.5,0.277,0.306,600.0,400.0
2026-03-18 08:00,1833,77,3,8,8377.5,0.346,0.397,600.0,400.0
2026-03-18 09:00,1834,77,3,9,8292.9,0.564,0.161,600.0,400.0
2026-03-18 10:00,1835,77,3,10,7139.4,0.473,0.046,600.0,400.0
2026-03-18 11:00,1836,77,3,11,6291.0,0.77,0.412,600.0,400.0
2026-03-18 12:00,1837,77,3,12,5396.4,0.937,0.561,600.0,400.0
2026-03-18 13:00,1838,77,3,13,5478.1,0.661,0.238,600.0,400.0
2026-03-18 14:00,1839,77,3,14,5919.5,0.716,0.26,600.0,400.0
2026-03-18 15:00,1840,77,3,15,6912.9,0.605,0.144,600.0,400.0
2026-03-18 16:00,1841,77,3,16,8369.3,0.517,0.296,600.0,400.0
2026-03-18 17:00,1842,77,3,17,8929.6,0.278,0.234,600.0,400.0
2026-03-18 18:00,1843,77,3,18,9699.8,0.107,0.855,600.0,400.0
2026-03-18 19:00,1844,77,3,19,9765.6,0.0,0.187,600.0,400.0
2026-03-18 20:00,1845,77,3,20,9146.2,0.0,0.281,600.0,400.0
2026-03-18 21:00,1846,77,3,21,8043.0,0.0,0.39,600.0,400.0
2026-03-18 22:00,1847,77,3,22,7578.7,0.0,0.259,600.0,400.0
2026-03-18 23:00,1848,77,3,23,6675.5,0.0,0.308,600.0,400.0
2026-03-19 00:00,1849,78,3,0,6462.6,0.0,0.674,600.0,400.0
2026-03-19 01:00,1850,78,3,1,6422.2,0.0,0.296,600.0,400.0
2026-03-19 02:00,1851,78,3,2,6301.4,0.0,0.502,600.0,400.0
2026-03-19 03:00,1852,78,3,3,6759.7,0.0,0.071,600.0,400.0
2026-03-19 04:00,1853,78,3,4,6415.2,0.0,0.111,600.0,400.0
2026-03-19 05:00,1854,78,3,5,7007.4,0.0,0.465,600.0,400.0
2026-03-19 06:00,1855,78,3,6,7437.0,0.097,0.105,600.0,400.0
2026-03-19 07:00,1856,78,3,7,7669.9,0.313,0.301,600.0,400.0
2026-03-19 08:00,1857,78,3,8,8364.7,0.45,0.202,600.0,400.0
2026-03-19 09:00,1858,78,3,9,8122.2,0.548,0.193,600.0,400.0
2026-03-19 10:00,1859,78,3,10,7197.6,0.729,0.279,600.0,400.0
2026-03-19 11:00,1860,78,3,11,6188.1,0.493,0.318,600.0,400.0
2026-03-19 12:00,1861,78,3,12,5471.0,0.846,0.472,600.0,400.0
2026-03-19 13:00,1862,78,3,13,5503.8,0.828,0.175,600.0,400.0
2026-03-19 14:00,1863,78,3,14,5965.8,0.674,0.36,600.0,400.0
2026-03-19 15:00,1864,78,3,15,6581.7,0.527,0.23,600.0,400.0
2026-03-19 16:00,1865,78,3,16,8515.5,0.525,0.408,600.0,400.0
2026-03-19 17:00,1866,78,3,17,8883.7,0.231,0.155,600.0,400.0
2026-03-19 18:00,1867,78,3,18,9874.3,0.065,0.309,600.0,400.0
2026-03-19 19:00,1868,78,3,19,9855.4,0.0,0.186,600.0,400.0
2026-03-19 20:00,1869,78,3,20,8873.6,0.0,0.262,600.0,400.0
2026-03-19 21:00,1870,78,3,21,8072.6,0.0,0.443,600.0,400.0
2026-03-19 22:00,1871,78,3,22,7133.9,0.0,0.208,600.0,400.0
2026-03-19 23:00,1872,78,3,23,6718.0,0.0,0.406,600.0,400.0
2026-03-20 00:00,1873,79,3,0,6200.7,0.0,0.305,600.0,400.0
2026-03-20 01:00,1874,79,3,1,6417.3,0.0,0.114,600.0,400.0
2026-03-20 02:00,1875,79,3,2,6549.5,0.0,0.235,600.0,400.0
2026-03-20 03:00,1876,79,3,3,6630.5,0.0,0.437,600.0,400.0
2026-03-20 04:00,1877,79,3,4,6444.3,0.0,0.606,600.0,400.0
2026-03-20 05:00,1878,79,3,5,6751.8,0.0,0.194,600.0,400.0
2026-03-20 06:00,1879,79,3,6,6929.7,0.087,0.069,600.0,400.0
2026-03-20 07:00,1880,79,3,7,7567.9,0.23,0.103,600.0,400.0
2026-03-20 08:00,1881,79,3,8,8213.9,0.391,0.321,600.0,400.0
2026-03-20 09:00,1882,79,3,9,8336.6,0.435,0.271,600.0,400.0
2026-03-20 10:00,1883,79,3,10,6868.7,0.786,0.16,600.0,400.0
2026-03-20 11:00,1884,79,3,11,5965.7,0.713,0.201,600.0,400.0
2026-03-20 12:00,1885,79,3,12,5402.0,0.639,0.376,600.0,400.0
2026-03-20 13:00,1886,79,3,13,5332.9,0.836,0.231,600.0,400.0
2026-03-20 14:00,1887,79,3,14,5624.0,0.575,0.389,600.0,400.0
2026-03-20 15:00,1888,79,3,15,6845.2,0.63,0.211,600.0,400.0
2026-03-20 16:00,1889,79,3,16,8148.6,0.333,0.412,600.0,400.0
2026-03-20 17:00,1890,79,3,17,9067.1,0.264,0.304,600.0,400.0
2026-03-20 18:00,1891,79,3,18,9718.7,0.087,0.349,600.0,400.0
2026-03-20 19:00,1892,79,3,19,9601.1,0.0,0.381,600.0,400.0
2026-03-20 20:00,1893,79,3,20,8906.5,0.0,0.313,600.0,400.0
2026-03-20 21:00,1894,79,3,21,8052.3,0.0,0.319,600.0,400.0
2026-03-20 22:00,1895,79,3,22,7231.7,0.0,0.223,600.0,400.0
2026-03-20 23:00,1896,79,3,23,6631.9,0.0,0.756,600.0,400.0
2026-03-21 00:00,1897,80,3,0,5702.3,0.0,0.55,600.0,400.0
2026-03-21 01:00,1898,80,3,1,6038.3,0.0,0.303,600.0,400.0
2026-03-21 02:00,1899,80,3,2,5915.4,0.0,0.067,600.0,400.0
2026-03-21 03:00,1900,80,3,3,5839.9,0.0,0.139,600.0,400.0
2026-03-21 04:00,1901,80,3,4,6115.2,0.0,0.403,600.0,400.0
2026-03-21 05:00,1902,80,3,5,6180.9,0.0,0.448,600.0,400.0
2026-03-21 06:00,1903,80,3,6,6802.4,0.11,0.118,600.0,400.0
2026-03-21 07:00,1904,80,3,7,7131.6,0.266,0.3,600.0,400.0
2026-03-21 08:00,1905,80,3,8,7388.7,0.475,0.257,600.0,400.0
2026-03-21 09:00,1906,80,3,9,7494.4,0.534,0.162,600.0,400.0
2026-03-21 10:00,1907,80,3,10,6240.3,0.404,0.207,600.0,400.0
2026-03-21 11:00,1908,80,3,11,5386.0,0.727,0.297,600.0,400.0
2026-03-21 12:00,1909,80,3,12,5100.0,0.843,0.102,600.0,400.0
2026-03-21 13:00,1910,80,3,13,5100.0,0.806,0.148,600.0,400.0
2026-03-21 14:00,1911,80,3,14,5561.2,0.774,0.066,600.0,400.0
2026-03-21 15:00,1912,80,3,15,6583.1,0.432,0.52,600.0,400.0
2026-03-21 16:00,1913,80,3,16,7659.6,0.412,0.338,600.0,400.0
2026-03-21 17:00,1914,80,3,17,8415.3,0.338,0.329,600.0,400.0
2026-03-21 18:00,1915,80,3,18,8564.2,0.086,0.43,600.0,400.0
2026-03-21 19:00,1916,80,3,19,8737.1,0.0,0.81,600.0,400.0
2026-03-21 20:00,1917,80,3,20,8124.3,0.0,0.181,600.0,400.0
2026-03-21 21:00,1918,80,3,21,7317.5,0.0,0.157,600.0,400.0
2026-03-21 22:00,1919,80,3,22,6632.2,0.0,0.237,600.0,400.0
2026-03-21 23:00,1920,80,3,23,6073.7,0.0,0.569,600.0,400.0
2026-03-22 00:00,1921,81,3,0,5370.8,0.0,0.27,600.0,400.0
2026-03-22 01:00,1922,81,3,1,5842.2,0.0,0.433,600.0,400.0
2026-03-22 02:00,1923,81,3,2,5590.5,0.0,0.163,600.0,400.0
2026-03-22 03:00,1924,81,3,3,5858.4,0.0,0.26,600.0,400.0
2026-03-22 04:00,1925,81,3,4,6265.3,0.0,0.114,600.0,400.0
2026-03-22 05:00,1926,81,3,5,6013.8,0.0,0.208,600.0,400.0
2026-03-22 06:00,1927,81,3,6,6133.7,0.068,0.153,600.0,400.0
2026-03-22 07:00,1928,81,3,7,6948.1,0.301,0.236,600.0,400.0
2026-03-22 08:00,1929,81,3,8,7501.4,0.471,0.317,600.0,400.0
2026-03-22 09:00,1930,81,3,9,7653.8,0.649,0.427,600.0,400.0
2026-03-22 10:00,1931,81,3,10,6211.5,0.556,0.16,600.0,400.0
2026-03-22 11:00,1932,81,3,11,5561.6,0.665,0.325,600.0,400.0
2026-03-22 12:00,1933,81,3,12,5100.0,0.82,0.426,600.0,400.0
2026-03-22 13:00,1934,81,3,13,5100.0,0.895,0.119,600.0,400.0
2026-03-22 14:00,1935,81,3,14,5623.7,0.611,0.311,600.0,400.0
2026-03-22 15:00,1936,81,3,15,5903.3,0.613,0.339,600.0,400.0
2026-03-22 16:00,1937,81,3,16,7517.5,0.514,0.212,600.0,400.0
2026-03-22 17:00,1938,81,3,17,8331.4,0.31,0.063,600.0,400.0
2026-03-22 18:00,1939,81,3,18,8949.9,0.053,0.219,600.0,400.0
2026-03-22 19:00,1940,81,3,19,8766.3,0.0,0.374,600.0,400.0
2026-03-22 20:00,1941,81,3,20,8229.3,0.0,0.194,600.0,400.0
2026-03-22 21:00,1942,81,3,21,7287.1,0.0,0.237,600.0,400.0
2026-03-22 22:00,1943,81,3,22,6638.6,0.0,0.431,600.0,400.0
2026-03-22 23:00,1944,81,3,23,6034.4,0.0,0.275,600.0,400.0
2026-03-23 00:00,1945,82,3,0,6180.8,0.0,0.101,600.0,400.0
2026-03-23 01:00,1946,82,3,1,6053.8,0.0,0.252,600.0,400.0
2026-03-23 02:00,1947,82,3,2,6209.7,0.0,0.908,600.0,400.0
2026-03-23 03:00,1948,82,3,3,6201.6,0.0,0.176,600.0,400.0
2026-03-23 04:00,1949,82,3,4,6503.6,0.0,0.168,600.0,400.0
2026-03-23 05:00,1950,82,3,5,6557.1,0.0,0.126,600.0,400.0
2026-03-23 06:00,1951,82,3,6,6687.1,0.101,0.156,600.0,400.0
2026-03-23 07:00,1952,82,3,7,7663.2,0.326,0.244,600.0,400.0
2026-03-23 08:00,1953,82,3,8,7672.9,0.421,0.462,600.0,400.0
2026-03-23 09:00,1954,82,3,9,7727.0,0.422,0.254,600.0,400.0
2026-03-23 10:00,1955,82,3,10,6720.7,0.794,0.199,600.0,400.0
2026-03-23 11:00,1956,82,3,11,6028.1,0.549,0.2,600.0,400.0
2026-03-23 12:00,1957,82,3,12,5100.0,0.761,0.05,600.0,400.0
2026-03-23 13:00,1958,82,3,13,5537.9,0.614,0.03,600.0,400.0
2026-03-23 14:00,1959,82,3,14,5672.4,0.543,0.412,600.0,400.0
2026-03-23 15:00,1960,82,3,15,6566.5,0.599,0.288,600.0,400.0
2026-03-23 16:00,1961,82,3,16,7974.0,0.508,0.073,600.0,400.0
2026-03-23 17:00,1962,82,3,17,8879.6,0.318,0.226,600.0,400.0
2026-03-23 18:00,1963,82,3,18,9486.4,0.091,0.265,600.0,400.0
2026-03-23 19:00,1964,82,3,19,9483.4,0.0,0.487,600.0,400.0
2026-03-23 20:00,1965,82,3,20,8854.3,0.0,0.306,600.0,400.0
2026-03-23 21:00,1966,82,3,21,7883.3,0.0,0.491,600.0,400.0
2026-03-23 22:00,1967,82,3,22,7023.8,0.0,0.391,600.0,400.0
2026-03-23 23:00,1968,82,3,23,6487.3,0.0,0.076,600.0,400.0
2026-03-24 00:00,1969,83,3,0,5995.7,0.0,0.66,600.0,400.0
2026-03-24 01:00,1970,83,3,1,6236.3,0.0,0.162,600.0,400.0
2026-03-24 02:00,1971,83,3,2,6182.8,0.0,0.193,600.0,400.0
2026-03-24 03:00,1972,83,3,3,5670.9,0.0,0.397,600.0,400.0
2026-03-24 04:00,1973,83,3,4,6360.3,0.0,0.14,600.0,400.0
2026-03-24 05:00,1974,83,3,5,6525.4,0.0,0.204,600.0,400.0
2026-03-24 06:00,1975,83,3,6,6894.1,0.076,0.375,600.0,400.0
2026-03-24 07:00,1976,83,3,7,7323.1,0.293,0.264,600.0,400.0
2026-03-24 08:00,1977,83,3,8,7919.6,0.459,0.16,600.0,400.0
2026-03-24 09:00,1978,83,3,9,7903.5,0.5,0.266,600.0,400.0
2026-03-24 10:00,1979,83,3,10,6611.6,0.733,0.344,600.0,400.0
2026-03-24 11:00,1980,83,3,11,5791.8,0.877,0.205,600.0,400.0
2026-03-24 12:00,1981,83,3,12,5100.0,0.82,0.273,600.0,400.0
2026-03-24 13:00,1982,83,3,13,5100.0,0.825,0.633,600.0,400.0
2026-03-24 14:00,1983,83,3,14,5322.4,0.676,0.586,600.0,400.0
2026-03-24 15:00,1984,83,3,15,6589.1,0.597,0.296,600.0,400.0
2026-03-24 16:00,1985,83,3,16,8057.2,0.515,0.123,600.0,400.0
2026-03-24 17:00,1986,83,3,17,8839.9,0.236,0.415,600.0,400.0
2026-03-24 18:00,1987,83,3,18,9445.3,0.096,0.225,600.0,400.0
2026-03-24 19:00,1988,83,3,19,9391.6,0.0,0.417,600.0,400.0
2026-03-24 20:00,1989,83,3,20,8594.7,0.0,0.269,600.0,400.0
2026-03-24 21:00,1990,83,3,21,7873.1,0.0,0.445,600.0,400.0
2026-03-24 22:00,1991,83,3,22,7121.9,0.0,0.269,600.0,400.0
2026-03-24 23:00,1992,83,3,23,6574.1,0.0,0.623,600.0,400.0
2026-03-25 00:00,1993,84,3,0,6163.7,0.0,0.146,600.0,400.0
2026-03-25 01:00,1994,84,3,1,6111.3,0.0,0.099,600.0,400.0
2026-03-25 02:00,1995,84,3,2,6083.8,0.0,0.403,600.0,400.0
2026-03-25 03:00,1996,84,3,3,6249.0,0.0,0.227,600.0,400.0
2026-03-25 04:00,1997,84,3,4,6184.4,0.0,0.236,600.0,400.0
2026-03-25 05:00,1998,84,3,5,6283.5,0.0,0.451,600.0,400.0
2026-03-25 06:00,1999,84,3,6,6798.7,0.049,0.255,600.0,400.0
2026-03-25 07:00,2000,84,3,7,7191.5,0.307,0.272,600.0,400.0
2026-03-25 08:00,2001,84,3,8,7555.3,0.429,0.04,600.0,400.0
2026-03-25 09:00,2002,84,3,9,7650.8,0.613,0.276,600.0,400.0
2026-03-25 10:00,2003,84,3,10,6529.3,0.736,0.192,600.0,400.0
2026-03-25 11:00,2004,84,3,11,5597.6,0.802,0.223,600.0,400.0
2026-03-25 12:00,2005,84,3,12,5100.0,0.416,0.374,600.0,400.0
2026-03-25 13:00,2006,84,3,13,5100.0,0.65,0.271,600.0,400.0
2026-03-25 14:00,2007,84,3,14,5343.7,0.638,0.663,600.0,400.0
2026-03-25 15:00,2008,84,3,15,6242.4,0.305,0.435,600.0,400.0
2026-03-25 16:00,2009,84,3,16,7933.7,0.214,0.414,600.0,400.0
2026-03-25 17:00,2010,84,3,17,8833.2,0.289,0.359,600.0,400.0
2026-03-25 18:00,2011,84,3,18,8999.8,0.07,0.289,600.0,400.0
2026-03-25 19:00,2012,84,3,19,9117.4,0.0,0.099,600.0,400.0
2026-03-25 20:00,2013,84,3,20,8507.6,0.0,0.06,600.0,400.0
2026-03-25 21:00,2014,84,3,21,7590.1,0.0,0.094,600.0,400.0
2026-03-25 22:00,2015,84,3,22,7066.2,0.0,0.679,600.0,400.0
2026-03-25 23:00,2016,84,3,23,6365.6,0.0,0.242,600.0,400.0
2026-03-26 00:00,2017,85,3,0,5879.1,0.0,0.399,600.0,400.0
2026-03-26 01:00,2018,85,3,1,5621.9,0.0,0.331,600.0,400.0
2026-03-26 02:00,2019,85,3,2,6070.5,0.0,0.305,600.0,400.0
2026-03-26 03:00,2020,85,3,3,5817.5,0.0,0.291,600.0,400.0
2026-03-26 04:00,2021,85,3,4,6133.2,0.0,0.181,600.0,400.0
2026-03-26 05:00,2022,85,3,5,6401.1,0.0,0.406,600.0,400.0
2026-03-26 06:00,2023,85,3,6,6972.1,0.104,0.418,600.0,400.0
2026-03-26 07:00,2024,85,3,7,7028.6,0.199,0.267,600.0,400.0
2026-03-26 08:00,2025,85,3,8,7105.6,0.289,0.361,600.0,400.0
2026-03-26 09:00,2026,85,3,9,7627.2,0.414,0.07,600.0,400.0
2026-03-26 10:00,2027,85,3,10,6867.0,0.691,0.092,600.0,400.0
2026-03-26 11:00,2028,85,3,11,5767.3,0.773,0.255,600.0,400.0
2026-03-26 12:00,2029,85,3,12,5100.0,0.67,0.398,600.0,400.0
2026-03-26 13:00,2030,85,3,13,5100.0,0.796,0.196,600.0,400.0
2026-03-26 14:00,2031,85,3,14,5395.5,0.463,0.296,600.0,400.0
2026-03-26 15:00,2032,85,3,15,6141.3,0.588,0.039,600.0,400.0
2026-03-26 16:00,2033,85,3,16,7829.8,0.365,0.732,600.0,400.0
2026-03-26 17:00,2034,85,3,17,8691.4,0.235,0.454,600.0,400.0
2026-03-26 18:00,2035,85,3,18,9356.2,0.078,0.267,600.0,400.0
2026-03-26 19:00,2036,85,3,19,9613.1,0.0,0.776,600.0,400.0
2026-03-26 20:00,2037,85,3,20,8628.4,0.0,0.132,600.0,400.0
2026-03-26 21:00,2038,85,3,21,7597.0,0.0,0.318,600.0,400.0
2026-03-26 22:00,2039,85,3,22,6870.7,0.0,0.103,600.0,400.0
2026-03-26 23:00,2040,85,3,23,6058.1,0.0,0.248,600.0,400.0
2026-03-27 00:00,2041,86,3,0,5759.8,0.0,0.188,600.0,400.0
2026-03-27 01:00,2042,86,3,1,5823.3,0.0,0.22,600.0,400.0
2026-03-27 02:00,2043,86,3,2,5827.9,0.0,0.552,600.0,400.0
2026-03-27 03:00,2044,86,3,3,5980.0,0.0,0.236,600.0,400.0
2026-03-27 04:00,2045,86,3,4,5928.9,0.0,0.189,600.0,400.0
2026-03-27 05:00,2046,86,3,5,6470.2,0.0,0.284,600.0,400.0
2026-03-27 06:00,2047,86,3,6,6686.0,0.067,0.288,600.0,400.0
2026-03-27 07:00,2048,86,3,7,7166.0,0.297,0.515,600.0,400.0
2026-03-27 08:00,2049,86,3,8,7463.9,0.417,0.232,600.0,400.0
2026-03-27 09:00,2050,86,3,9,7548.8,0.366,0.308,600.0,400.0
2026-03-27 10:00,2051,86,3,10,6636.0,0.76,0.19,600.0,400.0
2026-03-27 11:00,2052,86,3,11,5354.8,0.838,0.126,600.0,400.0
2026-03-27 12:00,2053,86,3,12,5100.0,0.742,0.224,600.0,400.0
2026-03-27 13:00,2054,86,3,13,5100.0,0.526,0.233,600.0,400.0
2026-03-27 14:00,2055,86,3,14,5100.0,0.755,0.247,600.0,400.0
2026-03-27 15:00,2056,86,3,15,6092.1,0.624,0.378,600.0,400.0
2026-03-27 16:00,2057,86,3,16,7605.0,0.235,0.268,600.0,400.0
2026-03-27 17:00,2058,86,3,17,8679.9,0.266,0.649,600.0,400.0
2026-03-27 18:00,2059,86,3,18,9160.2,0.069,0.761,600.0,400.0
2026-03-27 19:00,2060,86,3,19,9136.7,0.0,0.345,600.0,400.0
2026-03-27 20:00,2061,86,3,20,8638.6,0.0,0.363,600.0,400.0
2026-03-27 21:00,2062,86,3,21,7596.3,0.0,0.292,600.0,400.0
2026-03-27 22:00,2063,86,3,22,6880.2,0.0,0.264,600.0,400.0
2026-03-27 23:00,2064,86,3,23,6270.8,0.0,0.753,600.0,400.0
2026-03-28 00:00,2065,87,3,0,5415.4,0.0,0.08,600.0,400.0
2026-03-28 01:00,2066,87,3,1,5294.3,0.0,0.257,600.0,400.0
2026-03-28 02:00,2067,87,3,2,5100.0,0.0,0.14,600.0,400.0
2026-03-28 03:00,2068,87,3,3,5423.9,0.0,0.353,600.0,400.0
2026-03-28 04:00,2069,87,3,4,5767.9,0.0,0.142,600.0,400.0
2026-03-28 05:00,2070,87,3,5,5898.9,0.0,0.405,600.0,400.0
2026-03-28 06:00,2071,87,3,6,6267.3,0.094,0.188,600.0,400.0
2026-03-28 07:00,2072,87,3,7,6752.3,0.232,0.405,600.0,400.0
2026-03-28 08:00,2073,87,3,8,6888.7,0.455,0.521,600.0,400.0
2026-03-28 09:00,2074,87,3,9,6912.3,0.517,0.316,600.0,400.0
2026-03-28 10:00,2075,87,3,10,5842.9,0.701,0.266,600.0,400.0
2026-03-28 11:00,2076,87,3,11,5100.0,0.361,0.118,600.0,400.0
2026-03-28 12:00,2077,87,3,12,5100.0,0.881,0.474,600.0,400.0
2026-03-28 13:00,2078,87,3,13,5100.0,0.66,0.378,600.0,400.0
2026-03-28 14:00,2079,87,3,14,5100.0,0.731,0.197,600.0,400.0
2026-03-28 15:00,2080,87,3,15,5612.0,0.599,0.28,600.0,400.0
2026-03-28 16:00,2081,87,3,16,7026.3,0.356,0.103,600.0,400.0
2026-03-28 17:00,2082,87,3,17,7913.5,0.265,0.393,600.0,400.0
2026-03-28 18:00,2083,87,3,18,8119.4,0.109,0.15,600.0,400.0
2026-03-28 19:00,2084,87,3,19,7972.9,0.0,0.408,600.0,400.0
2026-03-28 20:00,2085,87,3,20,7698.8,0.0,0.421,600.0,400.0
2026-03-28 21:00,2086,87,3,21,6779.8,0.0,0.255,600.0,400.0
2026-03-28 22:00,2087,87,3,22,6159.0,0.0,0.656,600.0,400.0
2026-03-28 23:00,2088,87,3,23,5730.6,0.0,0.462,600.0,400.0
2026-03-29 00:00,2089,88,3,0,5253.9,0.0,0.305,600.0,400.0
2026-03-29 01:00,2090,88,3,1,5570.4,0.0,0.539,600.0,400.0
2026-03-29 02:00,2091,88,3,2,5406.6,0.0,0.452,600.0,400.0
2026-03-29 03:00,2092,88,3,3,5438.1,0.0,0.337,600.0,400.0
2026-03-29 04:00,2093,88,3,4,5581.7,0.0,0.125,600.0,400.0
2026-03-29 05:00,2094,88,3,5,5507.8,0.0,0.235,600.0,400.0
2026-03-29 06:00,2095,88,3,6,6216.1,0.099,0.375,600.0,400.0
2026-03-29 07:00,2096,88,3,7,6477.5,0.297,0.255,600.0,400.0
2026-03-29 08:00,2097,88,3,8,6915.1,0.465,0.232,600.0,400.0
2026-03-29 09:00,2098,88,3,9,6641.2,0.313,0.45,600.0,400.0
2026-03-29 10:00,2099,88,3,10,5624.2,0.4,0.038,600.0,400.0
2026-03-29 11:00,2100,88,3,11,5100.0,0.852,0.034,600.0,400.0
2026-03-29 12:00,2101,88,3,12,5100.0,0.795,0.432,600.0,400.0
2026-03-29 13:00,2102,88,3,13,5100.0,0.622,0.067,600.0,400.0
2026-03-29 14:00,2103,88,3,14,5100.0,0.763,0.214,600.0,400.0
2026-03-29 15:00,2104,88,3,15,5796.1,0.416,0.546,600.0,400.0
2026-03-29 16:00,2105,88,3,16,6769.2,0.374,0.394,600.0,400.0
2026-03-29 17:00,2106,88,3,17,8015.2,0.3,0.387,600.0,400.0
2026-03-29 18:00,2107,88,3,18,8143.4,0.085,0.403,600.0,400.0
2026-03-29 19:00,2108,88,3,19,8381.8,0.0,0.252,600.0,400.0
2026-03-29 20:00,2109,88,3,20,7676.2,0.0,0.35,600.0,400.0
2026-03-29 21:00,2110,88,3,21,7016.2,0.0,0.397,600.0,400.0
2026-03-29 22:00,2111,88,3,22,6100.8,0.0,0.242,600.0,400.0
2026-03-29 23:00,2112,88,3,23,5678.6,0.0,0.473,600.0,400.0
2026-03-30 00:00,2113,89,3,0,5738.4,0.0,0.233,600.0,400.0
2026-03-30 01:00,2114,89,3,1,5580.3,0.0,0.101,600.0,400.0
2026-03-30 02:00,2115,89,3,2,5873.3,0.0,0.162,600.0,400.0
2026-03-30 03:00,2116,89,3,3,5707.8,0.0,0.229,600.0,400.0
2026-03-30 04:00,2117,89,3,4,5850.1,0.0,0.446,600.0,400.0
2026-03-30 05:00,2118,89,3,5,5950.4,0.0,0.209,600.0,400.0
2026-03-30 06:00,2119,89,3,6,6087.8,0.075,0.087,600.0,400.0
2026-03-30 07:00,2120,89,3,7,6942.7,0.222,0.127,600.0,400.0
2026-03-30 08:00,2121,89,3,8,7703.1,0.48,0.232,600.0,400.0
2026-03-30 09:00,2122,89,3,9,7446.2,0.487,0.121,600.0,400.0
2026-03-30 10:00,2123,89,3,10,6294.7,0.285,0.074,600.0,400.0
2026-03-30 11:00,2124,89,3,11,5243.5,0.649,0.313,600.0,400.0
2026-03-30 12:00,2125,89,3,12,5100.0,0.515,0.362,600.0,400.0
2026-03-30 13:00,2126,89,3,13,5100.0,0.842,0.424,600.0,400.0
2026-03-30 14:00,2127,89,3,14,5100.0,0.725,0.443,600.0,400.0
2026-03-30 15:00,2128,89,3,15,6198.2,0.523,0.245,600.0,400.0
2026-03-30 16:00,2129,89,3,16,7596.4,0.314,0.417,600.0,400.0
2026-03-30 17:00,2130,89,3,17,8460.7,0.311,0.356,600.0,400.0
2026-03-30 18:00,2131,89,3,18,9000.2,0.073,0.066,600.0,400.0
2026-03-30 19:00,2132,89,3,19,8927.4,0.0,0.289,600.0,400.0
2026-03-30 20:00,2133,89,3,20,8436.3,0.0,0.1,600.0,400.0
2026-03-30 21:00,2134,89,3,21,7547.3,0.0,0.124,600.0,400.0
2026-03-30 22:00,2135,89,3,22,6604.0,0.0,0.1,600.0,400.0
2026-03-30 23:00,2136,89,3,23,6047.4,0.0,0.665,600.0,400.0
2026-03-31 00:00,2137,90,3,0,5707.6,0.0,0.49,600.0,400.0
2026-03-31 01:00,2138,90,3,1,5945.3,0.0,0.268,600.0,400.0
2026-03-31 02:00,2139,90,3,2,5510.6,0.0,0.182,600.0,400.0
2026-03-31 03:00,2140,90,3,3,5506.8,0.0,0.091,600.0,400.0
2026-03-31 04:00,2141,90,3,4,5862.3,0.0,0.225,600.0,400.0
2026-03-31 05:00,2142,90,3,5,6064.7,0.0,0.269,600.0,400.0
2026-03-31 06:00,2143,90,3,6,6470.6,0.105,0.336,600.0,400.0
2026-03-31 07:00,2144,90,3,7,6955.6,0.305,0.065,600.0,400.0
2026-03-31 08:00,2145,90,3,8,7223.2,0.49,0.194,600.0,400.0
2026-03-31 09:00,2146,90,3,9,7499.8,0.278,0.493,600.0,400.0
2026-03-31 10:00,2147,90,3,10,5981.5,0.702,0.101,600.0,400.0
2026-03-31 11:00,2148,90,3,11,5100.0,0.835,0.204,600.0,400.0
2026-03-31 12:00,2149,90,3,12,5100.0,0.693,0.172,600.0,400.0
2026-03-31 13:00,2150,90,3,13,5100.0,0.835,0.124,600.0,400.0
2026-03-31 14:00,2151,90,3,14,5100.0,0.654,0.44,600.0,400.0
2026-03-31 15:00,2152,90,3,15,6226.4,0.403,0.379,600.0,400.0
2026-03-31 16:00,2153,90,3,16,7427.2,0.384,0.27,600.0,400.0
2026-03-31 17:00,2154,90,3,17,8326.0,0.194,0.262,600.0,400.0
2026-03-31 18:00,2155,90,3,18,8673.5,0.068,0.511,600.0,400.0
2026-03-31 19:00,2156,90,3,19,8772.8,0.0,0.13,600.0,400.0
2026-03-31 20:00,2157,90,3,20,8217.9,0.0,0.167,600.0,400.0
2026-03-31 21:00,2158,90,3,21,7353.4,0.0,0.6,600.0,400.0
2026-03-31 22:00,2159,90,3,22,6819.9,0.0,0.503,600.0,400.0
2026-03-31 23:00,2160,90,3,23,6185.2,0.0,0.459,600.0,400.0
2026-04-01 00:00,2161,91,4,0,5477.3,0.0,0.361,600.0,400.0
2026-04-01 01:00,2162,91,4,1,5698.3,0.0,0.21,600.0,400.0
2026-04-01 02:00,2163,91,4,2,5747.8,0.0,0.532,600.0,400.0
2026-04-01 03:00,2164,91,4,3,5880.9,0.0,0.259,600.0,400.0
2026-04-01 04:00,2165,91,4,4,6043.6,0.0,0.174,600.0,400.0
2026-04-01 05:00,2166,91,4,5,5846.9,0.0,0.193,600.0,400.0
2026-04-01 06:00,2167,91,4,6,6264.2,0.077,0.039,600.0,400.0
2026-04-01 07:00,2168,91,4,7,6664.9,0.288,0.147,600.0,400.0
2026-04-01 08:00,2169,91,4,8,7169.7,0.377,0.123,600.0,400.0
2026-04-01 09:00,2170,91,4,9,7283.1,0.522,0.105,600.0,400.0
2026-04-01 10:00,2171,91,4,10,6342.0,0.737,0.053,600.0,400.0
2026-04-01 11:00,2172,91,4,11,5158.6,0.837,0.147,600.0,400.0
2026-04-01 12:00,2173,91,4,12,5100.0,0.677,0.103,600.0,400.0
2026-04-01 13:00,2174,91,4,13,5100.0,0.815,0.072,600.0,400.0
2026-04-01 14:00,2175,91,4,14,5100.0,0.734,0.133,600.0,400.0
2026-04-01 15:00,2176,91,4,15,6242.0,0.536,0.172,600.0,400.0
2026-04-01 16:00,2177,91,4,16,7114.8,0.494,0.272,600.0,400.0
2026-04-01 17:00,2178,91,4,17,8268.2,0.215,0.356,600.0,400.0
2026-04-01 18:00,2179,91,4,18,9149.9,0.074,0.249,600.0,400.0
2026-04-01 19:00,2180,91,4,19,8825.3,0.0,0.162,600.0,400.0
2026-04-01 20:00,2181,91,4,20,8202.3,0.0,0.655,600.0,400.0
2026-04-01 21:00,2182,91,4,21,7304.0,0.0,0.341,600.0,400.0
2026-04-01 22:00,2183,91,4,22,6545.1,0.0,0.451,600.0,400.0
2026-04-01 23:00,2184,91,4,23,6277.1,0.0,0.412,600.0,400.0
2026-04-02 00:00,2185,92,4,0,5271.8,0.0,0.217,600.0,400.0
2026-04-02 01:00,2186,92,4,1,5872.9,0.0,0.317,600.0,400.0
2026-04-02 02:00,2187,92,4,2,5407.0,0.0,0.317,600.0,400.0
2026-04-02 03:00,2188,92,4,3,5620.8,0.0,0.209,600.0,400.0
2026-04-02 04:00,2189,92,4,4,5685.2,0.0,0.31,600.0,400.0
2026-04-02 05:00,2190,92,4,5,6065.1,0.0,0.347,600.0,400.0
2026-04-02 06:00,2191,92,4,6,6098.4,0.101,0.185,600.0,400.0
2026-04-02 07:00,2192,92,4,7,6898.9,0.228,0.036,600.0,400.0
2026-04-02 08:00,2193,92,4,8,7488.8,0.375,0.174,600.0,400.0
2026-04-02 09:00,2194,92,4,9,6947.4,0.407,0.097,600.0,400.0
2026-04-02 10:00,2195,92,4,10,6170.7,0.75,0.116,600.0,400.0
2026-04-02 11:00,2196,92,4,11,5100.0,0.728,0.193,600.0,400.0
2026-04-02 12:00,2197,92,4,12,5100.0,0.731,0.147,600.0,400.0
2026-04-02 13:00,2198,92,4,13,5100.0,0.806,0.503,600.0,400.0
2026-04-02 14:00,2199,92,4,14,5100.0,0.643,0.339,600.0,400.0
2026-04-02 15:00,2200,92,4,15,5942.7,0.598,0.3,600.0,400.0
2026-04-02 16:00,2201,92,4,16,7618.5,0.484,0.04,600.0,400.0
2026-04-02 17:00,2202,92,4,17,8166.9,0.232,0.132,600.0,400.0
2026-04-02 18:00,2203,92,4,18,8901.4,0.071,0.482,600.0,400.0
2026-04-02 19:00,2204,92,4,19,8578.9,0.0,0.284,600.0,400.0
2026-04-02 20:00,2205,92,4,20,8042.9,0.0,0.093,600.0,400.0
2026-04-02 21:00,2206,92,4,21,7401.7,0.0,0.518,600.0,400.0
2026-04-02 22:00,2207,92,4,22,6778.2,0.0,0.24,600.0,400.0
2026-04-02 23:00,2208,92,4,23,6083.0,0.0,0.27,600.0,400.0
2026-04-03 00:00,2209,93,4,0,5566.1,0.0,0.677,600.0,400.0
2026-04-03 01:00,2210,93,4,1,5617.3,0.0,0.048,600.0,400.0
2026-04-03 02:00,2211,93,4,2,5424.0,0.0,0.371,600.0,400.0
2026-04-03 03:00,2212,93,4,3,5748.8,0.0,0.524,600.0,400.0
2026-04-03 04:00,2213,93,4,4,5883.2,0.0,0.081,600.0,400.0
2026-04-03 05:00,2214,93,4,5,5886.2,0.0,0.391,600.0,400.0
2026-04-03 06:00,2215,93,4,6,6266.0,0.089,0.201,600.0,400.0
2026-04-03 07:00,2216,93,4,7,6854.2,0.268,0.374,600.0,400.0
2026-04-03 08:00,2217,93,4,8,7081.4,0.483,0.162,600.0,400.0
2026-04-03 09:00,2218,93,4,9,7141.0,0.589,0.511,600.0,400.0
2026-04-03 10:00,2219,93,4,10,6462.2,0.614,0.275,600.0,400.0
2026-04-03 11:00,2220,93,4,11,5100.0,0.552,0.279,600.0,400.0
2026-04-03 12:00,2221,93,4,12,5100.0,0.72,0.373,600.0,400.0
2026-04-03 13:00,2222,93,4,13,5100.0,0.403,0.239,600.0,400.0
2026-04-03 14:00,2223,93,4,14,5100.0,0.54,0.186,600.0,400.0
2026-04-03 15:00,2224,93,4,15,5821.8,0.338,0.198,600.0,400.0
2026-04-03 16:00,2225,93,4,16,7212.3,0.417,0.236,600.0,400.0
2026-04-03 17:00,2226,93,4,17,8395.6,0.256,0.372,600.0,400.0
2026-04-03 18:00,2227,93,4,18,9000.6,0.097,0.52,600.0,400.0
2026-04-03 19:00,2228,93,4,19,8677.3,0.0,0.334,600.0,400.0
2026-04-03 20:00,2229,93,4,20,7885.4,0.0,0.292,600.0,400.0
2026-04-03 21:00,2230,93,4,21,7476.0,0.0,0.494,600.0,400.0
2026-04-03 22:00,2231,93,4,22,6420.5,0.0,0.234,600.0,400.0
2026-04-03 23:00,2232,93,4,23,6142.5,0.0,0.409,600.0,400.0
2026-04-04 00:00,2233,94,4,0,5100.0,0.0,0.129,600.0,400.0
2026-04-04 01:00,2234,94,4,1,5310.8,0.0,0.127,600.0,400.0
2026-04-04 02:00,2235,94,4,2,5100.0,0.0,0.335,600.0,400.0
2026-04-04 03:00,2236,94,4,3,5316.9,0.0,0.097,600.0,400.0
2026-04-04 04:00,2237,94,4,4,5284.9,0.0,0.126,600.0,400.0
2026-04-04 05:00,2238,94,4,5,5329.2,0.0,0.278,600.0,400.0
2026-04-04 06:00,2239,94,4,6,5768.8,0.078,0.207,600.0,400.0
2026-04-04 07:00,2240,94,4,7,6376.5,0.187,0.239,600.0,400.0
2026-04-04 08:00,2241,94,4,8,6596.1,0.314,0.489,600.0,400.0
2026-04-04 09:00,2242,94,4,9,6672.9,0.613,0.262,600.0,400.0
2026-04-04 10:00,2243,94,4,10,5952.4,0.546,0.255,600.0,400.0
2026-04-04 11:00,2244,94,4,11,5100.0,0.73,0.197,600.0,400.0
2026-04-04 12:00,2245,94,4,12,5100.0,0.442,0.295,600.0,400.0
2026-04-04 13:00,2246,94,4,13,5100.0,0.691,0.04,600.0,400.0
2026-04-04 14:00,2247,94,4,14,5100.0,0.653,0.299,600.0,400.0
2026-04-04 15:00,2248,94,4,15,5169.9,0.465,0.099,600.0,400.0
2026-04-04 16:00,2249,94,4,16,6700.6,0.366,0.188,600.0,400.0
2026-04-04 17:00,2250,94,4,17,7676.9,0.247,0.347,600.0,400.0
2026-04-04 18:00,2251,94,4,18,8051.1,0.077,0.409,600.0,400.0
2026-04-04 19:00,2252,94,4,19,8313.3,0.0,0.282,600.0,400.0
2026-04-04 20:00,2253,94,4,20,7297.1,0.0,0.299,600.0,400.0
2026-04-04 21:00,2254,94,4,21,6727.7,0.0,0.333,600.0,400.0
2026-04-04 22:00,2255,94,4,22,5807.2,0.0,0.462,600.0,400.0
2026-04-04 23:00,2256,94,4,23,5592.9,0.0,0.056,600.0,400.0
2026-04-05 00:00,2257,95,4,0,5308.8,0.0,0.284,600.0,400.0
2026-04-05 01:00,2258,95,4,1,5100.7,0.0,0.046,600.0,400.0
2026-04-05 02:00,2259,95,4,2,5100.0,0.0,0.209,600.0,400.0
2026-04-05 03:00,2260,95,4,3,5231.8,0.0,0.269,600.0,400.0
2026-04-05 04:00,2261,95,4,4,5352.5,0.0,0.09,600.0,400.0
2026-04-05 05:00,2262,95,4,5,5546.6,0.0,0.231,600.0,400.0
2026-04-05 06:00,2263,95,4,6,6031.6,0.046,0.423,600.0,400.0
2026-04-05 07:00,2264,95,4,7,6095.4,0.221,0.281,600.0,400.0
2026-04-05 08:00,2265,95,4,8,6688.0,0.304,0.318,600.0,400.0
2026-04-05 09:00,2266,95,4,9,6770.2,0.488,0.245,600.0,400.0
2026-04-05 10:00,2267,95,4,10,5351.6,0.453,0.398,600.0,400.0
2026-04-05 11:00,2268,95,4,11,5100.0,0.628,0.117,600.0,400.0
2026-04-05 12:00,2269,95,4,12,5100.0,0.642,0.231,600.0,400.0
2026-04-05 13:00,2270,95,4,13,5100.0,0.616,0.298,600.0,400.0
2026-04-05 14:00,2271,95,4,14,5100.0,0.575,0.466,600.0,400.0
2026-04-05 15:00,2272,95,4,15,5304.8,0.477,0.216,600.0,400.0
2026-04-05 16:00,2273,95,4,16,6622.8,0.405,0.03,600.0,400.0
2026-04-05 17:00,2274,95,4,17,7534.9,0.231,0.704,600.0,400.0
2026-04-05 18:00,2275,95,4,18,7897.6,0.094,0.069,600.0,400.0
2026-04-05 19:00,2276,95,4,19,7897.8,0.0,0.169,600.0,400.0
2026-04-05 20:00,2277,95,4,20,7638.0,0.0,0.3,600.0,400.0
2026-04-05 21:00,2278,95,4,21,6545.8,0.0,0.332,600.0,400.0
2026-04-05 22:00,2279,95,4,22,6114.2,0.0,0.517,600.0,400.0
2026-04-05 23:00,2280,95,4,23,5608.7,0.0,0.296,600.0,400.0
2026-04-06 00:00,2281,96,4,0,5340.1,0.0,0.327,600.0,400.0
2026-04-06 01:00,2282,96,4,1,5509.0,0.0,0.17,600.0,400.0
2026-04-06 02:00,2283,96,4,2,5815.1,0.0,0.304,600.0,400.0
2026-04-06 03:00,2284,96,4,3,5495.1,0.0,0.208,600.0,400.0
2026-04-06 04:00,2285,96,4,4,5667.7,0.0,0.1,600.0,400.0
2026-04-06 05:00,2286,96,4,5,6032.5,0.0,0.468,600.0,400.0
2026-04-06 06:00,2287,96,4,6,6466.6,0.09,0.083,600.0,400.0
2026-04-06 07:00,2288,96,4,7,6771.4,0.211,0.278,600.0,400.0
2026-04-06 08:00,2289,96,4,8,7055.7,0.248,0.394,600.0,400.0
2026-04-06 09:00,2290,96,4,9,7379.1,0.411,0.121,600.0,400.0
2026-04-06 10:00,2291,96,4,10,6404.5,0.494,0.145,600.0,400.0
2026-04-06 11:00,2292,96,4,11,5269.1,0.761,0.212,600.0,400.0
2026-04-06 12:00,2293,96,4,12,5100.0,0.796,0.179,600.0,400.0
2026-04-06 13:00,2294,96,4,13,5100.0,0.799,0.369,600.0,400.0
2026-04-06 14:00,2295,96,4,14,5100.0,0.374,0.217,600.0,400.0
2026-04-06 15:00,2296,96,4,15,5934.4,0.546,0.694,600.0,400.0
2026-04-06 16:00,2297,96,4,16,7383.1,0.437,0.503,600.0,400.0
2026-04-06 17:00,2298,96,4,17,8408.5,0.279,0.559,600.0,400.0
2026-04-06 18:00,2299,96,4,18,8877.5,0.099,0.107,600.0,400.0
2026-04-06 19:00,2300,96,4,19,8532.9,0.0,0.182,600.0,400.0
2026-04-06 20:00,2301,96,4,20,8352.3,0.0,0.179,600.0,400.0
2026-04-06 21:00,2302,96,4,21,7155.1,0.0,0.419,600.0,400.0
2026-04-06 22:00,2303,96,4,22,6468.6,0.0,0.048,600.0,400.0
2026-04-06 23:00,2304,96,4,23,6056.0,0.0,0.481,600.0,400.0
2026-04-07 00:00,2305,97,4,0,5935.5,0.0,0.327,600.0,400.0
2026-04-07 01:00,2306,97,4,1,6115.0,0.0,0.32,600.0,400.0
2026-04-07 02:00,2307,97,4,2,5721.1,0.0,0.292,600.0,400.0
2026-04-07 03:00,2308,97,4,3,5622.8,0.0,0.275,600.0,400.0
2026-04-07 04:00,2309,97,4,4,5827.5,0.0,0.144,600.0,400.0
2026-04-07 05:00,2310,97,4,5,6100.6,0.0,0.166,600.0,400.0
2026-04-07 06:00,2311,97,4,6,6289.9,0.089,0.222,600.0,400.0
2026-04-07 07:00,2312,97,4,7,7098.9,0.277,0.278,600.0,400.0
2026-04-07 08:00,2313,97,4,8,7188.1,0.363,0.151,600.0,400.0
2026-04-07 09:00,2314,97,4,9,7231.2,0.467,0.332,600.0,400.0
2026-04-07 10:00,2315,97,4,10,6232.8,0.731,0.343,600.0,400.0
2026-04-07 11:00,2316,97,4,11,5179.9,0.692,0.163,600.0,400.0
2026-04-07 12:00,2317,97,4,12,5100.0,0.75,0.269,600.0,400.0
2026-04-07 13:00,2318,97,4,13,5100.0,0.666,0.208,600.0,400.0
2026-04-07 14:00,2319,97,4,14,5100.0,0.653,0.158,600.0,400.0
2026-04-07 15:00,2320,97,4,15,5674.8,0.507,0.441,600.0,400.0
2026-04-07 16:00,2321,97,4,16,7386.5,0.379,0.768,600.0,400.0
2026-04-07 17:00,2322,97,4,17,8308.8,0.251,0.348,600.0,400.0
2026-04-07 18:00,2323,97,4,18,8846.7,0.05,0.599,600.0,400.0
2026-04-07 19:00,2324,97,4,19,9041.3,0.0,0.403,600.0,400.0
2026-04-07 20:00,2325,97,4,20,8183.1,0.0,0.367,600.0,400.0
2026-04-07 21:00,2326,97,4,21,7421.8,0.0,0.325,600.0,400.0
2026-04-07 22:00,2327,97,4,22,6355.3,0.0,0.209,600.0,400.0
2026-04-07 23:00,2328,97,4,23,5954.0,0.0,0.119,600.0,400.0
2026-04-08 00:00,2329,98,4,0,5727.5,0.0,0.283,600.0,400.0
2026-04-08 01:00,2330,98,4,1,5753.3,0.0,0.317,600.0,400.0
2026-04-08 02:00,2331,98,4,2,5577.0,0.0,0.281,600.0,400.0
2026-04-08 03:00,2332,98,4,3,5640.7,0.0,0.339,600.0,400.0
2026-04-08 04:00,2333,98,4,4,5499.2,0.0,0.141,600.0,400.0
2026-04-08 05:00,2334,98,4,5,5901.4,0.0,0.189,600.0,400.0
2026-04-08 06:00,2335,98,4,6,6483.7,0.082,0.2,600.0,400.0
2026-04-08 07:00,2336,98,4,7,6903.7,0.25,0.124,600.0,400.0
2026-04-08 08:00,2337,98,4,8,7231.4,0.457,0.392,600.0,400.0
2026-04-08 09:00,2338,98,4,9,7159.5,0.479,0.28,600.0,400.0
2026-04-08 10:00,2339,98,4,10,6127.4,0.597,0.088,600.0,400.0
2026-04-08 11:00,2340,98,4,11,5100.0,0.511,0.312,600.0,400.0
2026-04-08 12:00,2341,98,4,12,5100.0,0.608,0.264,600.0,400.0
2026-04-08 13:00,2342,98,4,13,5100.0,0.78,0.271,600.0,400.0
2026-04-08 14:00,2343,98,4,14,5100.0,0.366,0.681,600.0,400.0
2026-04-08 15:00,2344,98,4,15,5766.6,0.341,0.342,600.0,400.0
2026-04-08 16:00,2345,98,4,16,6971.6,0.365,0.539,600.0,400.0
2026-04-08 17:00,2346,98,4,17,8359.8,0.195,0.581,600.0,400.0
2026-04-08 18:00,2347,98,4,18,8696.8,0.066,0.135,600.0,400.0
2026-04-08 19:00,2348,98,4,19,8635.4,0.0,0.041,600.0,400.0
2026-04-08 20:00,2349,98,4,20,8295.0,0.0,0.306,600.0,400.0
2026-04-08 21:00,2350,98,4,21,7252.1,0.0,0.477,600.0,400.0
2026-04-08 22:00,2351,98,4,22,6699.6,0.0,0.508,600.0,400.0
2026-04-08 23:00,2352,98,4,23,6114.7,0.0,0.467,600.0,400.0
2026-04-09 00:00,2353,99,4,0,5725.6,0.0,0.285,600.0,400.0
2026-04-09 01:00,2354,99,4,1,5398.8,0.0,0.407,600.0,400.0
2026-04-09 02:00,2355,99,4,2,5818.0,0.0,0.37,600.0,400.0
2026-04-09 03:00,2356,99,4,3,5693.9,0.0,0.196,600.0,400.0
2026-04-09 04:00,2357,99,4,4,5682.9,0.0,0.132,600.0,400.0
2026-04-09 05:00,2358,99,4,5,5981.5,0.0,0.277,600.0,400.0
2026-04-09 06:00,2359,99,4,6,6057.0,0.102,0.286,600.0,400.0
2026-04-09 07:00,2360,99,4,7,6877.1,0.159,0.241,600.0,400.0
2026-04-09 08:00,2361,99,4,8,6986.6,0.328,0.132,600.0,400.0
2026-04-09 09:00,2362,99,4,9,6935.1,0.441,0.153,600.0,400.0
2026-04-09 10:00,2363,99,4,10,5882.7,0.673,0.298,600.0,400.0
2026-04-09 11:00,2364,99,4,11,5290.5,0.707,0.494,600.0,400.0
2026-04-09 12:00,2365,99,4,12,5100.0,0.802,0.49,600.0,400.0
2026-04-09 13:00,2366,99,4,13,5100.0,0.787,0.269,600.0,400.0
2026-04-09 14:00,2367,99,4,14,5100.0,0.578,0.478,600.0,400.0
2026-04-09 15:00,2368,99,4,15,5577.6,0.47,0.065,600.0,400.0
2026-04-09 16:00,2369,99,4,16,7137.5,0.309,0.505,600.0,400.0
2026-04-09 17:00,2370,99,4,17,8381.9,0.22,0.308,600.0,400.0
2026-04-09 18:00,2371,99,4,18,8748.5,0.096,0.477,600.0,400.0
2026-04-09 19:00,2372,99,4,19,8685.7,0.0,0.034,600.0,400.0
2026-04-09 20:00,2373,99,4,20,8209.6,0.0,0.56,600.0,400.0
2026-04-09 21:00,2374,99,4,21,7395.1,0.0,0.379,600.0,400.0
2026-04-09 22:00,2375,99,4,22,6708.8,0.0,0.211,600.0,400.0
2026-04-09 23:00,2376,99,4,23,6247.7,0.0,0.253,600.0,400.0
2026-04-10 00:00,2377,100,4,0,5558.6,0.0,0.179,600.0,400.0
2026-04-10 01:00,2378,100,4,1,5405.2,0.0,0.262,600.0,400.0
2026-04-10 02:00,2379,100,4,2,5557.9,0.0,0.213,600.0,400.0
2026-04-10 03:00,2380,100,4,3,5693.8,0.0,0.274,600.0,400.0
2026-04-10 04:00,2381,100,4,4,5587.8,0.0,0.378,600.0,400.0
2026-04-10 05:00,2382,100,4,5,5805.4,0.0,0.545,600.0,400.0
2026-04-10 06:00,2383,100,4,6,6396.2,0.075,0.149,600.0,400.0
2026-04-10 07:00,2384,100,4,7,6803.9,0.291,0.093,600.0,400.0
2026-04-10 08:00,2385,100,4,8,7156.5,0.403,0.188,600.0,400.0
2026-04-10 09:00,2386,100,4,9,7030.2,0.474,0.108,600.0,400.0
2026-04-10 10:00,2387,100,4,10,6089.4,0.48,0.356,600.0,400.0
2026-04-10 11:00,2388,100,4,11,5100.0,0.69,0.236,600.0,400.0
2026-04-10 12:00,2389,100,4,12,5100.0,0.738,0.29,600.0,400.0
2026-04-10 13:00,2390,100,4,13,5100.0,0.67,0.132,600.0,400.0
2026-04-10 14:00,2391,100,4,14,5100.0,0.64,0.385,600.0,400.0
2026-04-10 15:00,2392,100,4,15,5702.1,0.532,0.644,600.0,400.0
2026-04-10 16:00,2393,100,4,16,7076.7,0.281,0.299,600.0,400.0
2026-04-10 17:00,2394,100,4,17,8080.2,0.234,0.668,600.0,400.0
2026-04-10 18:00,2395,100,4,18,8760.1,0.057,0.08,600.0,400.0
2026-04-10 19:00,2396,100,4,19,8541.5,0.0,0.082,600.0,400.0
2026-04-10 20:00,2397,100,4,20,8036.5,0.0,0.698,600.0,400.0
2026-04-10 21:00,2398,100,4,21,7154.1,0.0,0.435,600.0,400.0
2026-04-10 22:00,2399,100,4,22,6563.2,0.0,0.185,600.0,400.0
2026-04-10 23:00,2400,100,4,23,6027.1,0.0,0.26,600.0,400.0
2026-04-11 00:00,2401,101,4,0,5100.0,0.0,0.31,600.0,400.0
2026-04-11 01:00,2402,101,4,1,5196.3,0.0,0.382,600.0,400.0
2026-04-11 02:00,2403,101,4,2,5100.0,0.0,0.442,600.0,400.0
2026-04-11 03:00,2404,101,4,3,5156.5,0.0,0.097,600.0,400.0
2026-04-11 04:00,2405,101,4,4,5550.4,0.0,0.304,600.0,400.0
2026-04-11 05:00,2406,101,4,5,5696.4,0.0,0.228,600.0,400.0
2026-04-11 06:00,2407,101,4,6,5626.0,0.075,0.258,600.0,400.0
2026-04-11 07:00,2408,101,4,7,6399.5,0.156,0.223,600.0,400.0
2026-04-11 08:00,2409,101,4,8,6709.0,0.438,0.204,600.0,400.0
2026-04-11 09:00,2410,101,4,9,6395.7,0.603,0.13,600.0,400.0
2026-04-11 10:00,2411,101,4,10,5767.2,0.71,0.218,600.0,400.0
2026-04-11 11:00,2412,101,4,11,5100.0,0.575,0.133,600.0,400.0
2026-04-11 12:00,2413,101,4,12,5100.0,0.802,0.068,600.0,400.0
2026-04-11 13:00,2414,101,4,13,5100.0,0.56,0.217,600.0,400.0
2026-04-11 14:00,2415,101,4,14,5100.0,0.572,0.057,600.0,400.0
2026-04-11 15:00,2416,101,4,15,5426.2,0.538,0.318,600.0,400.0
2026-04-11 16:00,2417,101,4,16,6819.1,0.384,0.106,600.0,400.0
2026-04-11 17:00,2418,101,4,17,7584.0,0.167,0.292,600.0,400.0
2026-04-11 18:00,2419,101,4,18,8134.1,0.068,0.749,600.0,400.0
2026-04-11 19:00,2420,101,4,19,7859.3,0.0,0.044,600.0,400.0
2026-04-11 20:00,2421,101,4,20,7696.9,0.0,0.276,600.0,400.0
2026-04-11 21:00,2422,101,4,21,6916.7,0.0,0.419,600.0,400.0
2026-04-11 22:00,2423,101,4,22,5970.9,0.0,0.169,600.0,400.0
2026-04-11 23:00,2424,101,4,23,5527.7,0.0,0.346,600.0,400.0
2026-04-12 00:00,2425,102,4,0,5100.0,0.0,0.205,600.0,400.0
2026-04-12 01:00,2426,102,4,1,5250.3,0.0,0.181,600.0,400.0
2026-04-12 02:00,2427,102,4,2,5265.7,0.0,0.486,600.0,400.0
2026-04-12 03:00,2428,102,4,3,5190.0,0.0,0.154,600.0,400.0
2026-04-12 04:00,2429,102,4,4,5462.6,0.0,0.206,600.0,400.0
2026-04-12 05:00,2430,102,4,5,5428.4,0.0,0.126,600.0,400.0
2026-04-12 06:00,2431,102,4,6,5924.2,0.096,0.16,600.0,400.0
2026-04-12 07:00,2432,102,4,7,6103.6,0.15,0.158,600.0,400.0
2026-04-12 08:00,2433,102,4,8,6575.4,0.402,0.167,600.0,400.0
2026-04-12 09:00,2434,102,4,9,6551.5,0.432,0.265,600.0,400.0
2026-04-12 10:00,2435,102,4,10,5672.2,0.531,0.312,600.0,400.0
2026-04-12 11:00,2436,102,4,11,5100.0,0.769,0.239,600.0,400.0
2026-04-12 12:00,2437,102,4,12,5100.0,0.79,0.287,600.0,400.0
2026-04-12 13:00,2438,102,4,13,5100.0,0.588,0.399,600.0,400.0
2026-04-12 14:00,2439,102,4,14,5100.0,0.631,0.874,600.0,400.0
2026-04-12 15:00,2440,102,4,15,5125.7,0.298,0.275,600.0,400.0
2026-04-12 16:00,2441,102,4,16,7010.8,0.32,0.591,600.0,400.0
2026-04-12 17:00,2442,102,4,17,7750.5,0.263,0.315,600.0,400.0
2026-04-12 18:00,2443,102,4,18,7864.8,0.068,0.477,600.0,400.0
2026-04-12 19:00,2444,102,4,19,8181.9,0.0,0.368,600.0,400.0
2026-04-12 20:00,2445,102,4,20,7448.8,0.0,0.576,600.0,400.0
2026-04-12 21:00,2446,102,4,21,6771.8,0.0,0.311,600.0,400.0
2026-04-12 22:00,2447,102,4,22,6054.7,0.0,0.424,600.0,400.0
2026-04-12 23:00,2448,102,4,23,5497.2,0.0,0.304,600.0,400.0
2026-04-13 00:00,2449,103,4,0,5490.8,0.0,0.501,600.0,400.0
2026-04-13 01:00,2450,103,4,1,5506.9,0.0,0.762,600.0,400.0
2026-04-13 02:00,2451,103,4,2,5477.5,0.0,0.18,600.0,400.0
2026-04-13 03:00,2452,103,4,3,5519.0,0.0,0.253,600.0,400.0
2026-04-13 04:00,2453,103,4,4,5731.3,0.0,0.091,600.0,400.0
2026-04-13 05:00,2454,103,4,5,5844.0,0.0,0.114,600.0,400.0
2026-04-13 06:00,2455,103,4,6,6450.3,0.065,0.428,600.0,400.0
2026-04-13 07:00,2456,103,4,7,7049.6,0.246,0.234,600.0,400.0
2026-04-13 08:00,2457,103,4,8,7058.5,0.261,0.187,600.0,400.0
2026-04-13 09:00,2458,103,4,9,7189.9,0.548,0.276,600.0,400.0
2026-04-13 10:00,2459,103,4,10,6206.2,0.657,0.245,600.0,400.0
2026-04-13 11:00,2460,103,4,11,5188.0,0.589,0.168,600.0,400.0
2026-04-13 12:00,2461,103,4,12,5100.0,0.523,0.154,600.0,400.0
2026-04-13 13:00,2462,103,4,13,5100.0,0.743,0.295,600.0,400.0
2026-04-13 14:00,2463,103,4,14,5100.0,0.619,0.156,600.0,400.0
2026-04-13 15:00,2464,103,4,15,5652.8,0.484,0.141,600.0,400.0
2026-04-13 16:00,2465,103,4,16,7455.2,0.471,0.231,600.0,400.0
2026-04-13 17:00,2466,103,4,17,8326.2,0.196,0.525,600.0,400.0
2026-04-13 18:00,2467,103,4,18,8651.3,0.078,0.082,600.0,400.0
2026-04-13 19:00,2468,103,4,19,8779.5,0.0,0.525,600.0,400.0
2026-04-13 20:00,2469,103,4,20,8293.4,0.0,0.394,600.0,400.0
2026-04-13 21:00,2470,103,4,21,7281.3,0.0,0.087,600.0,400.0
2026-04-13 22:00,2471,103,4,22,6701.7,0.0,0.376,600.0,400.0
2026-04-13 23:00,2472,103,4,23,6394.2,0.0,0.287,600.0,400.0
2026-04-14 00:00,2473,104,4,0,5490.4,0.0,0.488,600.0,400.0
2026-04-14 01:00,2474,104,4,1,5396.4,0.0,0.526,600.0,400.0
2026-04-14 02:00,2475,104,4,2,5672.7,0.0,0.197,600.0,400.0
2026-04-14 03:00,2476,104,4,3,5767.6,0.0,0.382,600.0,400.0
2026-04-14 04:00,2477,104,4,4,5705.1,0.0,0.184,600.0,400.0
2026-04-14 05:00,2478,104,4,5,6191.1,0.0,0.17,600.0,400.0
2026-04-14 06:00,2479,104,4,6,6127.0,0.1,0.129,600.0,400.0
2026-04-14 07:00,2480,104,4,7,6922.5,0.222,0.279,600.0,400.0
2026-04-14 08:00,2481,104,4,8,7054.4,0.475,0.147,600.0,400.0
2026-04-14 09:00,2482,104,4,9,7426.7,0.467,0.21,600.0,400.0
2026-04-14 10:00,2483,104,4,10,6445.1,0.671,0.344,600.0,400.0
2026-04-14 11:00,2484,104,4,11,5100.0,0.704,0.348,600.0,400.0
2026-04-14 12:00,2485,104,4,12,5100.0,0.815,0.404,600.0,400.0
2026-04-14 13:00,2486,104,4,13,5100.0,0.682,0.136,600.0,400.0
2026-04-14 14:00,2487,104,4,14,5100.0,0.623,0.311,600.0,400.0
2026-04-14 15:00,2488,104,4,15,5843.5,0.514,0.535,600.0,400.0
2026-04-14 16:00,2489,104,4,16,7320.2,0.359,0.082,600.0,400.0
2026-04-14 17:00,2490,104,4,17,7877.1,0.219,0.472,600.0,400.0
2026-04-14 18:00,2491,104,4,18,8771.2,0.094,0.214,600.0,400.0
2026-04-14 19:00,2492,104,4,19,8663.0,0.0,0.417,600.0,400.0
2026-04-14 20:00,2493,104,4,20,8105.1,0.0,0.447,600.0,400.0
2026-04-14 21:00,2494,104,4,21,7545.8,0.0,0.626,600.0,400.0
2026-04-14 22:00,2495,104,4,22,6329.0,0.0,0.332,600.0,400.0
2026-04-14 23:00,2496,104,4,23,6146.1,0.0,0.513,600.0,400.0
2026-04-15 00:00,2497,105,4,0,5571.6,0.0,0.085,600.0,400.0
2026-04-15 01:00,2498,105,4,1,5572.6,0.0,0.261,600.0,400.0
2026-04-15 02:00,2499,105,4,2,5750.5,0.0,0.254,600.0,400.0
2026-04-15 03:00,2500,105,4,3,5706.5,0.0,0.276,600.0,400.0
2026-04-15 04:00,2501,105,4,4,5833.3,0.0,0.241,600.0,400.0
2026-04-15 05:00,2502,105,4,5,6113.5,0.0,0.505,600.0,400.0
2026-04-15 06:00,2503,105,4,6,6288.2,0.089,0.082,600.0,400.0
2026-04-15 07:00,2504,105,4,7,6713.7,0.265,0.15,600.0,400.0
2026-04-15 08:00,2505,105,4,8,6977.7,0.295,0.47,600.0,400.0
2026-04-15 09:00,2506,105,4,9,7019.5,0.548,0.204,600.0,400.0
2026-04-15 10:00,2507,105,4,10,6598.1,0.604,0.249,600.0,400.0
2026-04-15 11:00,2508,105,4,11,5311.6,0.798,0.086,600.0,400.0
2026-04-15 12:00,2509,105,4,12,5100.0,0.612,0.175,600.0,400.0
2026-04-15 13:00,2510,105,4,13,5100.0,0.586,0.068,600.0,400.0
2026-04-15 14:00,2511,105,4,14,5100.0,0.645,0.133,600.0,400.0
2026-04-15 15:00,2512,105,4,15,5938.3,0.59,0.349,600.0,400.0
2026-04-15 16:00,2513,105,4,16,7404.0,0.411,0.435,600.0,400.0
2026-04-15 17:00,2514,105,4,17,8143.4,0.139,0.533,600.0,400.0
2026-04-15 18:00,2515,105,4,18,8753.3,0.082,0.217,600.0,400.0
2026-04-15 19:00,2516,105,4,19,8825.9,0.0,0.258,600.0,400.0
2026-04-15 20:00,2517,105,4,20,8197.8,0.0,0.369,600.0,400.0
2026-04-15 21:00,2518,105,4,21,6959.7,0.0,0.125,600.0,400.0
2026-04-15 22:00,2519,105,4,22,6493.2,0.0,0.495,600.0,400.0
2026-04-15 23:00,2520,105,4,23,5879.7,0.0,0.311,600.0,400.0
2026-04-16 00:00,2521,106,4,0,5644.2,0.0,0.651,600.0,400.0
2026-04-16 01:00,2522,106,4,1,6095.0,0.0,0.129,600.0,400.0
2026-04-16 02:00,2523,106,4,2,5682.9,0.0,0.131,600.0,400.0
2026-04-16 03:00,2524,106,4,3,5601.9,0.0,0.208,600.0,400.0
2026-04-16 04:00,2525,106,4,4,5889.5,0.0,0.147,600.0,400.0
2026-04-16 05:00,2526,106,4,5,6035.8,0.0,0.305,600.0,400.0
2026-04-16 06:00,2527,106,4,6,6408.4,0.042,0.45,600.0,400.0
2026-04-16 07:00,2528,106,4,7,6908.8,0.234,0.085,600.0,400.0
2026-04-16 08:00,2529,106,4,8,7480.3,0.405,0.141,600.0,400.0
2026-04-16 09:00,2530,106,4,9,6970.6,0.505,0.141,600.0,400.0
2026-04-16 10:00,2531,106,4,10,6202.0,0.58,0.229,600.0,400.0
2026-04-16 11:00,2532,106,4,11,5100.0,0.637,0.22,600.0,400.0
2026-04-16 12:00,2533,106,4,12,5100.0,0.745,0.334,600.0,400.0
2026-04-16 13:00,2534,106,4,13,5100.0,0.482,0.356,600.0,400.0
2026-04-16 14:00,2535,106,4,14,5100.0,0.53,0.305,600.0,400.0
2026-04-16 15:00,2536,106,4,15,5803.6,0.594,0.33,600.0,400.0
2026-04-16 16:00,2537,106,4,16,7472.3,0.407,0.489,600.0,400.0
2026-04-16 17:00,2538,106,4,17,8331.2,0.246,0.274,600.0,400.0
2026-04-16 18:00,2539,106,4,18,8574.1,0.083,0.048,600.0,400.0
2026-04-16 19:00,2540,106,4,19,8782.2,0.0,0.201,600.0,400.0
2026-04-16 20:00,2541,106,4,20,8070.5,0.0,0.082,600.0,400.0
2026-04-16 21:00,2542,106,4,21,7113.4,0.0,0.286,600.0,400.0
2026-04-16 22:00,2543,106,4,22,6495.3,0.0,0.265,600.0,400.0
2026-04-16 23:00,2544,106,4,23,5966.6,0.0,0.129,600.0,400.0
2026-04-17 00:00,2545,107,4,0,6004.5,0.0,0.429,600.0,400.0
2026-04-17 01:00,2546,107,4,1,5686.7,0.0,0.314,600.0,400.0
2026-04-17 02:00,2547,107,4,2,5403.6,0.0,0.172,600.0,400.0
2026-04-17 03:00,2548,107,4,3,5561.7,0.0,0.369,600.0,400.0
2026-04-17 04:00,2549,107,4,4,5905.4,0.0,0.309,600.0,400.0
2026-04-17 05:00,2550,107,4,5,6292.7,0.0,0.134,600.0,400.0
2026-04-17 06:00,2551,107,4,6,6087.5,0.09,0.525,600.0,400.0
2026-04-17 07:00,2552,107,4,7,6510.9,0.216,0.121,600.0,400.0
2026-04-17 08:00,2553,107,4,8,7450.7,0.334,0.313,600.0,400.0
2026-04-17 09:00,2554,107,4,9,7213.9,0.446,0.473,600.0,400.0
2026-04-17 10:00,2555,107,4,10,5987.3,0.442,0.304,600.0,400.0
2026-04-17 11:00,2556,107,4,11,5198.0,0.74,0.293,600.0,400.0
2026-04-17 12:00,2557,107,4,12,5100.0,0.759,0.442,600.0,400.0
2026-04-17 13:00,2558,107,4,13,5100.0,0.654,0.18,600.0,400.0
2026-04-17 14:00,2559,107,4,14,5100.0,0.48,0.193,600.0,400.0
2026-04-17 15:00,2560,107,4,15,5998.7,0.586,0.352,600.0,400.0
2026-04-17 16:00,2561,107,4,16,7154.0,0.399,0.524,600.0,400.0
2026-04-17 17:00,2562,107,4,17,8197.9,0.281,0.372,600.0,400.0
2026-04-17 18:00,2563,107,4,18,8625.3,0.073,0.735,600.0,400.0
2026-04-17 19:00,2564,107,4,19,8814.3,0.0,0.206,600.0,400.0
2026-04-17 20:00,2565,107,4,20,8040.8,0.0,0.522,600.0,400.0
2026-04-17 21:00,2566,107,4,21,7249.5,0.0,0.629,600.0,400.0
2026-04-17 22:00,2567,107,4,22,6370.7,0.0,0.296,600.0,400.0
2026-04-17 23:00,2568,107,4,23,6120.2,0.0,0.667,600.0,400.0
2026-04-18 00:00,2569,108,4,0,5304.2,0.0,0.18,600.0,400.0
2026-04-18 01:00,2570,108,4,1,5130.5,0.0,0.592,600.0,400.0
2026-04-18 02:00,2571,108,4,2,5180.2,0.0,0.494,600.0,400.0
2026-04-18 03:00,2572,108,4,3,5100.0,0.0,0.087,600.0,400.0
2026-04-18 04:00,2573,108,4,4,5234.7,0.0,0.255,600.0,400.0
2026-04-18 05:00,2574,108,4,5,5473.8,0.0,0.245,600.0,400.0
2026-04-18 06:00,2575,108,4,6,6253.2,0.078,0.07,600.0,400.0
2026-04-18 07:00,2576,108,4,7,6088.8,0.245,0.057,600.0,400.0
2026-04-18 08:00,2577,108,4,8,6813.5,0.429,0.03,600.0,400.0
2026-04-18 09:00,2578,108,4,9,6738.9,0.485,0.228,600.0,400.0
2026-04-18 10:00,2579,108,4,10,5681.1,0.437,0.215,600.0,400.0
2026-04-18 11:00,2580,108,4,11,5100.0,0.8,0.46,600.0,400.0
2026-04-18 12:00,2581,108,4,12,5100.0,0.709,0.195,600.0,400.0
2026-04-18 13:00,2582,108,4,13,5100.0,0.616,0.323,600.0,400.0
2026-04-18 14:00,2583,108,4,14,5100.0,0.63,0.032,600.0,400.0
2026-04-18 15:00,2584,108,4,15,5578.5,0.593,0.363,600.0,400.0
2026-04-18 16:00,2585,108,4,16,6906.3,0.394,0.559,600.0,400.0
2026-04-18 17:00,2586,108,4,17,7429.4,0.207,0.256,600.0,400.0
2026-04-18 18:00,2587,108,4,18,7860.5,0.087,0.245,600.0,400.0
2026-04-18 19:00,2588,108,4,19,8039.0,0.0,0.394,600.0,400.0
2026-04-18 20:00,2589,108,4,20,7401.3,0.0,0.258,600.0,400.0
2026-04-18 21:00,2590,108,4,21,6719.4,0.0,0.29,600.0,400.0
2026-04-18 22:00,2591,108,4,22,6205.6,0.0,0.227,600.0,400.0
2026-04-18 23:00,2592,108,4,23,5461.5,0.0,0.252,600.0,400.0
2026-04-19 00:00,2593,109,4,0,5160.0,0.0,0.388,600.0,400.0
2026-04-19 01:00,2594,109,4,1,5177.3,0.0,0.544,600.0,400.0
2026-04-19 02:00,2595,109,4,2,5309.9,0.0,0.31,600.0,400.0
2026-04-19 03:00,2596,109,4,3,5100.0,0.0,0.035,600.0,400.0
2026-04-19 04:00,2597,109,4,4,5185.6,0.0,0.168,600.0,400.0
2026-04-19 05:00,2598,109,4,5,5515.7,0.0,0.476,600.0,400.0
2026-04-19 06:00,2599,109,4,6,6025.9,0.095,0.41,600.0,400.0
2026-04-19 07:00,2600,109,4,7,6188.0,0.13,0.097,600.0,400.0
2026-04-19 08:00,2601,109,4,8,6278.9,0.251,0.394,600.0,400.0
2026-04-19 09:00,2602,109,4,9,6678.6,0.568,0.466,600.0,400.0
2026-04-19 10:00,2603,109,4,10,5534.5,0.468,0.173,600.0,400.0
2026-04-19 11:00,2604,109,4,11,5100.0,0.675,0.307,600.0,400.0
2026-04-19 12:00,2605,109,4,12,5100.0,0.52,0.269,600.0,400.0
2026-04-19 13:00,2606,109,4,13,5100.0,0.73,0.204,600.0,400.0
2026-04-19 14:00,2607,109,4,14,5100.0,0.66,0.141,600.0,400.0
2026-04-19 15:00,2608,109,4,15,5100.0,0.509,0.24,600.0,400.0
2026-04-19 16:00,2609,109,4,16,6874.4,0.394,0.578,600.0,400.0
2026-04-19 17:00,2610,109,4,17,7733.5,0.21,0.484,600.0,400.0
2026-04-19 18:00,2611,109,4,18,8175.8,0.063,0.253,600.0,400.0
2026-04-19 19:00,2612,109,4,19,7889.5,0.0,0.356,600.0,400.0
2026-04-19 20:00,2613,109,4,20,7497.1,0.0,0.293,600.0,400.0
2026-04-19 21:00,2614,109,4,21,6728.6,0.0,0.319,600.0,400.0
2026-04-19 22:00,2615,109,4,22,6103.4,0.0,0.463,600.0,400.0
2026-04-19 23:00,2616,109,4,23,5641.6,0.0,0.338,600.0,400.0
2026-04-20 00:00,2617,110,4,0,5498.7,0.0,0.169,600.0,400.0
2026-04-20 01:00,2618,110,4,1,5630.5,0.0,0.2,600.0,400.0
2026-04-20 02:00,2619,110,4,2,5697.2,0.0,0.304,600.0,400.0
2026-04-20 03:00,2620,110,4,3,5885.0,0.0,0.338,600.0,400.0
2026-04-20 04:00,2621,110,4,4,5854.7,0.0,0.251,600.0,400.0
2026-04-20 05:00,2622,110,4,5,6084.8,0.0,0.276,600.0,400.0
2026-04-20 06:00,2623,110,4,6,6354.6,0.087,0.333,600.0,400.0
2026-04-20 07:00,2624,110,4,7,7037.3,0.151,0.234,600.0,400.0
2026-04-20 08:00,2625,110,4,8,7216.9,0.367,0.49,600.0,400.0
2026-04-20 09:00,2626,110,4,9,7013.8,0.509,0.14,600.0,400.0
2026-04-20 10:00,2627,110,4,10,6350.8,0.438,0.418,600.0,400.0
2026-04-20 11:00,2628,110,4,11,5224.2,0.785,0.154,600.0,400.0
2026-04-20 12:00,2629,110,4,12,5100.0,0.721,0.259,600.0,400.0
2026-04-20 13:00,2630,110,4,13,5100.0,0.811,0.246,600.0,400.0
2026-04-20 14:00,2631,110,4,14,5100.0,0.589,0.23,600.0,400.0
2026-04-20 15:00,2632,110,4,15,5924.9,0.582,0.614,600.0,400.0
2026-04-20 16:00,2633,110,4,16,7347.7,0.419,0.211,600.0,400.0
2026-04-20 17:00,2634,110,4,17,8234.0,0.202,0.401,600.0,400.0
2026-04-20 18:00,2635,110,4,18,9045.4,0.069,0.493,600.0,400.0
2026-04-20 19:00,2636,110,4,19,8944.8,0.0,0.193,600.0,400.0
2026-04-20 20:00,2637,110,4,20,8214.5,0.0,0.738,600.0,400.0
2026-04-20 21:00,2638,110,4,21,7465.4,0.0,0.356,600.0,400.0
2026-04-20 22:00,2639,110,4,22,6364.8,0.0,0.6,600.0,400.0
2026-04-20 23:00,2640,110,4,23,6079.6,0.0,0.395,600.0,400.0
2026-04-21 00:00,2641,111,4,0,5905.7,0.0,0.373,600.0,400.0
2026-04-21 01:00,2642,111,4,1,5582.5,0.0,0.231,600.0,400.0
2026-04-21 02:00,2643,111,4,2,5488.4,0.0,0.397,600.0,400.0
2026-04-21 03:00,2644,111,4,3,5547.8,0.0,0.059,600.0,400.0
2026-04-21 04:00,2645,111,4,4,5567.7,0.0,0.267,600.0,400.0
2026-04-21 05:00,2646,111,4,5,5833.0,0.0,0.055,600.0,400.0
2026-04-21 06:00,2647,111,4,6,6281.9,0.091,0.167,600.0,400.0
2026-04-21 07:00,2648,111,4,7,6586.8,0.245,0.088,600.0,400.0
2026-04-21 08:00,2649,111,4,8,7153.8,0.308,0.396,600.0,400.0
2026-04-21 09:00,2650,111,4,9,7295.9,0.367,0.261,600.0,400.0
2026-04-21 10:00,2651,111,4,10,5981.0,0.713,0.282,600.0,400.0
2026-04-21 11:00,2652,111,4,11,5355.6,0.731,0.381,600.0,400.0
2026-04-21 12:00,2653,111,4,12,5100.0,0.759,0.337,600.0,400.0
2026-04-21 13:00,2654,111,4,13,5100.0,0.711,0.119,600.0,400.0
2026-04-21 14:00,2655,111,4,14,5100.0,0.554,0.324,600.0,400.0
2026-04-21 15:00,2656,111,4,15,5987.5,0.463,0.659,600.0,400.0
2026-04-21 16:00,2657,111,4,16,7141.5,0.385,0.185,600.0,400.0
2026-04-21 17:00,2658,111,4,17,8326.6,0.212,0.373,600.0,400.0
2026-04-21 18:00,2659,111,4,18,8800.9,0.091,0.357,600.0,400.0
2026-04-21 19:00,2660,111,4,19,8861.9,0.0,0.285,600.0,400.0
2026-04-21 20:00,2661,111,4,20,7995.9,0.0,0.685,600.0,400.0
2026-04-21 21:00,2662,111,4,21,7171.6,0.0,0.269,600.0,400.0
2026-04-21 22:00,2663,111,4,22,6625.6,0.0,0.129,600.0,400.0
2026-04-21 23:00,2664,111,4,23,5864.2,0.0,0.669,600.0,400.0
2026-04-22 00:00,2665,112,4,0,5690.3,0.0,0.415,600.0,400.0
2026-04-22 01:00,2666,112,4,1,5398.7,0.0,0.23,600.0,400.0
2026-04-22 02:00,2667,112,4,2,5759.8,0.0,0.194,600.0,400.0
2026-04-22 03:00,2668,112,4,3,5454.9,0.0,0.494,600.0,400.0
2026-04-22 04:00,2669,112,4,4,5830.4,0.0,0.171,600.0,400.0
2026-04-22 05:00,2670,112,4,5,6058.7,0.0,0.248,600.0,400.0
2026-04-22 06:00,2671,112,4,6,6229.7,0.038,0.137,600.0,400.0
2026-04-22 07:00,2672,112,4,7,6904.8,0.137,0.583,600.0,400.0
2026-04-22 08:00,2673,112,4,8,7193.0,0.252,0.312,600.0,400.0
2026-04-22 09:00,2674,112,4,9,7065.3,0.466,0.241,600.0,400.0
2026-04-22 10:00,2675,112,4,10,5964.9,0.537,0.313,600.0,400.0
2026-04-22 11:00,2676,112,4,11,5100.0,0.504,0.432,600.0,400.0
2026-04-22 12:00,2677,112,4,12,5100.0,0.565,0.521,600.0,400.0
2026-04-22 13:00,2678,112,4,13,5100.0,0.566,0.383,600.0,400.0
2026-04-22 14:00,2679,112,4,14,5100.0,0.66,0.447,600.0,400.0
2026-04-22 15:00,2680,112,4,15,5808.6,0.568,0.252,600.0,400.0
2026-04-22 16:00,2681,112,4,16,7424.8,0.362,0.262,600.0,400.0
2026-04-22 17:00,2682,112,4,17,8135.9,0.247,0.482,600.0,400.0
2026-04-22 18:00,2683,112,4,18,8720.7,0.063,0.462,600.0,400.0
2026-04-22 19:00,2684,112,4,19,8890.5,0.0,0.593,600.0,400.0
2026-04-22 20:00,2685,112,4,20,8237.6,0.0,0.158,600.0,400.0
2026-04-22 21:00,2686,112,4,21,7365.4,0.0,0.429,600.0,400.0
2026-04-22 22:00,2687,112,4,22,6605.1,0.0,0.399,600.0,400.0
2026-04-22 23:00,2688,112,4,23,5770.3,0.0,0.475,600.0,400.0
2026-04-23 00:00,2689,113,4,0,5737.3,0.0,0.063,600.0,400.0
2026-04-23 01:00,2690,113,4,1,5715.4,0.0,0.454,600.0,400.0
2026-04-23 02:00,2691,113,4,2,5461.4,0.0,0.212,600.0,400.0
2026-04-23 03:00,2692,113,4,3,5613.1,0.0,0.335,600.0,400.0
2026-04-23 04:00,2693,113,4,4,5735.7,0.0,0.289,600.0,400.0
2026-04-23 05:00,2694,113,4,5,5937.0,0.0,0.216,600.0,400.0
2026-04-23 06:00,2695,113,4,6,6394.6,0.078,0.313,600.0,400.0
2026-04-23 07:00,2696,113,4,7,7040.7,0.152,0.46,600.0,400.0
2026-04-23 08:00,2697,113,4,8,7324.4,0.292,0.166,600.0,400.0
2026-04-23 09:00,2698,113,4,9,6941.6,0.447,0.306,600.0,400.0
2026-04-23 10:00,2699,113,4,10,6225.8,0.626,0.169,600.0,400.0
2026-04-23 11:00,2700,113,4,11,5325.1,0.681,0.378,600.0,400.0
2026-04-23 12:00,2701,113,4,12,5100.0,0.766,0.227,600.0,400.0
2026-04-23 13:00,2702,113,4,13,5100.0,0.759,0.244,600.0,400.0
2026-04-23 14:00,2703,113,4,14,5135.6,0.499,0.397,600.0,400.0
2026-04-23 15:00,2704,113,4,15,6014.6,0.484,0.291,600.0,400.0
2026-04-23 16:00,2705,113,4,16,7356.1,0.35,0.209,600.0,400.0
2026-04-23 17:00,2706,113,4,17,8351.4,0.215,0.848,600.0,400.0
2026-04-23 18:00,2707,113,4,18,8796.6,0.071,0.385,600.0,400.0
2026-04-23 19:00,2708,113,4,19,8777.2,0.0,0.404,600.0,400.0
2026-04-23 20:00,2709,113,4,20,8127.8,0.0,0.408,600.0,400.0
2026-04-23 21:00,2710,113,4,21,7564.9,0.0,0.572,600.0,400.0
2026-04-23 22:00,2711,113,4,22,6399.1,0.0,0.183,600.0,400.0
2026-04-23 23:00,2712,113,4,23,6261.1,0.0,0.1,600.0,400.0
2026-04-24 00:00,2713,114,4,0,5696.2,0.0,0.26,600.0,400.0
2026-04-24 01:00,2714,114,4,1,5393.5,0.0,0.319,600.0,400.0
2026-04-24 02:00,2715,114,4,2,5682.9,0.0,0.196,600.0,400.0
2026-04-24 03:00,2716,114,4,3,5316.1,0.0,0.336,600.0,400.0
2026-04-24 04:00,2717,114,4,4,5842.1,0.0,0.087,600.0,400.0
2026-04-24 05:00,2718,114,4,5,6100.2,0.0,0.347,600.0,400.0
2026-04-24 06:00,2719,114,4,6,6246.4,0.096,0.301,600.0,400.0
2026-04-24 07:00,2720,114,4,7,6831.4,0.214,0.133,600.0,400.0
2026-04-24 08:00,2721,114,4,8,7464.0,0.427,0.159,600.0,400.0
2026-04-24 09:00,2722,114,4,9,7070.6,0.429,0.333,600.0,400.0
2026-04-24 10:00,2723,114,4,10,5956.8,0.707,0.325,600.0,400.0
2026-04-24 11:00,2724,114,4,11,5349.6,0.731,0.359,600.0,400.0
2026-04-24 12:00,2725,114,4,12,5100.0,0.63,0.188,600.0,400.0
2026-04-24 13:00,2726,114,4,13,5100.0,0.647,0.566,600.0,400.0
2026-04-24 14:00,2727,114,4,14,5100.0,0.638,0.368,600.0,400.0
2026-04-24 15:00,2728,114,4,15,6065.4,0.234,0.096,600.0,400.0
2026-04-24 16:00,2729,114,4,16,7197.4,0.207,0.297,600.0,400.0
2026-04-24 17:00,2730,114,4,17,8106.6,0.253,0.396,600.0,400.0
2026-04-24 18:00,2731,114,4,18,8970.4,0.076,0.175,600.0,400.0
2026-04-24 19:00,2732,114,4,19,9043.0,0.0,0.594,600.0,400.0
2026-04-24 20:00,2733,114,4,20,8274.1,0.0,0.47,600.0,400.0
2026-04-24 21:00,2734,114,4,21,7174.0,0.0,0.123,600.0,400.0
2026-04-24 22:00,2735,114,4,22,6847.9,0.0,0.598,600.0,400.0
2026-04-24 23:00,2736,114,4,23,5931.0,0.0,0.277,600.0,400.0
2026-04-25 00:00,2737,115,4,0,5113.3,0.0,0.287,600.0,400.0
2026-04-25 01:00,2738,115,4,1,5222.8,0.0,0.426,600.0,400.0
2026-04-25 02:00,2739,115,4,2,5422.8,0.0,0.335,600.0,400.0
2026-04-25 03:00,2740,115,4,3,5336.6,0.0,0.24,600.0,400.0
2026-04-25 04:00,2741,115,4,4,5349.0,0.0,0.166,600.0,400.0
2026-04-25 05:00,2742,115,4,5,5556.0,0.0,0.241,600.0,400.0
2026-04-25 06:00,2743,115,4,6,5840.9,0.069,0.251,600.0,400.0
2026-04-25 07:00,2744,115,4,7,6356.0,0.189,0.262,600.0,400.0
2026-04-25 08:00,2745,115,4,8,6174.5,0.364,0.251,600.0,400.0
2026-04-25 09:00,2746,115,4,9,6532.0,0.523,0.257,600.0,400.0
2026-04-25 10:00,2747,115,4,10,5674.8,0.682,0.219,600.0,400.0
2026-04-25 11:00,2748,115,4,11,5100.0,0.501,0.256,600.0,400.0
2026-04-25 12:00,2749,115,4,12,5100.0,0.332,0.177,600.0,400.0
2026-04-25 13:00,2750,115,4,13,5100.0,0.382,0.135,600.0,400.0
2026-04-25 14:00,2751,115,4,14,5100.0,0.402,0.319,600.0,400.0
2026-04-25 15:00,2752,115,4,15,5634.4,0.27,0.082,600.0,400.0
2026-04-25 16:00,2753,115,4,16,6656.4,0.427,0.101,600.0,400.0
2026-04-25 17:00,2754,115,4,17,7505.3,0.254,0.208,600.0,400.0
2026-04-25 18:00,2755,115,4,18,8059.7,0.065,0.188,600.0,400.0
2026-04-25 19:00,2756,115,4,19,7999.3,0.0,0.277,600.0,400.0
2026-04-25 20:00,2757,115,4,20,7560.5,0.0,0.278,600.0,400.0
2026-04-25 21:00,2758,115,4,21,6608.3,0.0,0.147,600.0,400.0
2026-04-25 22:00,2759,115,4,22,5826.7,0.0,0.214,600.0,400.0
2026-04-25 23:00,2760,115,4,23,5634.3,0.0,0.03,600.0,400.0
2026-04-26 00:00,2761,116,4,0,5267.6,0.0,0.245,600.0,400.0
2026-04-26 01:00,2762,116,4,1,5100.0,0.0,0.434,600.0,400.0
2026-04-26 02:00,2763,116,4,2,5317.4,0.0,0.189,600.0,400.0
2026-04-26 03:00,2764,116,4,3,5100.0,0.0,0.316,600.0,400.0
2026-04-26 04:00,2765,116,4,4,5323.2,0.0,0.1,600.0,400.0
2026-04-26 05:00,2766,116,4,5,5613.1,0.0,0.035,600.0,400.0
2026-04-26 06:00,2767,116,4,6,5828.5,0.085,0.226,600.0,400.0
2026-04-26 07:00,2768,116,4,7,6339.5,0.257,0.209,600.0,400.0
2026-04-26 08:00,2769,116,4,8,6496.6,0.391,0.124,600.0,400.0
2026-04-26 09:00,2770,116,4,9,6548.0,0.317,0.156,600.0,400.0
2026-04-26 10:00,2771,116,4,10,5603.2,0.489,0.052,600.0,400.0
2026-04-26 11:00,2772,116,4,11,5100.0,0.614,0.351,600.0,400.0
2026-04-26 12:00,2773,116,4,12,5100.0,0.627,0.181,600.0,400.0
2026-04-26 13:00,2774,116,4,13,5100.0,0.693,0.16,600.0,400.0
2026-04-26 14:00,2775,116,4,14,5100.0,0.576,0.417,600.0,400.0
2026-04-26 15:00,2776,116,4,15,5337.1,0.554,0.075,600.0,400.0
2026-04-26 16:00,2777,116,4,16,6689.9,0.29,0.217,600.0,400.0
2026-04-26 17:00,2778,116,4,17,7490.8,0.256,0.216,600.0,400.0
2026-04-26 18:00,2779,116,4,18,8061.7,0.051,0.222,600.0,400.0
2026-04-26 19:00,2780,116,4,19,8148.2,0.0,0.048,600.0,400.0
2026-04-26 20:00,2781,116,4,20,7669.2,0.0,0.645,600.0,400.0
2026-04-26 21:00,2782,116,4,21,6625.6,0.0,0.553,600.0,400.0
2026-04-26 22:00,2783,116,4,22,5815.1,0.0,0.29,600.0,400.0
2026-04-26 23:00,2784,116,4,23,5368.0,0.0,0.295,600.0,400.0
2026-04-27 00:00,2785,117,4,0,5538.2,0.0,0.317,600.0,400.0
2026-04-27 01:00,2786,117,4,1,5561.1,0.0,0.284,600.0,400.0
2026-04-27 02:00,2787,117,4,2,5500.9,0.0,0.402,600.0,400.0
2026-04-27 03:00,2788,117,4,3,5444.7,0.0,0.258,600.0,400.0
2026-04-27 04:00,2789,117,4,4,5669.0,0.0,0.14,600.0,400.0
2026-04-27 05:00,2790,117,4,5,5987.6,0.0,0.104,600.0,400.0
2026-04-27 06:00,2791,117,4,6,6436.4,0.095,0.417,600.0,400.0
2026-04-27 07:00,2792,117,4,7,6722.5,0.282,0.063,600.0,400.0
2026-04-27 08:00,2793,117,4,8,7085.2,0.416,0.385,600.0,400.0
2026-04-27 09:00,2794,117,4,9,7003.3,0.429,0.283,600.0,400.0
2026-04-27 10:00,2795,117,4,10,6121.2,0.344,0.197,600.0,400.0
2026-04-27 11:00,2796,117,4,11,5100.0,0.55,0.133,600.0,400.0
2026-04-27 12:00,2797,117,4,12,5100.0,0.636,0.184,600.0,400.0
2026-04-27 13:00,2798,117,4,13,5100.0,0.567,0.273,600.0,400.0
2026-04-27 14:00,2799,117,4,14,5100.0,0.684,0.341,600.0,400.0
2026-04-27 15:00,2800,117,4,15,5899.0,0.449,0.376,600.0,400.0
2026-04-27 16:00,2801,117,4,16,7345.6,0.412,0.285,600.0,400.0
2026-04-27 17:00,2802,117,4,17,8615.1,0.252,0.264,600.0,400.0
2026-04-27 18:00,2803,117,4,18,8829.4,0.074,0.468,600.0,400.0
2026-04-27 19:00,2804,117,4,19,8612.7,0.0,0.626,600.0,400.0
2026-04-27 20:00,2805,117,4,20,8168.7,0.0,0.614,600.0,400.0
2026-04-27 21:00,2806,117,4,21,7030.6,0.0,0.358,600.0,400.0
2026-04-27 22:00,2807,117,4,22,6517.1,0.0,0.119,600.0,400.0
2026-04-27 23:00,2808,117,4,23,5882.7,0.0,0.111,600.0,400.0
2026-04-28 00:00,2809,118,4,0,5762.7,0.0,0.266,600.0,400.0
2026-04-28 01:00,2810,118,4,1,5529.5,0.0,0.397,600.0,400.0
2026-04-28 02:00,2811,118,4,2,5605.4,0.0,0.276,600.0,400.0
2026-04-28 03:00,2812,118,4,3,5550.4,0.0,0.31,600.0,400.0
2026-04-28 04:00,2813,118,4,4,6020.2,0.0,0.396,600.0,400.0
2026-04-28 05:00,2814,118,4,5,5907.2,0.0,0.061,600.0,400.0
2026-04-28 06:00,2815,118,4,6,6634.4,0.073,0.423,600.0,400.0
2026-04-28 07:00,2816,118,4,7,6941.9,0.26,0.17,600.0,400.0
2026-04-28 08:00,2817,118,4,8,7228.4,0.392,0.061,600.0,400.0
2026-04-28 09:00,2818,118,4,9,7210.6,0.446,0.348,600.0,400.0
2026-04-28 10:00,2819,118,4,10,6189.3,0.508,0.434,600.0,400.0
2026-04-28 11:00,2820,118,4,11,5100.0,0.612,0.336,600.0,400.0
2026-04-28 12:00,2821,118,4,12,5100.0,0.418,0.373,600.0,400.0
2026-04-28 13:00,2822,118,4,13,5100.0,0.725,0.439,600.0,400.0
2026-04-28 14:00,2823,118,4,14,5100.0,0.498,0.286,600.0,400.0
2026-04-28 15:00,2824,118,4,15,5626.0,0.428,0.371,600.0,400.0
2026-04-28 16:00,2825,118,4,16,7307.8,0.43,0.218,600.0,400.0
2026-04-28 17:00,2826,118,4,17,8456.9,0.268,0.21,600.0,400.0
2026-04-28 18:00,2827,118,4,18,8972.9,0.068,0.379,600.0,400.0
2026-04-28 19:00,2828,118,4,19,8763.5,0.0,0.455,600.0,400.0
2026-04-28 20:00,2829,118,4,20,8336.3,0.0,0.289,600.0,400.0
2026-04-28 21:00,2830,118,4,21,7256.1,0.0,0.289,600.0,400.0
2026-04-28 22:00,2831,118,4,22,6257.4,0.0,0.668,600.0,400.0
2026-04-28 23:00,2832,118,4,23,5868.1,0.0,0.327,600.0,400.0
2026-04-29 00:00,2833,119,4,0,5866.3,0.0,0.73,600.0,400.0
2026-04-29 01:00,2834,119,4,1,5573.6,0.0,0.483,600.0,400.0
2026-04-29 02:00,2835,119,4,2,5585.1,0.0,0.333,600.0,400.0
2026-04-29 03:00,2836,119,4,3,5604.1,0.0,0.033,600.0,400.0
2026-04-29 04:00,2837,119,4,4,6046.7,0.0,0.179,600.0,400.0
2026-04-29 05:00,2838,119,4,5,6218.7,0.0,0.209,600.0,400.0
2026-04-29 06:00,2839,119,4,6,6696.2,0.086,0.277,600.0,400.0
2026-04-29 07:00,2840,119,4,7,6786.2,0.097,0.189,600.0,400.0
2026-04-29 08:00,2841,119,4,8,7198.6,0.288,0.34,600.0,400.0
2026-04-29 09:00,2842,119,4,9,6908.9,0.381,0.273,600.0,400.0
2026-04-29 10:00,2843,119,4,10,6362.6,0.366,0.18,600.0,400.0
2026-04-29 11:00,2844,119,4,11,5100.0,0.651,0.344,600.0,400.0
2026-04-29 12:00,2845,119,4,12,5100.0,0.703,0.182,600.0,400.0
2026-04-29 13:00,2846,119,4,13,5100.0,0.388,0.085,600.0,400.0
2026-04-29 14:00,2847,119,4,14,5100.0,0.515,0.149,600.0,400.0
2026-04-29 15:00,2848,119,4,15,5716.8,0.518,0.03,600.0,400.0
2026-04-29 16:00,2849,119,4,16,7218.9,0.433,0.481,600.0,400.0
2026-04-29 17:00,2850,119,4,17,8098.0,0.202,0.377,600.0,400.0
2026-04-29 18:00,2851,119,4,18,8685.7,0.055,0.361,600.0,400.0
2026-04-29 19:00,2852,119,4,19,8906.7,0.0,0.413,600.0,400.0
2026-04-29 20:00,2853,119,4,20,8007.2,0.0,0.411,600.0,400.0
2026-04-29 21:00,2854,119,4,21,7350.1,0.0,0.365,600.0,400.0
2026-04-29 22:00,2855,119,4,22,6724.9,0.0,0.523,600.0,400.0
2026-04-29 23:00,2856,119,4,23,5933.9,0.0,0.293,600.0,400.0
2026-04-30 00:00,2857,120,4,0,5501.3,0.0,0.461,600.0,400.0
2026-04-30 01:00,2858,120,4,1,5580.5,0.0,0.428,600.0,400.0
2026-04-30 02:00,2859,120,4,2,5812.8,0.0,0.161,600.0,400.0
2026-04-30 03:00,2860,120,4,3,5683.2,0.0,0.245,600.0,400.0
2026-04-30 04:00,2861,120,4,4,5657.0,0.0,0.39,600.0,400.0
2026-04-30 05:00,2862,120,4,5,6036.0,0.0,0.369,600.0,400.0
2026-04-30 06:00,2863,120,4,6,6164.8,0.09,0.046,600.0,400.0
2026-04-30 07:00,2864,120,4,7,6920.7,0.214,0.136,600.0,400.0
2026-04-30 08:00,2865,120,4,8,7216.7,0.425,0.196,600.0,400.0
2026-04-30 09:00,2866,120,4,9,7102.3,0.474,0.062,600.0,400.0
2026-04-30 10:00,2867,120,4,10,5992.1,0.408,0.152,600.0,400.0
2026-04-30 11:00,2868,120,4,11,5100.0,0.759,0.158,600.0,400.0
2026-04-30 12:00,2869,120,4,12,5100.0,0.727,0.15,600.0,400.0
2026-04-30 13:00,2870,120,4,13,5100.0,0.744,0.225,600.0,400.0
2026-04-30 14:00,2871,120,4,14,5100.0,0.613,0.422,600.0,400.0
2026-04-30 15:00,2872,120,4,15,5924.1,0.593,0.19,600.0,400.0
2026-04-30 16:00,2873,120,4,16,6982.3,0.392,0.342,600.0,400.0
2026-04-30 17:00,2874,120,4,17,8090.7,0.283,0.344,600.0,400.0
2026-04-30 18:00,2875,120,4,18,8768.4,0.081,0.503,600.0,400.0
2026-04-30 19:00,2876,120,4,19,8627.8,0.0,0.286,600.0,400.0
2026-04-30 20:00,2877,120,4,20,8034.2,0.0,0.208,600.0,400.0
2026-04-30 21:00,2878,120,4,21,7207.9,0.0,0.581,600.0,400.0
2026-04-30 22:00,2879,120,4,22,6576.8,0.0,0.515,600.0,400.0
2026-04-30 23:00,2880,120,4,23,5986.0,0.0,0.374,600.0,400.0
2026-05-01 00:00,2881,121,5,0,5258.1,0.0,0.121,600.0,400.0
2026-05-01 01:00,2882,121,5,1,5278.1,0.0,0.049,600.0,400.0
2026-05-01 02:00,2883,121,5,2,5527.0,0.0,0.154,600.0,400.0
2026-05-01 03:00,2884,121,5,3,5725.3,0.0,0.151,600.0,400.0
2026-05-01 04:00,2885,121,5,4,5302.4,0.0,0.118,600.0,400.0
2026-05-01 05:00,2886,121,5,5,5878.6,0.0,0.159,600.0,400.0
2026-05-01 06:00,2887,121,5,6,6257.0,0.07,0.177,600.0,400.0
2026-05-01 07:00,2888,121,5,7,7033.8,0.209,0.308,600.0,400.0
2026-05-01 08:00,2889,121,5,8,7089.7,0.286,0.288,600.0,400.0
2026-05-01 09:00,2890,121,5,9,7212.8,0.456,0.092,600.0,400.0
2026-05-01 10:00,2891,121,5,10,6148.9,0.608,0.507,600.0,400.0
2026-05-01 11:00,2892,121,5,11,5100.0,0.436,0.329,600.0,400.0
2026-05-01 12:00,2893,121,5,12,5100.0,0.745,0.13,600.0,400.0
2026-05-01 13:00,2894,121,5,13,5100.0,0.555,0.119,600.0,400.0
2026-05-01 14:00,2895,121,5,14,5100.0,0.586,0.106,600.0,400.0
2026-05-01 15:00,2896,121,5,15,6479.0,0.452,0.397,600.0,400.0
2026-05-01 16:00,2897,121,5,16,6982.7,0.38,0.196,600.0,400.0
2026-05-01 17:00,2898,121,5,17,8460.2,0.106,0.111,600.0,400.0
2026-05-01 18:00,2899,121,5,18,8727.4,0.075,0.293,600.0,400.0
2026-05-01 19:00,2900,121,5,19,8819.4,0.0,0.439,600.0,400.0
2026-05-01 20:00,2901,121,5,20,8176.7,0.0,0.247,600.0,400.0
2026-05-01 21:00,2902,121,5,21,7246.9,0.0,0.326,600.0,400.0
2026-05-01 22:00,2903,121,5,22,6438.8,0.0,0.187,600.0,400.0
2026-05-01 23:00,2904,121,5,23,6068.7,0.0,0.288,600.0,400.0
2026-05-02 00:00,2905,122,5,0,5100.0,0.0,0.248,600.0,400.0
2026-05-02 01:00,2906,122,5,1,5288.1,0.0,0.266,600.0,400.0
2026-05-02 02:00,2907,122,5,2,5107.5,0.0,0.264,600.0,400.0
2026-05-02 03:00,2908,122,5,3,5100.0,0.0,0.103,600.0,400.0
2026-05-02 04:00,2909,122,5,4,5210.7,0.0,0.098,600.0,400.0
2026-05-02 05:00,2910,122,5,5,5683.0,0.0,0.159,600.0,400.0
2026-05-02 06:00,2911,122,5,6,5748.3,0.082,0.099,600.0,400.0
2026-05-02 07:00,2912,122,5,7,6324.1,0.253,0.146,600.0,400.0
2026-05-02 08:00,2913,122,5,8,6462.2,0.342,0.045,600.0,400.0
2026-05-02 09:00,2914,122,5,9,6700.7,0.472,0.176,600.0,400.0
2026-05-02 10:00,2915,122,5,10,5745.8,0.462,0.137,600.0,400.0
2026-05-02 11:00,2916,122,5,11,5100.0,0.631,0.411,600.0,400.0
2026-05-02 12:00,2917,122,5,12,5100.0,0.657,0.406,600.0,400.0
2026-05-02 13:00,2918,122,5,13,5100.0,0.435,0.191,600.0,400.0
2026-05-02 14:00,2919,122,5,14,5100.0,0.526,0.268,600.0,400.0
2026-05-02 15:00,2920,122,5,15,5590.1,0.516,0.598,600.0,400.0
2026-05-02 16:00,2921,122,5,16,6615.9,0.433,0.317,600.0,400.0
2026-05-02 17:00,2922,122,5,17,7648.7,0.254,0.513,600.0,400.0
2026-05-02 18:00,2923,122,5,18,8040.4,0.087,0.51,600.0,400.0
2026-05-02 19:00,2924,122,5,19,8061.3,0.0,0.653,600.0,400.0
2026-05-02 20:00,2925,122,5,20,7544.0,0.0,0.247,600.0,400.0
2026-05-02 21:00,2926,122,5,21,6770.0,0.0,0.09,600.0,400.0
2026-05-02 22:00,2927,122,5,22,5989.0,0.0,0.136,600.0,400.0
2026-05-02 23:00,2928,122,5,23,5569.0,0.0,0.351,600.0,400.0
2026-05-03 00:00,2929,123,5,0,5419.4,0.0,0.319,600.0,400.0
2026-05-03 01:00,2930,123,5,1,5325.7,0.0,0.212,600.0,400.0
2026-05-03 02:00,2931,123,5,2,5313.2,0.0,0.182,600.0,400.0
2026-05-03 03:00,2932,123,5,3,5127.1,0.0,0.345,600.0,400.0
2026-05-03 04:00,2933,123,5,4,5140.4,0.0,0.194,600.0,400.0
2026-05-03 05:00,2934,123,5,5,5634.7,0.0,0.27,600.0,400.0
2026-05-03 06:00,2935,123,5,6,5974.1,0.074,0.299,600.0,400.0
2026-05-03 07:00,2936,123,5,7,6502.4,0.216,0.2,600.0,400.0
2026-05-03 08:00,2937,123,5,8,6482.6,0.213,0.125,600.0,400.0
2026-05-03 09:00,2938,123,5,9,6542.7,0.54,0.363,600.0,400.0
2026-05-03 10:00,2939,123,5,10,5373.8,0.329,0.089,600.0,400.0
2026-05-03 11:00,2940,123,5,11,5100.0,0.717,0.368,600.0,400.0
2026-05-03 12:00,2941,123,5,12,5100.0,0.532,0.392,600.0,400.0
2026-05-03 13:00,2942,123,5,13,5100.0,0.596,0.288,600.0,400.0
2026-05-03 14:00,2943,123,5,14,5100.0,0.321,0.329,600.0,400.0
2026-05-03 15:00,2944,123,5,15,5352.2,0.432,0.236,600.0,400.0
2026-05-03 16:00,2945,123,5,16,6782.7,0.401,0.488,600.0,400.0
2026-05-03 17:00,2946,123,5,17,7345.8,0.196,0.216,600.0,400.0
2026-05-03 18:00,2947,123,5,18,8085.2,0.076,0.355,600.0,400.0
2026-05-03 19:00,2948,123,5,19,7592.9,0.0,0.03,600.0,400.0
2026-05-03 20:00,2949,123,5,20,7499.4,0.0,0.654,600.0,400.0
2026-05-03 21:00,2950,123,5,21,6468.7,0.0,0.667,600.0,400.0
2026-05-03 22:00,2951,123,5,22,6200.6,0.0,0.433,600.0,400.0
2026-05-03 23:00,2952,123,5,23,5659.1,0.0,0.286,600.0,400.0
2026-05-04 00:00,2953,124,5,0,5690.9,0.0,0.168,600.0,400.0
2026-05-04 01:00,2954,124,5,1,5860.8,0.0,0.289,600.0,400.0
2026-05-04 02:00,2955,124,5,2,5472.2,0.0,0.409,600.0,400.0
2026-05-04 03:00,2956,124,5,3,5931.7,0.0,0.301,600.0,400.0
2026-05-04 04:00,2957,124,5,4,5891.2,0.0,0.257,600.0,400.0
2026-05-04 05:00,2958,124,5,5,5920.7,0.0,0.38,600.0,400.0
2026-05-04 06:00,2959,124,5,6,6522.9,0.068,0.169,600.0,400.0
2026-05-04 07:00,2960,124,5,7,6634.7,0.217,0.362,600.0,400.0
2026-05-04 08:00,2961,124,5,8,7019.4,0.341,0.2,600.0,400.0
2026-05-04 09:00,2962,124,5,9,7054.2,0.354,0.03,600.0,400.0
2026-05-04 10:00,2963,124,5,10,6041.6,0.616,0.307,600.0,400.0
2026-05-04 11:00,2964,124,5,11,5100.0,0.402,0.4,600.0,400.0
2026-05-04 12:00,2965,124,5,12,5100.0,0.651,0.242,600.0,400.0
2026-05-04 13:00,2966,124,5,13,5100.0,0.494,0.246,600.0,400.0
2026-05-04 14:00,2967,124,5,14,5100.0,0.554,0.417,600.0,400.0
2026-05-04 15:00,2968,124,5,15,5759.5,0.443,0.502,600.0,400.0
2026-05-04 16:00,2969,124,5,16,7024.9,0.361,0.678,600.0,400.0
2026-05-04 17:00,2970,124,5,17,8227.4,0.25,0.252,600.0,400.0
2026-05-04 18:00,2971,124,5,18,8467.5,0.074,0.372,600.0,400.0
2026-05-04 19:00,2972,124,5,19,8762.4,0.0,0.516,600.0,400.0
2026-05-04 20:00,2973,124,5,20,7965.1,0.0,0.351,600.0,400.0
2026-05-04 21:00,2974,124,5,21,7632.7,0.0,0.317,600.0,400.0
2026-05-04 22:00,2975,124,5,22,6675.8,0.0,0.361,600.0,400.0
2026-05-04 23:00,2976,124,5,23,6032.9,0.0,0.257,600.0,400.0
2026-05-05 00:00,2977,125,5,0,5818.4,0.0,0.175,600.0,400.0
2026-05-05 01:00,2978,125,5,1,5482.0,0.0,0.097,600.0,400.0
2026-05-05 02:00,2979,125,5,2,5711.0,0.0,0.321,600.0,400.0
2026-05-05 03:00,2980,125,5,3,5684.1,0.0,0.219,600.0,400.0
2026-05-05 04:00,2981,125,5,4,5784.3,0.0,0.424,600.0,400.0
2026-05-05 05:00,2982,125,5,5,6162.1,0.0,0.146,600.0,400.0
2026-05-05 06:00,2983,125,5,6,6458.4,0.072,0.168,600.0,400.0
2026-05-05 07:00,2984,125,5,7,6857.9,0.132,0.478,600.0,400.0
2026-05-05 08:00,2985,125,5,8,6886.5,0.334,0.236,600.0,400.0
2026-05-05 09:00,2986,125,5,9,6997.9,0.438,0.175,600.0,400.0
2026-05-05 10:00,2987,125,5,10,6106.6,0.54,0.372,600.0,400.0
2026-05-05 11:00,2988,125,5,11,5127.4,0.633,0.325,600.0,400.0
2026-05-05 12:00,2989,125,5,12,5100.0,0.655,0.273,600.0,400.0
2026-05-05 13:00,2990,125,5,13,5100.0,0.698,0.454,600.0,400.0
2026-05-05 14:00,2991,125,5,14,5100.0,0.571,0.11,600.0,400.0
2026-05-05 15:00,2992,125,5,15,5947.1,0.47,0.251,600.0,400.0
2026-05-05 16:00,2993,125,5,16,7327.7,0.344,0.465,600.0,400.0
2026-05-05 17:00,2994,125,5,17,8150.3,0.235,0.27,600.0,400.0
2026-05-05 18:00,2995,125,5,18,8621.1,0.073,0.617,600.0,400.0
2026-05-05 19:00,2996,125,5,19,8785.8,0.0,0.169,600.0,400.0
2026-05-05 20:00,2997,125,5,20,8225.3,0.0,0.262,600.0,400.0
2026-05-05 21:00,2998,125,5,21,7116.1,0.0,0.3,600.0,400.0
2026-05-05 22:00,2999,125,5,22,6583.5,0.0,0.419,600.0,400.0
2026-05-05 23:00,3000,125,5,23,5991.1,0.0,0.183,600.0,400.0
2026-05-06 00:00,3001,126,5,0,5310.9,0.0,0.041,600.0,400.0
2026-05-06 01:00,3002,126,5,1,5479.7,0.0,0.653,600.0,400.0
2026-05-06 02:00,3003,126,5,2,5557.9,0.0,0.49,600.0,400.0
2026-05-06 03:00,3004,126,5,3,5954.1,0.0,0.191,600.0,400.0
2026-05-06 04:00,3005,126,5,4,5831.1,0.0,0.242,600.0,400.0
2026-05-06 05:00,3006,126,5,5,5744.9,0.0,0.232,600.0,400.0
2026-05-06 06:00,3007,126,5,6,6419.0,0.087,0.378,600.0,400.0
2026-05-06 07:00,3008,126,5,7,6564.1,0.216,0.251,600.0,400.0
2026-05-06 08:00,3009,126,5,8,7324.5,0.361,0.34,600.0,400.0
2026-05-06 09:00,3010,126,5,9,7076.2,0.509,0.4,600.0,400.0
2026-05-06 10:00,3011,126,5,10,6111.3,0.55,0.247,600.0,400.0
2026-05-06 11:00,3012,126,5,11,5324.6,0.652,0.167,600.0,400.0
2026-05-06 12:00,3013,126,5,12,5100.0,0.663,0.247,600.0,400.0
2026-05-06 13:00,3014,126,5,13,5100.0,0.667,0.424,600.0,400.0
2026-05-06 14:00,3015,126,5,14,5100.0,0.349,0.31,600.0,400.0
2026-05-06 15:00,3016,126,5,15,6016.9,0.525,0.513,600.0,400.0
2026-05-06 16:00,3017,126,5,16,7073.1,0.268,0.538,600.0,400.0
2026-05-06 17:00,3018,126,5,17,7731.1,0.227,0.264,600.0,400.0
2026-05-06 18:00,3019,126,5,18,8701.2,0.075,0.305,600.0,400.0
2026-05-06 19:00,3020,126,5,19,8861.7,0.0,0.422,600.0,400.0
2026-05-06 20:00,3021,126,5,20,8376.1,0.0,0.144,600.0,400.0
2026-05-06 21:00,3022,126,5,21,7240.7,0.0,0.318,600.0,400.0
2026-05-06 22:00,3023,126,5,22,6464.2,0.0,0.164,600.0,400.0
2026-05-06 23:00,3024,126,5,23,6200.6,0.0,0.513,600.0,400.0
2026-05-07 00:00,3025,127,5,0,5317.0,0.0,0.602,600.0,400.0
2026-05-07 01:00,3026,127,5,1,5555.2,0.0,0.142,600.0,400.0
2026-05-07 02:00,3027,127,5,2,5654.5,0.0,0.345,600.0,400.0
2026-05-07 03:00,3028,127,5,3,5724.0,0.0,0.314,600.0,400.0
2026-05-07 04:00,3029,127,5,4,5660.5,0.0,0.349,600.0,400.0
2026-05-07 05:00,3030,127,5,5,5964.1,0.0,0.305,600.0,400.0
2026-05-07 06:00,3031,127,5,6,5943.1,0.08,0.138,600.0,400.0
2026-05-07 07:00,3032,127,5,7,6706.3,0.227,0.158,600.0,400.0
2026-05-07 08:00,3033,127,5,8,7223.9,0.315,0.115,600.0,400.0
2026-05-07 09:00,3034,127,5,9,6994.4,0.507,0.409,600.0,400.0
2026-05-07 10:00,3035,127,5,10,6135.7,0.36,0.233,600.0,400.0
2026-05-07 11:00,3036,127,5,11,5184.0,0.469,0.525,600.0,400.0
2026-05-07 12:00,3037,127,5,12,5100.0,0.438,0.231,600.0,400.0
2026-05-07 13:00,3038,127,5,13,5100.0,0.565,0.281,600.0,400.0
2026-05-07 14:00,3039,127,5,14,5100.0,0.58,0.407,600.0,400.0
2026-05-07 15:00,3040,127,5,15,5817.7,0.433,0.435,600.0,400.0
2026-05-07 16:00,3041,127,5,16,7413.8,0.419,0.193,600.0,400.0
2026-05-07 17:00,3042,127,5,17,8209.3,0.17,0.227,600.0,400.0
2026-05-07 18:00,3043,127,5,18,8679.6,0.08,0.132,600.0,400.0
2026-05-07 19:00,3044,127,5,19,8809.3,0.0,0.503,600.0,400.0
2026-05-07 20:00,3045,127,5,20,8298.4,0.0,0.497,600.0,400.0
2026-05-07 21:00,3046,127,5,21,6986.8,0.0,0.123,600.0,400.0
2026-05-07 22:00,3047,127,5,22,6715.5,0.0,0.219,600.0,400.0
2026-05-07 23:00,3048,127,5,23,5962.2,0.0,0.297,600.0,400.0
2026-05-08 00:00,3049,128,5,0,5684.3,0.0,0.324,600.0,400.0
2026-05-08 01:00,3050,128,5,1,5809.0,0.0,0.301,600.0,400.0
2026-05-08 02:00,3051,128,5,2,5404.6,0.0,0.645,600.0,400.0
2026-05-08 03:00,3052,128,5,3,5538.6,0.0,0.372,600.0,400.0
2026-05-08 04:00,3053,128,5,4,5695.9,0.0,0.108,600.0,400.0
2026-05-08 05:00,3054,128,5,5,5833.2,0.0,0.17,600.0,400.0
2026-05-08 06:00,3055,128,5,6,6618.8,0.086,0.179,600.0,400.0
2026-05-08 07:00,3056,128,5,7,6674.6,0.243,0.165,600.0,400.0
2026-05-08 08:00,3057,128,5,8,7062.4,0.417,0.32,600.0,400.0
2026-05-08 09:00,3058,128,5,9,7184.3,0.328,0.179,600.0,400.0
2026-05-08 10:00,3059,128,5,10,5933.9,0.385,0.224,600.0,400.0
2026-05-08 11:00,3060,128,5,11,5100.0,0.585,0.247,600.0,400.0
2026-05-08 12:00,3061,128,5,12,5100.0,0.574,0.17,600.0,400.0
2026-05-08 13:00,3062,128,5,13,5100.0,0.683,0.199,600.0,400.0
2026-05-08 14:00,3063,128,5,14,5100.0,0.505,0.402,600.0,400.0
2026-05-08 15:00,3064,128,5,15,5766.1,0.501,0.486,600.0,400.0
2026-05-08 16:00,3065,128,5,16,7073.9,0.334,0.077,600.0,400.0
2026-05-08 17:00,3066,128,5,17,8235.7,0.188,0.366,600.0,400.0
2026-05-08 18:00,3067,128,5,18,9054.2,0.089,0.391,600.0,400.0
2026-05-08 19:00,3068,128,5,19,8776.3,0.0,0.457,600.0,400.0
2026-05-08 20:00,3069,128,5,20,8220.1,0.0,0.433,600.0,400.0
2026-05-08 21:00,3070,128,5,21,7425.6,0.0,0.566,600.0,400.0
2026-05-08 22:00,3071,128,5,22,6326.9,0.0,0.119,600.0,400.0
2026-05-08 23:00,3072,128,5,23,6288.4,0.0,0.271,600.0,400.0
2026-05-09 00:00,3073,129,5,0,5199.3,0.0,0.446,600.0,400.0
2026-05-09 01:00,3074,129,5,1,5429.1,0.0,0.47,600.0,400.0
2026-05-09 02:00,3075,129,5,2,5100.0,0.0,0.188,600.0,400.0
2026-05-09 03:00,3076,129,5,3,5490.8,0.0,0.293,600.0,400.0
2026-05-09 04:00,3077,129,5,4,5406.7,0.0,0.137,600.0,400.0
2026-05-09 05:00,3078,129,5,5,5570.4,0.0,0.381,600.0,400.0
2026-05-09 06:00,3079,129,5,6,5871.4,0.058,0.306,600.0,400.0
2026-05-09 07:00,3080,129,5,7,6227.0,0.263,0.136,600.0,400.0
2026-05-09 08:00,3081,129,5,8,6771.3,0.361,0.257,600.0,400.0
2026-05-09 09:00,3082,129,5,9,6601.9,0.557,0.223,600.0,400.0
2026-05-09 10:00,3083,129,5,10,5321.4,0.438,0.152,600.0,400.0
2026-05-09 11:00,3084,129,5,11,5100.0,0.569,0.411,600.0,400.0
2026-05-09 12:00,3085,129,5,12,5100.0,0.494,0.123,600.0,400.0
2026-05-09 13:00,3086,129,5,13,5100.0,0.487,0.25,600.0,400.0
2026-05-09 14:00,3087,129,5,14,5100.0,0.2,0.31,600.0,400.0
2026-05-09 15:00,3088,129,5,15,5577.8,0.373,0.453,600.0,400.0
2026-05-09 16:00,3089,129,5,16,6418.7,0.398,0.154,600.0,400.0
2026-05-09 17:00,3090,129,5,17,7552.4,0.215,0.368,600.0,400.0
2026-05-09 18:00,3091,129,5,18,7780.7,0.078,0.036,600.0,400.0
2026-05-09 19:00,3092,129,5,19,8193.1,0.0,0.516,600.0,400.0
2026-05-09 20:00,3093,129,5,20,7514.2,0.0,0.213,600.0,400.0
2026-05-09 21:00,3094,129,5,21,6796.7,0.0,0.447,600.0,400.0
2026-05-09 22:00,3095,129,5,22,5869.4,0.0,0.376,600.0,400.0
2026-05-09 23:00,3096,129,5,23,5739.4,0.0,0.092,600.0,400.0
2026-05-10 00:00,3097,130,5,0,5333.6,0.0,0.171,600.0,400.0
2026-05-10 01:00,3098,130,5,1,5261.4,0.0,0.2,600.0,400.0
2026-05-10 02:00,3099,130,5,2,5153.4,0.0,0.478,600.0,400.0
2026-05-10 03:00,3100,130,5,3,5292.7,0.0,0.255,600.0,400.0
2026-05-10 04:00,3101,130,5,4,5169.6,0.0,0.452,600.0,400.0
2026-05-10 05:00,3102,130,5,5,5618.8,0.0,0.066,600.0,400.0
2026-05-10 06:00,3103,130,5,6,6097.8,0.088,0.03,600.0,400.0
2026-05-10 07:00,3104,130,5,7,6438.0,0.208,0.44,600.0,400.0
2026-05-10 08:00,3105,130,5,8,6462.5,0.409,0.293,600.0,400.0
2026-05-10 09:00,3106,130,5,9,6637.3,0.515,0.321,600.0,400.0
2026-05-10 10:00,3107,130,5,10,5429.2,0.207,0.415,600.0,400.0
2026-05-10 11:00,3108,130,5,11,5100.0,0.676,0.554,600.0,400.0
2026-05-10 12:00,3109,130,5,12,5100.0,0.497,0.1,600.0,400.0
2026-05-10 13:00,3110,130,5,13,5100.0,0.577,0.135,600.0,400.0
2026-05-10 14:00,3111,130,5,14,5100.0,0.526,0.157,600.0,400.0
2026-05-10 15:00,3112,130,5,15,5337.4,0.341,0.449,600.0,400.0
2026-05-10 16:00,3113,130,5,16,6682.8,0.361,0.247,600.0,400.0
2026-05-10 17:00,3114,130,5,17,7336.0,0.231,0.361,600.0,400.0
2026-05-10 18:00,3115,130,5,18,8133.8,0.058,0.535,600.0,400.0
2026-05-10 19:00,3116,130,5,19,8111.8,0.0,0.425,600.0,400.0
2026-05-10 20:00,3117,130,5,20,7498.2,0.0,0.111,600.0,400.0
2026-05-10 21:00,3118,130,5,21,6608.7,0.0,0.309,600.0,400.0
2026-05-10 22:00,3119,130,5,22,6175.4,0.0,0.11,600.0,400.0
2026-05-10 23:00,3120,130,5,23,5799.6,0.0,0.31,600.0,400.0
2026-05-11 00:00,3121,131,5,0,5538.8,0.0,0.188,600.0,400.0
2026-05-11 01:00,3122,131,5,1,5519.5,0.0,0.03,600.0,400.0
2026-05-11 02:00,3123,131,5,2,5702.6,0.0,0.422,600.0,400.0
2026-05-11 03:00,3124,131,5,3,5594.8,0.0,0.565,600.0,400.0
2026-05-11 04:00,3125,131,5,4,5719.7,0.0,0.523,600.0,400.0
2026-05-11 05:00,3126,131,5,5,6076.9,0.0,0.171,600.0,400.0
2026-05-11 06:00,3127,131,5,6,6035.7,0.063,0.353,600.0,400.0
2026-05-11 07:00,3128,131,5,7,7022.6,0.129,0.279,600.0,400.0
2026-05-11 08:00,3129,131,5,8,7162.9,0.32,0.326,600.0,400.0
2026-05-11 09:00,3130,131,5,9,7085.7,0.467,0.354,600.0,400.0
2026-05-11 10:00,3131,131,5,10,6112.0,0.611,0.517,600.0,400.0
2026-05-11 11:00,3132,131,5,11,5106.5,0.681,0.119,600.0,400.0
2026-05-11 12:00,3133,131,5,12,5100.0,0.636,0.354,600.0,400.0
2026-05-11 13:00,3134,131,5,13,5100.0,0.704,0.357,600.0,400.0
2026-05-11 14:00,3135,131,5,14,5100.0,0.542,0.197,600.0,400.0
2026-05-11 15:00,3136,131,5,15,5921.7,0.533,0.25,600.0,400.0
2026-05-11 16:00,3137,131,5,16,7468.4,0.273,0.167,600.0,400.0
2026-05-11 17:00,3138,131,5,17,8020.8,0.225,0.581,600.0,400.0
2026-05-11 18:00,3139,131,5,18,8849.2,0.073,0.558,600.0,400.0
2026-05-11 19:00,3140,131,5,19,8730.6,0.0,0.388,600.0,400.0
2026-05-11 20:00,3141,131,5,20,8319.5,0.0,0.341,600.0,400.0
2026-05-11 21:00,3142,131,5,21,6974.4,0.0,0.211,600.0,400.0
2026-05-11 22:00,3143,131,5,22,6514.1,0.0,0.483,600.0,400.0
2026-05-11 23:00,3144,131,5,23,5919.5,0.0,0.039,600.0,400.0
2026-05-12 00:00,3145,132,5,0,5685.4,0.0,0.291,600.0,400.0
2026-05-12 01:00,3146,132,5,1,5692.6,0.0,0.481,600.0,400.0
2026-05-12 02:00,3147,132,5,2,5510.8,0.0,0.324,600.0,400.0
2026-05-12 03:00,3148,132,5,3,5538.2,0.0,0.313,600.0,400.0
2026-05-12 04:00,3149,132,5,4,5724.3,0.0,0.085,600.0,400.0
2026-05-12 05:00,3150,132,5,5,5815.1,0.0,0.167,600.0,400.0
2026-05-12 06:00,3151,132,5,6,6475.9,0.048,0.284,600.0,400.0
2026-05-12 07:00,3152,132,5,7,6752.6,0.186,0.064,600.0,400.0
2026-05-12 08:00,3153,132,5,8,6686.2,0.378,0.168,600.0,400.0
2026-05-12 09:00,3154,132,5,9,7091.6,0.553,0.177,600.0,400.0
2026-05-12 10:00,3155,132,5,10,5960.1,0.609,0.226,600.0,400.0
2026-05-12 11:00,3156,132,5,11,5100.0,0.459,0.192,600.0,400.0
2026-05-12 12:00,3157,132,5,12,5100.0,0.424,0.232,600.0,400.0
2026-05-12 13:00,3158,132,5,13,5100.0,0.697,0.279,600.0,400.0
2026-05-12 14:00,3159,132,5,14,5100.0,0.543,0.128,600.0,400.0
2026-05-12 15:00,3160,132,5,15,5900.9,0.467,0.161,600.0,400.0
2026-05-12 16:00,3161,132,5,16,7219.1,0.364,0.481,600.0,400.0
2026-05-12 17:00,3162,132,5,17,8257.2,0.164,0.301,600.0,400.0
2026-05-12 18:00,3163,132,5,18,8700.0,0.073,0.264,600.0,400.0
2026-05-12 19:00,3164,132,5,19,8662.3,0.0,0.304,600.0,400.0
2026-05-12 20:00,3165,132,5,20,7999.3,0.0,0.182,600.0,400.0
2026-05-12 21:00,3166,132,5,21,7034.5,0.0,0.215,600.0,400.0
2026-05-12 22:00,3167,132,5,22,6467.6,0.0,0.335,600.0,400.0
2026-05-12 23:00,3168,132,5,23,6041.3,0.0,0.258,600.0,400.0
2026-05-13 00:00,3169,133,5,0,5600.7,0.0,0.296,600.0,400.0
2026-05-13 01:00,3170,133,5,1,5550.8,0.0,0.146,600.0,400.0
2026-05-13 02:00,3171,133,5,2,5472.7,0.0,0.142,600.0,400.0
2026-05-13 03:00,3172,133,5,3,5749.4,0.0,0.221,600.0,400.0
2026-05-13 04:00,3173,133,5,4,5531.3,0.0,0.207,600.0,400.0
2026-05-13 05:00,3174,133,5,5,6082.7,0.0,0.404,600.0,400.0
2026-05-13 06:00,3175,133,5,6,6180.9,0.07,0.054,600.0,400.0
2026-05-13 07:00,3176,133,5,7,6691.3,0.233,0.561,600.0,400.0
2026-05-13 08:00,3177,133,5,8,6916.6,0.393,0.448,600.0,400.0
2026-05-13 09:00,3178,133,5,9,7071.3,0.367,0.233,600.0,400.0
2026-05-13 10:00,3179,133,5,10,6282.3,0.566,0.302,600.0,400.0
2026-05-13 11:00,3180,133,5,11,5195.0,0.726,0.453,600.0,400.0
2026-05-13 12:00,3181,133,5,12,5100.0,0.476,0.163,600.0,400.0
2026-05-13 13:00,3182,133,5,13,5100.0,0.627,0.197,600.0,400.0
2026-05-13 14:00,3183,133,5,14,5100.0,0.444,0.119,600.0,400.0
2026-05-13 15:00,3184,133,5,15,5797.9,0.401,0.319,600.0,400.0
2026-05-13 16:00,3185,133,5,16,7191.4,0.279,0.159,600.0,400.0
2026-05-13 17:00,3186,133,5,17,8397.1,0.157,0.606,600.0,400.0
2026-05-13 18:00,3187,133,5,18,8581.9,0.077,0.298,600.0,400.0
2026-05-13 19:00,3188,133,5,19,8916.4,0.0,0.618,600.0,400.0
2026-05-13 20:00,3189,133,5,20,8326.9,0.0,0.198,600.0,400.0
2026-05-13 21:00,3190,133,5,21,7607.5,0.0,0.431,600.0,400.0
2026-05-13 22:00,3191,133,5,22,6464.5,0.0,0.399,600.0,400.0
2026-05-13 23:00,3192,133,5,23,6129.9,0.0,0.275,600.0,400.0
2026-05-14 00:00,3193,134,5,0,5981.3,0.0,0.541,600.0,400.0
2026-05-14 01:00,3194,134,5,1,5518.6,0.0,0.266,600.0,400.0
2026-05-14 02:00,3195,134,5,2,5378.4,0.0,0.161,600.0,400.0
2026-05-14 03:00,3196,134,5,3,5351.3,0.0,0.587,600.0,400.0
2026-05-14 04:00,3197,134,5,4,5856.1,0.0,0.228,600.0,400.0
2026-05-14 05:00,3198,134,5,5,5657.3,0.0,0.14,600.0,400.0
2026-05-14 06:00,3199,134,5,6,6281.6,0.088,0.185,600.0,400.0
2026-05-14 07:00,3200,134,5,7,6881.6,0.147,0.256,600.0,400.0
2026-05-14 08:00,3201,134,5,8,7180.9,0.361,0.222,600.0,400.0
2026-05-14 09:00,3202,134,5,9,7219.6,0.425,0.263,600.0,400.0
2026-05-14 10:00,3203,134,5,10,6161.8,0.333,0.28,600.0,400.0
2026-05-14 11:00,3204,134,5,11,5317.1,0.634,0.107,600.0,400.0
2026-05-14 12:00,3205,134,5,12,5100.0,0.724,0.186,600.0,400.0
2026-05-14 13:00,3206,134,5,13,5100.0,0.707,0.364,600.0,400.0
2026-05-14 14:00,3207,134,5,14,5100.0,0.536,0.338,600.0,400.0
2026-05-14 15:00,3208,134,5,15,5983.6,0.457,0.112,600.0,400.0
2026-05-14 16:00,3209,134,5,16,7460.2,0.263,0.23,600.0,400.0
2026-05-14 17:00,3210,134,5,17,8256.4,0.226,0.607,600.0,400.0
2026-05-14 18:00,3211,134,5,18,8962.8,0.064,0.541,600.0,400.0
2026-05-14 19:00,3212,134,5,19,8584.9,0.0,0.418,600.0,400.0
2026-05-14 20:00,3213,134,5,20,8450.8,0.0,0.117,600.0,400.0
2026-05-14 21:00,3214,134,5,21,7558.5,0.0,0.385,600.0,400.0
2026-05-14 22:00,3215,134,5,22,6647.7,0.0,0.048,600.0,400.0
2026-05-14 23:00,3216,134,5,23,6301.1,0.0,0.394,600.0,400.0
2026-05-15 00:00,3217,135,5,0,5351.1,0.0,0.416,600.0,400.0
2026-05-15 01:00,3218,135,5,1,5533.5,0.0,0.291,600.0,400.0
2026-05-15 02:00,3219,135,5,2,5506.4,0.0,0.03,600.0,400.0
2026-05-15 03:00,3220,135,5,3,5767.5,0.0,0.326,600.0,400.0
2026-05-15 04:00,3221,135,5,4,5574.0,0.0,0.381,600.0,400.0
2026-05-15 05:00,3222,135,5,5,6079.8,0.0,0.264,600.0,400.0
2026-05-15 06:00,3223,135,5,6,6560.5,0.083,0.298,600.0,400.0
2026-05-15 07:00,3224,135,5,7,6922.9,0.255,0.085,600.0,400.0
2026-05-15 08:00,3225,135,5,8,7196.7,0.407,0.29,600.0,400.0
2026-05-15 09:00,3226,135,5,9,6993.5,0.439,0.256,600.0,400.0
2026-05-15 10:00,3227,135,5,10,5990.8,0.576,0.175,600.0,400.0
2026-05-15 11:00,3228,135,5,11,5312.4,0.646,0.301,600.0,400.0
2026-05-15 12:00,3229,135,5,12,5100.0,0.744,0.3,600.0,400.0
2026-05-15 13:00,3230,135,5,13,5100.0,0.573,0.299,600.0,400.0
2026-05-15 14:00,3231,135,5,14,5100.0,0.538,0.154,600.0,400.0
2026-05-15 15:00,3232,135,5,15,5526.7,0.501,0.212,600.0,400.0
2026-05-15 16:00,3233,135,5,16,7144.8,0.354,0.767,600.0,400.0
2026-05-15 17:00,3234,135,5,17,8490.0,0.211,0.29,600.0,400.0
2026-05-15 18:00,3235,135,5,18,8568.5,0.075,0.103,600.0,400.0
2026-05-15 19:00,3236,135,5,19,8803.7,0.0,0.59,600.0,400.0
2026-05-15 20:00,3237,135,5,20,8345.2,0.0,0.181,600.0,400.0
2026-05-15 21:00,3238,135,5,21,7114.0,0.0,0.29,600.0,400.0
2026-05-15 22:00,3239,135,5,22,6559.6,0.0,0.229,600.0,400.0
2026-05-15 23:00,3240,135,5,23,6166.0,0.0,0.672,600.0,400.0
2026-05-16 00:00,3241,136,5,0,5168.9,0.0,0.256,600.0,400.0
2026-05-16 01:00,3242,136,5,1,5627.0,0.0,0.385,600.0,400.0
2026-05-16 02:00,3243,136,5,2,5100.0,0.0,0.316,600.0,400.0
2026-05-16 03:00,3244,136,5,3,5369.3,0.0,0.07,600.0,400.0
2026-05-16 04:00,3245,136,5,4,5255.0,0.0,0.209,600.0,400.0
2026-05-16 05:00,3246,136,5,5,5605.4,0.0,0.201,600.0,400.0
2026-05-16 06:00,3247,136,5,6,5904.5,0.085,0.556,600.0,400.0
2026-05-16 07:00,3248,136,5,7,6149.4,0.195,0.335,600.0,400.0
2026-05-16 08:00,3249,136,5,8,6615.8,0.354,0.357,600.0,400.0
2026-05-16 09:00,3250,136,5,9,6282.2,0.462,0.165,600.0,400.0
2026-05-16 10:00,3251,136,5,10,5732.7,0.618,0.174,600.0,400.0
2026-05-16 11:00,3252,136,5,11,5100.0,0.547,0.241,600.0,400.0
2026-05-16 12:00,3253,136,5,12,5100.0,0.606,0.295,600.0,400.0
2026-05-16 13:00,3254,136,5,13,5100.0,0.647,0.354,600.0,400.0
2026-05-16 14:00,3255,136,5,14,5100.0,0.523,0.427,600.0,400.0
2026-05-16 15:00,3256,136,5,15,5406.4,0.386,0.492,600.0,400.0
2026-05-16 16:00,3257,136,5,16,6589.9,0.315,0.063,600.0,400.0
2026-05-16 17:00,3258,136,5,17,7415.5,0.218,0.473,600.0,400.0
2026-05-16 18:00,3259,136,5,18,8261.4,0.075,0.38,600.0,400.0
2026-05-16 19:00,3260,136,5,19,8301.3,0.0,0.349,600.0,400.0
2026-05-16 20:00,3261,136,5,20,7491.2,0.0,0.398,600.0,400.0
2026-05-16 21:00,3262,136,5,21,6737.0,0.0,0.571,600.0,400.0
2026-05-16 22:00,3263,136,5,22,5862.9,0.0,0.349,600.0,400.0
2026-05-16 23:00,3264,136,5,23,5722.3,0.0,0.166,600.0,400.0
2026-05-17 00:00,3265,137,5,0,5273.4,0.0,0.28,600.0,400.0
2026-05-17 01:00,3266,137,5,1,5478.6,0.0,0.547,600.0,400.0
2026-05-17 02:00,3267,137,5,2,5100.0,0.0,0.423,600.0,400.0
2026-05-17 03:00,3268,137,5,3,5139.5,0.0,0.154,600.0,400.0
2026-05-17 04:00,3269,137,5,4,5319.7,0.0,0.328,600.0,400.0
2026-05-17 05:00,3270,137,5,5,5585.3,0.0,0.157,600.0,400.0
2026-05-17 06:00,3271,137,5,6,5799.4,0.089,0.18,600.0,400.0
2026-05-17 07:00,3272,137,5,7,6127.1,0.214,0.211,600.0,400.0
2026-05-17 08:00,3273,137,5,8,6720.2,0.324,0.201,600.0,400.0
2026-05-17 09:00,3274,137,5,9,6694.8,0.267,0.049,600.0,400.0
2026-05-17 10:00,3275,137,5,10,5489.5,0.467,0.325,600.0,400.0
2026-05-17 11:00,3276,137,5,11,5100.0,0.668,0.378,600.0,400.0
2026-05-17 12:00,3277,137,5,12,5100.0,0.449,0.258,600.0,400.0
2026-05-17 13:00,3278,137,5,13,5100.0,0.479,0.141,600.0,400.0
2026-05-17 14:00,3279,137,5,14,5100.0,0.361,0.181,600.0,400.0
2026-05-17 15:00,3280,137,5,15,5471.4,0.333,0.134,600.0,400.0
2026-05-17 16:00,3281,137,5,16,6593.0,0.312,0.164,600.0,400.0
2026-05-17 17:00,3282,137,5,17,7534.3,0.183,0.539,600.0,400.0
2026-05-17 18:00,3283,137,5,18,7727.2,0.086,0.319,600.0,400.0
2026-05-17 19:00,3284,137,5,19,8211.8,0.0,0.144,600.0,400.0
2026-05-17 20:00,3285,137,5,20,7279.5,0.0,0.223,600.0,400.0
2026-05-17 21:00,3286,137,5,21,6970.1,0.0,0.669,600.0,400.0
2026-05-17 22:00,3287,137,5,22,5954.8,0.0,0.332,600.0,400.0
2026-05-17 23:00,3288,137,5,23,5500.8,0.0,0.326,600.0,400.0
2026-05-18 00:00,3289,138,5,0,5515.8,0.0,0.317,600.0,400.0
2026-05-18 01:00,3290,138,5,1,5571.3,0.0,0.126,600.0,400.0
2026-05-18 02:00,3291,138,5,2,5851.0,0.0,0.601,600.0,400.0
2026-05-18 03:00,3292,138,5,3,5254.1,0.0,0.098,600.0,400.0
2026-05-18 04:00,3293,138,5,4,5946.3,0.0,0.322,600.0,400.0
2026-05-18 05:00,3294,138,5,5,6012.6,0.0,0.073,600.0,400.0
2026-05-18 06:00,3295,138,5,6,6148.1,0.031,0.209,600.0,400.0
2026-05-18 07:00,3296,138,5,7,6639.6,0.253,0.39,600.0,400.0
2026-05-18 08:00,3297,138,5,8,7419.5,0.41,0.312,600.0,400.0
2026-05-18 09:00,3298,138,5,9,7000.3,0.426,0.171,600.0,400.0
2026-05-18 10:00,3299,138,5,10,5941.7,0.416,0.242,600.0,400.0
2026-05-18 11:00,3300,138,5,11,5294.5,0.477,0.124,600.0,400.0
2026-05-18 12:00,3301,138,5,12,5100.0,0.73,0.508,600.0,400.0
2026-05-18 13:00,3302,138,5,13,5100.0,0.404,0.345,600.0,400.0
2026-05-18 14:00,3303,138,5,14,5100.0,0.504,0.23,600.0,400.0
2026-05-18 15:00,3304,138,5,15,5686.7,0.254,0.22,600.0,400.0
2026-05-18 16:00,3305,138,5,16,7492.3,0.401,0.197,600.0,400.0
2026-05-18 17:00,3306,138,5,17,8354.0,0.124,0.467,600.0,400.0
2026-05-18 18:00,3307,138,5,18,8858.5,0.083,0.299,600.0,400.0
2026-05-18 19:00,3308,138,5,19,8831.3,0.0,0.257,600.0,400.0
2026-05-18 20:00,3309,138,5,20,8465.8,0.0,0.602,600.0,400.0
2026-05-18 21:00,3310,138,5,21,7314.7,0.0,0.168,600.0,400.0
2026-05-18 22:00,3311,138,5,22,6340.9,0.0,0.222,600.0,400.0
2026-05-18 23:00,3312,138,5,23,6087.9,0.0,0.252,600.0,400.0
2026-05-19 00:00,3313,139,5,0,5950.0,0.0,0.206,600.0,400.0
2026-05-19 01:00,3314,139,5,1,5455.0,0.0,0.328,600.0,400.0
2026-05-19 02:00,3315,139,5,2,5566.2,0.0,0.317,600.0,400.0
2026-05-19 03:00,3316,139,5,3,5718.7,0.0,0.079,600.0,400.0
2026-05-19 04:00,3317,139,5,4,5733.4,0.0,0.122,600.0,400.0
2026-05-19 05:00,3318,139,5,5,5801.4,0.0,0.137,600.0,400.0
2026-05-19 06:00,3319,139,5,6,6520.7,0.082,0.077,600.0,400.0
2026-05-19 07:00,3320,139,5,7,7182.9,0.239,0.1,600.0,400.0
2026-05-19 08:00,3321,139,5,8,7182.7,0.361,0.14,600.0,400.0
2026-05-19 09:00,3322,139,5,9,7006.9,0.507,0.174,600.0,400.0
2026-05-19 10:00,3323,139,5,10,5878.4,0.648,0.334,600.0,400.0
2026-05-19 11:00,3324,139,5,11,5153.8,0.535,0.144,600.0,400.0
2026-05-19 12:00,3325,139,5,12,5100.0,0.617,0.31,600.0,400.0
2026-05-19 13:00,3326,139,5,13,5100.0,0.543,0.081,600.0,400.0
2026-05-19 14:00,3327,139,5,14,5100.0,0.488,0.341,600.0,400.0
2026-05-19 15:00,3328,139,5,15,5756.5,0.495,0.433,600.0,400.0
2026-05-19 16:00,3329,139,5,16,7141.4,0.402,0.352,600.0,400.0
2026-05-19 17:00,3330,139,5,17,8317.8,0.213,0.186,600.0,400.0
2026-05-19 18:00,3331,139,5,18,8919.6,0.066,0.253,600.0,400.0
2026-05-19 19:00,3332,139,5,19,8526.1,0.0,0.503,600.0,400.0
2026-05-19 20:00,3333,139,5,20,8438.4,0.0,0.305,600.0,400.0
2026-05-19 21:00,3334,139,5,21,7406.6,0.0,0.222,600.0,400.0
2026-05-19 22:00,3335,139,5,22,6753.9,0.0,0.627,600.0,400.0
2026-05-19 23:00,3336,139,5,23,5801.2,0.0,0.382,600.0,400.0
2026-05-20 00:00,3337,140,5,0,5397.7,0.0,0.462,600.0,400.0
2026-05-20 01:00,3338,140,5,1,5593.6,0.0,0.06,600.0,400.0
2026-05-20 02:00,3339,140,5,2,5704.5,0.0,0.217,600.0,400.0
2026-05-20 03:00,3340,140,5,3,5939.5,0.0,0.247,600.0,400.0
2026-05-20 04:00,3341,140,5,4,5855.0,0.0,0.278,600.0,400.0
2026-05-20 05:00,3342,140,5,5,5919.7,0.0,0.134,600.0,400.0
2026-05-20 06:00,3343,140,5,6,6177.0,0.073,0.226,600.0,400.0
2026-05-20 07:00,3344,140,5,7,7008.5,0.183,0.281,600.0,400.0
2026-05-20 08:00,3345,140,5,8,6996.9,0.179,0.173,600.0,400.0
2026-05-20 09:00,3346,140,5,9,7412.1,0.39,0.283,600.0,400.0
2026-05-20 10:00,3347,140,5,10,6080.8,0.607,0.192,600.0,400.0
2026-05-20 11:00,3348,140,5,11,5367.0,0.435,0.226,600.0,400.0
2026-05-20 12:00,3349,140,5,12,5100.0,0.617,0.117,600.0,400.0
2026-05-20 13:00,3350,140,5,13,5100.0,0.635,0.32,600.0,400.0
2026-05-20 14:00,3351,140,5,14,5100.0,0.452,0.172,600.0,400.0
2026-05-20 15:00,3352,140,5,15,5796.2,0.41,0.456,600.0,400.0
2026-05-20 16:00,3353,140,5,16,7384.7,0.375,0.329,600.0,400.0
2026-05-20 17:00,3354,140,5,17,8196.6,0.196,0.346,600.0,400.0
2026-05-20 18:00,3355,140,5,18,8678.4,0.075,0.597,600.0,400.0
2026-05-20 19:00,3356,140,5,19,8746.9,0.0,0.177,600.0,400.0
2026-05-20 20:00,3357,140,5,20,8196.6,0.0,0.35,600.0,400.0
2026-05-20 21:00,3358,140,5,21,6974.2,0.0,0.281,600.0,400.0
2026-05-20 22:00,3359,140,5,22,6603.3,0.0,0.699,600.0,400.0
2026-05-20 23:00,3360,140,5,23,5859.2,0.0,0.471,600.0,400.0
2026-05-21 00:00,3361,141,5,0,5431.7,0.0,0.431,600.0,400.0
2026-05-21 01:00,3362,141,5,1,5347.4,0.0,0.172,600.0,400.0
2026-05-21 02:00,3363,141,5,2,5337.0,0.0,0.177,600.0,400.0
2026-05-21 03:00,3364,141,5,3,5435.2,0.0,0.058,600.0,400.0
2026-05-21 04:00,3365,141,5,4,5628.6,0.0,0.297,600.0,400.0
2026-05-21 05:00,3366,141,5,5,6271.1,0.0,0.194,600.0,400.0
2026-05-21 06:00,3367,141,5,6,6257.1,0.073,0.169,600.0,400.0
2026-05-21 07:00,3368,141,5,7,6840.1,0.175,0.264,600.0,400.0
2026-05-21 08:00,3369,141,5,8,7215.4,0.267,0.341,600.0,400.0
2026-05-21 09:00,3370,141,5,9,7172.5,0.44,0.104,600.0,400.0
2026-05-21 10:00,3371,141,5,10,6113.9,0.492,0.417,600.0,400.0
2026-05-21 11:00,3372,141,5,11,5100.0,0.468,0.057,600.0,400.0
2026-05-21 12:00,3373,141,5,12,5100.0,0.538,0.099,600.0,400.0
2026-05-21 13:00,3374,141,5,13,5100.0,0.562,0.415,600.0,400.0
2026-05-21 14:00,3375,141,5,14,5100.0,0.646,0.274,600.0,400.0
2026-05-21 15:00,3376,141,5,15,5686.9,0.457,0.569,600.0,400.0
2026-05-21 16:00,3377,141,5,16,7271.4,0.388,0.291,600.0,400.0
2026-05-21 17:00,3378,141,5,17,8029.9,0.214,0.599,600.0,400.0
2026-05-21 18:00,3379,141,5,18,8854.4,0.066,0.211,600.0,400.0
2026-05-21 19:00,3380,141,5,19,8656.9,0.0,0.39,600.0,400.0
2026-05-21 20:00,3381,141,5,20,8530.4,0.0,0.877,600.0,400.0
2026-05-21 21:00,3382,141,5,21,7505.3,0.0,0.278,600.0,400.0
2026-05-21 22:00,3383,141,5,22,6564.0,0.0,0.03,600.0,400.0
2026-05-21 23:00,3384,141,5,23,6180.3,0.0,0.104,600.0,400.0
2026-05-22 00:00,3385,142,5,0,5793.1,0.0,0.503,600.0,400.0
2026-05-22 01:00,3386,142,5,1,5527.2,0.0,0.289,600.0,400.0
2026-05-22 02:00,3387,142,5,2,5493.5,0.0,0.291,600.0,400.0
2026-05-22 03:00,3388,142,5,3,5664.6,0.0,0.391,600.0,400.0
2026-05-22 04:00,3389,142,5,4,5879.9,0.0,0.376,600.0,400.0
2026-05-22 05:00,3390,142,5,5,5980.8,0.0,0.228,600.0,400.0
2026-05-22 06:00,3391,142,5,6,6088.9,0.084,0.37,600.0,400.0
2026-05-22 07:00,3392,142,5,7,6683.2,0.219,0.211,600.0,400.0
2026-05-22 08:00,3393,142,5,8,7139.5,0.38,0.275,600.0,400.0
2026-05-22 09:00,3394,142,5,9,7139.4,0.187,0.052,600.0,400.0
2026-05-22 10:00,3395,142,5,10,6441.9,0.481,0.109,600.0,400.0
2026-05-22 11:00,3396,142,5,11,5100.0,0.672,0.381,600.0,400.0
2026-05-22 12:00,3397,142,5,12,5100.0,0.655,0.185,600.0,400.0
2026-05-22 13:00,3398,142,5,13,5100.0,0.576,0.203,600.0,400.0
2026-05-22 14:00,3399,142,5,14,5177.1,0.649,0.343,600.0,400.0
2026-05-22 15:00,3400,142,5,15,5786.1,0.242,0.331,600.0,400.0
2026-05-22 16:00,3401,142,5,16,7394.8,0.216,0.113,600.0,400.0
2026-05-22 17:00,3402,142,5,17,8275.4,0.199,0.453,600.0,400.0
2026-05-22 18:00,3403,142,5,18,8804.7,0.071,0.383,600.0,400.0
2026-05-22 19:00,3404,142,5,19,8757.6,0.0,0.544,600.0,400.0
2026-05-22 20:00,3405,142,5,20,8253.8,0.0,0.352,600.0,400.0
2026-05-22 21:00,3406,142,5,21,6909.6,0.0,0.295,600.0,400.0
2026-05-22 22:00,3407,142,5,22,6639.1,0.0,0.271,600.0,400.0
2026-05-22 23:00,3408,142,5,23,6036.2,0.0,0.03,600.0,400.0
2026-05-23 00:00,3409,143,5,0,5131.3,0.0,0.079,600.0,400.0
2026-05-23 01:00,3410,143,5,1,5495.5,0.0,0.137,600.0,400.0
2026-05-23 02:00,3411,143,5,2,5100.0,0.0,0.525,600.0,400.0
2026-05-23 03:00,3412,143,5,3,5135.4,0.0,0.447,600.0,400.0
2026-05-23 04:00,3413,143,5,4,5601.3,0.0,0.247,600.0,400.0
2026-05-23 05:00,3414,143,5,5,5348.7,0.0,0.13,600.0,400.0
2026-05-23 06:00,3415,143,5,6,5745.9,0.085,0.112,600.0,400.0
2026-05-23 07:00,3416,143,5,7,6243.2,0.25,0.147,600.0,400.0
2026-05-23 08:00,3417,143,5,8,6713.7,0.379,0.394,600.0,400.0
2026-05-23 09:00,3418,143,5,9,6612.7,0.442,0.227,600.0,400.0
2026-05-23 10:00,3419,143,5,10,5429.3,0.502,0.34,600.0,400.0
2026-05-23 11:00,3420,143,5,11,5100.0,0.671,0.238,600.0,400.0
2026-05-23 12:00,3421,143,5,12,5100.0,0.486,0.286,600.0,400.0
2026-05-23 13:00,3422,143,5,13,5100.0,0.443,0.303,600.0,400.0
2026-05-23 14:00,3423,143,5,14,5100.0,0.488,0.064,600.0,400.0
2026-05-23 15:00,3424,143,5,15,5449.6,0.448,0.271,600.0,400.0
2026-05-23 16:00,3425,143,5,16,6446.7,0.34,0.507,600.0,400.0
2026-05-23 17:00,3426,143,5,17,7699.7,0.17,0.314,600.0,400.0
2026-05-23 18:00,3427,143,5,18,8112.0,0.073,0.299,600.0,400.0
2026-05-23 19:00,3428,143,5,19,8293.0,0.0,0.346,600.0,400.0
2026-05-23 20:00,3429,143,5,20,7600.4,0.0,0.282,600.0,400.0
2026-05-23 21:00,3430,143,5,21,6905.8,0.0,0.341,600.0,400.0
2026-05-23 22:00,3431,143,5,22,6082.2,0.0,0.156,600.0,400.0
2026-05-23 23:00,3432,143,5,23,5750.1,0.0,0.683,600.0,400.0
2026-05-24 00:00,3433,144,5,0,5250.5,0.0,0.074,600.0,400.0
2026-05-24 01:00,3434,144,5,1,5152.3,0.0,0.286,600.0,400.0
2026-05-24 02:00,3435,144,5,2,5537.7,0.0,0.166,600.0,400.0
2026-05-24 03:00,3436,144,5,3,5342.2,0.0,0.082,600.0,400.0
2026-05-24 04:00,3437,144,5,4,5374.5,0.0,0.303,600.0,400.0
2026-05-24 05:00,3438,144,5,5,5277.7,0.0,0.556,600.0,400.0
2026-05-24 06:00,3439,144,5,6,5627.8,0.064,0.315,600.0,400.0
2026-05-24 07:00,3440,144,5,7,6313.6,0.196,0.146,600.0,400.0
2026-05-24 08:00,3441,144,5,8,6602.5,0.346,0.216,600.0,400.0
2026-05-24 09:00,3442,144,5,9,6481.2,0.436,0.064,600.0,400.0
2026-05-24 10:00,3443,144,5,10,5658.7,0.38,0.236,600.0,400.0
2026-05-24 11:00,3444,144,5,11,5100.0,0.623,0.096,600.0,400.0
2026-05-24 12:00,3445,144,5,12,5100.0,0.526,0.367,600.0,400.0
2026-05-24 13:00,3446,144,5,13,5100.0,0.558,0.081,600.0,400.0
2026-05-24 14:00,3447,144,5,14,5100.0,0.575,0.036,600.0,400.0
2026-05-24 15:00,3448,144,5,15,5253.9,0.434,0.482,600.0,400.0
2026-05-24 16:00,3449,144,5,16,6668.9,0.36,0.602,600.0,400.0
2026-05-24 17:00,3450,144,5,17,7463.3,0.218,0.121,600.0,400.0
2026-05-24 18:00,3451,144,5,18,7995.1,0.066,0.229,600.0,400.0
2026-05-24 19:00,3452,144,5,19,7870.7,0.0,0.459,600.0,400.0
2026-05-24 20:00,3453,144,5,20,7508.9,0.0,0.354,600.0,400.0
2026-05-24 21:00,3454,144,5,21,6639.9,0.0,0.669,600.0,400.0
2026-05-24 22:00,3455,144,5,22,5538.9,0.0,0.279,600.0,400.0
2026-05-24 23:00,3456,144,5,23,5863.2,0.0,0.03,600.0,400.0
2026-05-25 00:00,3457,145,5,0,5790.4,0.0,0.057,600.0,400.0
2026-05-25 01:00,3458,145,5,1,5557.2,0.0,0.319,600.0,400.0
2026-05-25 02:00,3459,145,5,2,5627.1,0.0,0.387,600.0,400.0
2026-05-25 03:00,3460,145,5,3,5464.6,0.0,0.386,600.0,400.0
2026-05-25 04:00,3461,145,5,4,6013.3,0.0,0.45,600.0,400.0
2026-05-25 05:00,3462,145,5,5,6262.1,0.0,0.148,600.0,400.0
2026-05-25 06:00,3463,145,5,6,6366.3,0.065,0.31,600.0,400.0
2026-05-25 07:00,3464,145,5,7,6975.4,0.2,0.343,600.0,400.0
2026-05-25 08:00,3465,145,5,8,7179.3,0.308,0.345,600.0,400.0
2026-05-25 09:00,3466,145,5,9,6937.7,0.497,0.194,600.0,400.0
2026-05-25 10:00,3467,145,5,10,6060.4,0.581,0.267,600.0,400.0
2026-05-25 11:00,3468,145,5,11,5133.6,0.631,0.253,600.0,400.0
2026-05-25 12:00,3469,145,5,12,5100.0,0.425,0.282,600.0,400.0
2026-05-25 13:00,3470,145,5,13,5100.0,0.632,0.184,600.0,400.0
2026-05-25 14:00,3471,145,5,14,5100.0,0.478,0.353,600.0,400.0
2026-05-25 15:00,3472,145,5,15,5837.8,0.526,0.385,600.0,400.0
2026-05-25 16:00,3473,145,5,16,7324.5,0.288,0.177,600.0,400.0
2026-05-25 17:00,3474,145,5,17,8014.5,0.19,0.294,600.0,400.0
2026-05-25 18:00,3475,145,5,18,8658.7,0.079,0.293,600.0,400.0
2026-05-25 19:00,3476,145,5,19,8567.9,0.0,0.464,600.0,400.0
2026-05-25 20:00,3477,145,5,20,8340.5,0.0,0.418,600.0,400.0
2026-05-25 21:00,3478,145,5,21,6977.9,0.0,0.323,600.0,400.0
2026-05-25 22:00,3479,145,5,22,6714.6,0.0,0.401,600.0,400.0
2026-05-25 23:00,3480,145,5,23,6237.8,0.0,0.216,600.0,400.0
2026-05-26 00:00,3481,146,5,0,5567.8,0.0,0.194,600.0,400.0
2026-05-26 01:00,3482,146,5,1,5200.9,0.0,0.188,600.0,400.0
2026-05-26 02:00,3483,146,5,2,5566.2,0.0,0.062,600.0,400.0
2026-05-26 03:00,3484,146,5,3,5641.8,0.0,0.337,600.0,400.0
2026-05-26 04:00,3485,146,5,4,5580.3,0.0,0.588,600.0,400.0
2026-05-26 05:00,3486,146,5,5,5876.1,0.0,0.175,600.0,400.0
2026-05-26 06:00,3487,146,5,6,6586.0,0.057,0.429,600.0,400.0
2026-05-26 07:00,3488,146,5,7,6918.1,0.234,0.254,600.0,400.0
2026-05-26 08:00,3489,146,5,8,7003.4,0.341,0.136,600.0,400.0
2026-05-26 09:00,3490,146,5,9,6895.9,0.514,0.032,600.0,400.0
2026-05-26 10:00,3491,146,5,10,6073.9,0.367,0.304,600.0,400.0
2026-05-26 11:00,3492,146,5,11,5100.0,0.484,0.305,600.0,400.0
2026-05-26 12:00,3493,146,5,12,5100.0,0.607,0.155,600.0,400.0
2026-05-26 13:00,3494,146,5,13,5100.0,0.395,0.203,600.0,400.0
2026-05-26 14:00,3495,146,5,14,5100.0,0.619,0.489,600.0,400.0
2026-05-26 15:00,3496,146,5,15,6160.4,0.352,0.15,600.0,400.0
2026-05-26 16:00,3497,146,5,16,7446.7,0.299,0.483,600.0,400.0
2026-05-26 17:00,3498,146,5,17,8176.5,0.184,0.17,600.0,400.0
2026-05-26 18:00,3499,146,5,18,8744.1,0.055,0.32,600.0,400.0
2026-05-26 19:00,3500,146,5,19,8716.3,0.0,0.333,600.0,400.0
2026-05-26 20:00,3501,146,5,20,8372.9,0.0,0.323,600.0,400.0
2026-05-26 21:00,3502,146,5,21,7214.4,0.0,0.238,600.0,400.0
2026-05-26 22:00,3503,146,5,22,6537.2,0.0,0.217,600.0,400.0
2026-05-26 23:00,3504,146,5,23,6024.2,0.0,0.433,600.0,400.0
2026-05-27 00:00,3505,147,5,0,5535.9,0.0,0.213,600.0,400.0
2026-05-27 01:00,3506,147,5,1,5397.8,0.0,0.338,600.0,400.0
2026-05-27 02:00,3507,147,5,2,5675.7,0.0,0.445,600.0,400.0
2026-05-27 03:00,3508,147,5,3,5642.3,0.0,0.414,600.0,400.0
2026-05-27 04:00,3509,147,5,4,5822.1,0.0,0.131,600.0,400.0
2026-05-27 05:00,3510,147,5,5,5873.2,0.0,0.289,600.0,400.0
2026-05-27 06:00,3511,147,5,6,6536.5,0.062,0.259,600.0,400.0
2026-05-27 07:00,3512,147,5,7,6671.4,0.185,0.155,600.0,400.0
2026-05-27 08:00,3513,147,5,8,7425.2,0.306,0.186,600.0,400.0
2026-05-27 09:00,3514,147,5,9,6871.9,0.451,0.156,600.0,400.0
2026-05-27 10:00,3515,147,5,10,6195.8,0.536,0.238,600.0,400.0
2026-05-27 11:00,3516,147,5,11,5188.6,0.358,0.354,600.0,400.0
2026-05-27 12:00,3517,147,5,12,5100.0,0.477,0.42,600.0,400.0
2026-05-27 13:00,3518,147,5,13,5100.0,0.443,0.351,600.0,400.0
2026-05-27 14:00,3519,147,5,14,5100.0,0.428,0.271,600.0,400.0
2026-05-27 15:00,3520,147,5,15,5496.1,0.504,0.603,600.0,400.0
2026-05-27 16:00,3521,147,5,16,7396.6,0.371,0.334,600.0,400.0
2026-05-27 17:00,3522,147,5,17,7785.3,0.214,0.309,600.0,400.0
2026-05-27 18:00,3523,147,5,18,8618.9,0.069,0.536,600.0,400.0
2026-05-27 19:00,3524,147,5,19,9034.1,0.0,0.187,600.0,400.0
2026-05-27 20:00,3525,147,5,20,8090.9,0.0,0.173,600.0,400.0
2026-05-27 21:00,3526,147,5,21,7127.0,0.0,0.486,600.0,400.0
2026-05-27 22:00,3527,147,5,22,6498.3,0.0,0.549,600.0,400.0
2026-05-27 23:00,3528,147,5,23,6346.8,0.0,0.111,600.0,400.0
2026-05-28 00:00,3529,148,5,0,5323.1,0.0,0.435,600.0,400.0
2026-05-28 01:00,3530,148,5,1,5449.2,0.0,0.262,600.0,400.0
2026-05-28 02:00,3531,148,5,2,5863.6,0.0,0.362,600.0,400.0
2026-05-28 03:00,3532,148,5,3,5949.3,0.0,0.124,600.0,400.0
2026-05-28 04:00,3533,148,5,4,5725.5,0.0,0.544,600.0,400.0
2026-05-28 05:00,3534,148,5,5,5760.3,0.0,0.402,600.0,400.0
2026-05-28 06:00,3535,148,5,6,6676.5,0.065,0.197,600.0,400.0
2026-05-28 07:00,3536,148,5,7,7066.8,0.225,0.385,600.0,400.0
2026-05-28 08:00,3537,148,5,8,7259.9,0.325,0.383,600.0,400.0
2026-05-28 09:00,3538,148,5,9,7021.6,0.451,0.209,600.0,400.0
2026-05-28 10:00,3539,148,5,10,6118.4,0.609,0.45,600.0,400.0
2026-05-28 11:00,3540,148,5,11,5100.0,0.607,0.527,600.0,400.0
2026-05-28 12:00,3541,148,5,12,5100.0,0.553,0.151,600.0,400.0
2026-05-28 13:00,3542,148,5,13,5100.0,0.593,0.087,600.0,400.0
2026-05-28 14:00,3543,148,5,14,5100.0,0.516,0.214,600.0,400.0
2026-05-28 15:00,3544,148,5,15,5678.4,0.44,0.288,600.0,400.0
2026-05-28 16:00,3545,148,5,16,7536.4,0.3,0.12,600.0,400.0
2026-05-28 17:00,3546,148,5,17,8234.3,0.162,0.155,600.0,400.0
2026-05-28 18:00,3547,148,5,18,8883.3,0.069,0.716,600.0,400.0
2026-05-28 19:00,3548,148,5,19,9008.0,0.0,0.457,600.0,400.0
2026-05-28 20:00,3549,148,5,20,8006.2,0.0,0.567,600.0,400.0
2026-05-28 21:00,3550,148,5,21,7309.1,0.0,0.726,600.0,400.0
2026-05-28 22:00,3551,148,5,22,6445.0,0.0,0.274,600.0,400.0
2026-05-28 23:00,3552,148,5,23,5765.1,0.0,0.408,600.0,400.0
2026-05-29 00:00,3553,149,5,0,5671.7,0.0,0.171,600.0,400.0
2026-05-29 01:00,3554,149,5,1,6019.2,0.0,0.313,600.0,400.0
2026-05-29 02:00,3555,149,5,2,5329.6,0.0,0.166,600.0,400.0
2026-05-29 03:00,3556,149,5,3,5646.9,0.0,0.136,600.0,400.0
2026-05-29 04:00,3557,149,5,4,5844.5,0.0,0.1,600.0,400.0
2026-05-29 05:00,3558,149,5,5,5978.3,0.0,0.262,600.0,400.0
2026-05-29 06:00,3559,149,5,6,6323.1,0.065,0.454,600.0,400.0
2026-05-29 07:00,3560,149,5,7,6603.8,0.205,0.099,600.0,400.0
2026-05-29 08:00,3561,149,5,8,7188.5,0.376,0.219,600.0,400.0
2026-05-29 09:00,3562,149,5,9,7030.5,0.506,0.282,600.0,400.0
2026-05-29 10:00,3563,149,5,10,5775.9,0.427,0.225,600.0,400.0
2026-05-29 11:00,3564,149,5,11,5303.6,0.526,0.428,600.0,400.0
2026-05-29 12:00,3565,149,5,12,5100.0,0.433,0.131,600.0,400.0
2026-05-29 13:00,3566,149,5,13,5100.0,0.275,0.053,600.0,400.0
2026-05-29 14:00,3567,149,5,14,5100.0,0.509,0.233,600.0,400.0
2026-05-29 15:00,3568,149,5,15,6022.7,0.368,0.315,600.0,400.0
2026-05-29 16:00,3569,149,5,16,7352.1,0.28,0.204,600.0,400.0
2026-05-29 17:00,3570,149,5,17,8328.9,0.191,0.17,600.0,400.0
2026-05-29 18:00,3571,149,5,18,8725.8,0.065,0.494,600.0,400.0
2026-05-29 19:00,3572,149,5,19,8983.3,0.0,0.189,600.0,400.0
2026-05-29 20:00,3573,149,5,20,8235.3,0.0,0.31,600.0,400.0
2026-05-29 21:00,3574,149,5,21,7345.8,0.0,0.68,600.0,400.0
2026-05-29 22:00,3575,149,5,22,6326.8,0.0,0.381,600.0,400.0
2026-05-29 23:00,3576,149,5,23,6061.9,0.0,0.318,600.0,400.0
2026-05-30 00:00,3577,150,5,0,5100.0,0.0,0.249,600.0,400.0
2026-05-30 01:00,3578,150,5,1,5100.0,0.0,0.301,600.0,400.0
2026-05-30 02:00,3579,150,5,2,5100.0,0.0,0.377,600.0,400.0
2026-05-30 03:00,3580,150,5,3,5100.0,0.0,0.405,600.0,400.0
2026-05-30 04:00,3581,150,5,4,5622.6,0.0,0.302,600.0,400.0
2026-05-30 05:00,3582,150,5,5,5694.9,0.0,0.347,600.0,400.0
2026-05-30 06:00,3583,150,5,6,6141.2,0.035,0.087,600.0,400.0
2026-05-30 07:00,3584,150,5,7,6071.1,0.179,0.035,600.0,400.0
2026-05-30 08:00,3585,150,5,8,6590.6,0.372,0.297,600.0,400.0
2026-05-30 09:00,3586,150,5,9,6372.5,0.277,0.149,600.0,400.0
2026-05-30 10:00,3587,150,5,10,5524.8,0.62,0.384,600.0,400.0
2026-05-30 11:00,3588,150,5,11,5100.0,0.58,0.247,600.0,400.0
2026-05-30 12:00,3589,150,5,12,5100.0,0.559,0.24,600.0,400.0
2026-05-30 13:00,3590,150,5,13,5100.0,0.615,0.376,600.0,400.0
2026-05-30 14:00,3591,150,5,14,5100.0,0.566,0.381,600.0,400.0
2026-05-30 15:00,3592,150,5,15,5479.4,0.465,0.382,600.0,400.0
2026-05-30 16:00,3593,150,5,16,7099.5,0.372,0.393,600.0,400.0
2026-05-30 17:00,3594,150,5,17,7292.8,0.147,0.325,600.0,400.0
2026-05-30 18:00,3595,150,5,18,8273.0,0.049,0.617,600.0,400.0
2026-05-30 19:00,3596,150,5,19,8255.0,0.0,0.58,600.0,400.0
2026-05-30 20:00,3597,150,5,20,7373.6,0.0,0.258,600.0,400.0
2026-05-30 21:00,3598,150,5,21,6890.7,0.0,0.502,600.0,400.0
2026-05-30 22:00,3599,150,5,22,6061.4,0.0,0.571,600.0,400.0
2026-05-30 23:00,3600,150,5,23,5498.3,0.0,0.373,600.0,400.0
2026-05-31 00:00,3601,151,5,0,5100.0,0.0,0.33,600.0,400.0
2026-05-31 01:00,3602,151,5,1,5100.0,0.0,0.367,600.0,400.0
2026-05-31 02:00,3603,151,5,2,5502.1,0.0,0.145,600.0,400.0
2026-05-31 03:00,3604,151,5,3,5200.0,0.0,0.1,600.0,400.0
2026-05-31 04:00,3605,151,5,4,5407.8,0.0,0.381,600.0,400.0
2026-05-31 05:00,3606,151,5,5,5355.3,0.0,0.26,600.0,400.0
2026-05-31 06:00,3607,151,5,6,5709.1,0.071,0.102,600.0,400.0
2026-05-31 07:00,3608,151,5,7,6439.9,0.09,0.195,600.0,400.0
2026-05-31 08:00,3609,151,5,8,6363.3,0.357,0.159,600.0,400.0
2026-05-31 09:00,3610,151,5,9,6513.0,0.317,0.372,600.0,400.0
2026-05-31 10:00,3611,151,5,10,5641.6,0.591,0.228,600.0,400.0
2026-05-31 11:00,3612,151,5,11,5100.0,0.525,0.261,600.0,400.0
2026-05-31 12:00,3613,151,5,12,5100.0,0.533,0.158,600.0,400.0
2026-05-31 13:00,3614,151,5,13,5100.0,0.532,0.391,600.0,400.0
2026-05-31 14:00,3615,151,5,14,5100.0,0.572,0.526,600.0,400.0
2026-05-31 15:00,3616,151,5,15,5500.3,0.427,0.432,600.0,400.0
2026-05-31 16:00,3617,151,5,16,6573.2,0.328,0.304,600.0,400.0
2026-05-31 17:00,3618,151,5,17,7484.0,0.252,0.502,600.0,400.0
2026-05-31 18:00,3619,151,5,18,8262.7,0.076,0.185,600.0,400.0
2026-05-31 19:00,3620,151,5,19,8214.7,0.0,0.145,600.0,400.0
2026-05-31 20:00,3621,151,5,20,7309.6,0.0,0.308,600.0,400.0
2026-05-31 21:00,3622,151,5,21,6785.8,0.0,0.185,600.0,400.0
2026-05-31 22:00,3623,151,5,22,5691.1,0.0,0.22,600.0,400.0
2026-05-31 23:00,3624,151,5,23,5542.2,0.0,0.357,600.0,400.0
2026-06-01 00:00,3625,152,6,0,5919.8,0.0,0.267,600.0,400.0
2026-06-01 01:00,3626,152,6,1,5465.7,0.0,0.485,600.0,400.0
2026-06-01 02:00,3627,152,6,2,5490.6,0.0,0.172,600.0,400.0
2026-06-01 03:00,3628,152,6,3,5774.4,0.0,0.717,600.0,400.0
2026-06-01 04:00,3629,152,6,4,5495.2,0.0,0.201,600.0,400.0
2026-06-01 05:00,3630,152,6,5,5857.3,0.0,0.241,600.0,400.0
2026-06-01 06:00,3631,152,6,6,6436.6,0.074,0.106,600.0,400.0
2026-06-01 07:00,3632,152,6,7,6710.2,0.174,0.245,600.0,400.0
2026-06-01 08:00,3633,152,6,8,7113.5,0.364,0.456,600.0,400.0
2026-06-01 09:00,3634,152,6,9,7270.6,0.331,0.306,600.0,400.0
2026-06-01 10:00,3635,152,6,10,6193.7,0.33,0.147,600.0,400.0
2026-06-01 11:00,3636,152,6,11,5155.2,0.488,0.217,600.0,400.0
2026-06-01 12:00,3637,152,6,12,5100.0,0.528,0.223,600.0,400.0
2026-06-01 13:00,3638,152,6,13,5100.0,0.548,0.106,600.0,400.0
2026-06-01 14:00,3639,152,6,14,5100.0,0.507,0.477,600.0,400.0
2026-06-01 15:00,3640,152,6,15,5924.0,0.351,0.246,600.0,400.0
2026-06-01 16:00,3641,152,6,16,7236.7,0.323,0.304,600.0,400.0
2026-06-01 17:00,3642,152,6,17,8155.0,0.207,0.228,600.0,400.0
2026-06-01 18:00,3643,152,6,18,8615.0,0.07,0.166,600.0,400.0
2026-06-01 19:00,3644,152,6,19,8767.8,0.0,0.594,600.0,400.0
2026-06-01 20:00,3645,152,6,20,8054.3,0.0,0.084,600.0,400.0
2026-06-01 21:00,3646,152,6,21,7136.5,0.0,0.289,600.0,400.0
2026-06-01 22:00,3647,152,6,22,6571.4,0.0,0.445,600.0,400.0
2026-06-01 23:00,3648,152,6,23,6050.0,0.0,0.236,600.0,400.0
2026-06-02 00:00,3649,153,6,0,5741.4,0.0,0.284,600.0,400.0
2026-06-02 01:00,3650,153,6,1,5548.4,0.0,0.319,600.0,400.0
2026-06-02 02:00,3651,153,6,2,5689.3,0.0,0.731,600.0,400.0
2026-06-02 03:00,3652,153,6,3,5740.2,0.0,0.369,600.0,400.0
2026-06-02 04:00,3653,153,6,4,5813.2,0.0,0.529,600.0,400.0
2026-06-02 05:00,3654,153,6,5,5826.5,0.0,0.304,600.0,400.0
2026-06-02 06:00,3655,153,6,6,6365.1,0.076,0.155,600.0,400.0
2026-06-02 07:00,3656,153,6,7,6869.9,0.143,0.157,600.0,400.0
2026-06-02 08:00,3657,153,6,8,7152.5,0.187,0.337,600.0,400.0
2026-06-02 09:00,3658,153,6,9,6817.7,0.287,0.199,600.0,400.0
2026-06-02 10:00,3659,153,6,10,6151.9,0.615,0.187,600.0,400.0
2026-06-02 11:00,3660,153,6,11,5466.5,0.382,0.466,600.0,400.0
2026-06-02 12:00,3661,153,6,12,5100.0,0.501,0.038,600.0,400.0
2026-06-02 13:00,3662,153,6,13,5100.0,0.461,0.271,600.0,400.0
2026-06-02 14:00,3663,153,6,14,5100.0,0.493,0.399,600.0,400.0
2026-06-02 15:00,3664,153,6,15,5900.8,0.411,0.399,600.0,400.0
2026-06-02 16:00,3665,153,6,16,7507.0,0.257,0.252,600.0,400.0
2026-06-02 17:00,3666,153,6,17,7983.0,0.1,0.334,600.0,400.0
2026-06-02 18:00,3667,153,6,18,8890.4,0.079,0.033,600.0,400.0
2026-06-02 19:00,3668,153,6,19,8867.9,0.0,0.35,600.0,400.0
2026-06-02 20:00,3669,153,6,20,8161.3,0.0,0.379,600.0,400.0
2026-06-02 21:00,3670,153,6,21,7369.0,0.0,0.563,600.0,400.0
2026-06-02 22:00,3671,153,6,22,6694.7,0.0,0.197,600.0,400.0
2026-06-02 23:00,3672,153,6,23,6155.5,0.0,0.495,600.0,400.0
2026-06-03 00:00,3673,154,6,0,5433.3,0.0,0.408,600.0,400.0
2026-06-03 01:00,3674,154,6,1,5748.6,0.0,0.364,600.0,400.0
2026-06-03 02:00,3675,154,6,2,5613.7,0.0,0.238,600.0,400.0
2026-06-03 03:00,3676,154,6,3,5663.8,0.0,0.215,600.0,400.0
2026-06-03 04:00,3677,154,6,4,5753.7,0.0,0.324,600.0,400.0
2026-06-03 05:00,3678,154,6,5,5934.5,0.0,0.582,600.0,400.0
2026-06-03 06:00,3679,154,6,6,6531.9,0.059,0.197,600.0,400.0
2026-06-03 07:00,3680,154,6,7,6798.3,0.212,0.407,600.0,400.0
2026-06-03 08:00,3681,154,6,8,6972.2,0.301,0.245,600.0,400.0
2026-06-03 09:00,3682,154,6,9,7088.6,0.416,0.367,600.0,400.0
2026-06-03 10:00,3683,154,6,10,6154.8,0.512,0.138,600.0,400.0
2026-06-03 11:00,3684,154,6,11,5309.2,0.635,0.333,600.0,400.0
2026-06-03 12:00,3685,154,6,12,5100.0,0.556,0.39,600.0,400.0
2026-06-03 13:00,3686,154,6,13,5100.0,0.397,0.411,600.0,400.0
2026-06-03 14:00,3687,154,6,14,5211.3,0.446,0.405,600.0,400.0
2026-06-03 15:00,3688,154,6,15,5893.2,0.424,0.215,600.0,400.0
2026-06-03 16:00,3689,154,6,16,7520.2,0.22,0.316,600.0,400.0
2026-06-03 17:00,3690,154,6,17,8159.9,0.162,0.232,600.0,400.0
2026-06-03 18:00,3691,154,6,18,8858.8,0.069,0.258,600.0,400.0
2026-06-03 19:00,3692,154,6,19,8907.7,0.0,0.244,600.0,400.0
2026-06-03 20:00,3693,154,6,20,8378.9,0.0,0.237,600.0,400.0
2026-06-03 21:00,3694,154,6,21,7484.0,0.0,0.431,600.0,400.0
2026-06-03 22:00,3695,154,6,22,6669.6,0.0,0.4,600.0,400.0
2026-06-03 23:00,3696,154,6,23,5965.6,0.0,0.188,600.0,400.0
2026-06-04 00:00,3697,155,6,0,5524.7,0.0,0.394,600.0,400.0
2026-06-04 01:00,3698,155,6,1,5670.6,0.0,0.209,600.0,400.0
2026-06-04 02:00,3699,155,6,2,5773.4,0.0,0.162,600.0,400.0
2026-06-04 03:00,3700,155,6,3,5616.5,0.0,0.363,600.0,400.0
2026-06-04 04:00,3701,155,6,4,5912.4,0.0,0.202,600.0,400.0
2026-06-04 05:00,3702,155,6,5,6191.0,0.0,0.259,600.0,400.0
2026-06-04 06:00,3703,155,6,6,6194.6,0.068,0.132,600.0,400.0
2026-06-04 07:00,3704,155,6,7,6677.8,0.214,0.256,600.0,400.0
2026-06-04 08:00,3705,155,6,8,7128.8,0.317,0.13,600.0,400.0
2026-06-04 09:00,3706,155,6,9,7200.8,0.444,0.117,600.0,400.0
2026-06-04 10:00,3707,155,6,10,6042.3,0.545,0.192,600.0,400.0
2026-06-04 11:00,3708,155,6,11,5328.8,0.417,0.347,600.0,400.0
2026-06-04 12:00,3709,155,6,12,5100.0,0.623,0.135,600.0,400.0
2026-06-04 13:00,3710,155,6,13,5100.0,0.43,0.116,600.0,400.0
2026-06-04 14:00,3711,155,6,14,5100.0,0.327,0.064,600.0,400.0
2026-06-04 15:00,3712,155,6,15,5640.3,0.431,0.259,600.0,400.0
2026-06-04 16:00,3713,155,6,16,7361.1,0.115,0.216,600.0,400.0
2026-06-04 17:00,3714,155,6,17,7843.0,0.242,0.229,600.0,400.0
2026-06-04 18:00,3715,155,6,18,8935.4,0.054,0.757,600.0,400.0
2026-06-04 19:00,3716,155,6,19,8748.1,0.0,0.192,600.0,400.0
2026-06-04 20:00,3717,155,6,20,8702.9,0.0,0.317,600.0,400.0
2026-06-04 21:00,3718,155,6,21,7684.0,0.0,0.796,600.0,400.0
2026-06-04 22:00,3719,155,6,22,6501.0,0.0,0.075,600.0,400.0
2026-06-04 23:00,3720,155,6,23,5999.0,0.0,0.413,600.0,400.0
2026-06-05 00:00,3721,156,6,0,5775.5,0.0,0.253,600.0,400.0
2026-06-05 01:00,3722,156,6,1,5889.9,0.0,0.525,600.0,400.0
2026-06-05 02:00,3723,156,6,2,5362.0,0.0,0.504,600.0,400.0
2026-06-05 03:00,3724,156,6,3,5366.3,0.0,0.222,600.0,400.0
2026-06-05 04:00,3725,156,6,4,5642.5,0.0,0.153,600.0,400.0
2026-06-05 05:00,3726,156,6,5,6051.8,0.0,0.213,600.0,400.0
2026-06-05 06:00,3727,156,6,6,6420.7,0.059,0.48,600.0,400.0
2026-06-05 07:00,3728,156,6,7,6982.8,0.129,0.155,600.0,400.0
2026-06-05 08:00,3729,156,6,8,6959.4,0.305,0.502,600.0,400.0
2026-06-05 09:00,3730,156,6,9,6781.0,0.272,0.339,600.0,400.0
2026-06-05 10:00,3731,156,6,10,6263.5,0.48,0.155,600.0,400.0
2026-06-05 11:00,3732,156,6,11,5100.0,0.399,0.347,600.0,400.0
2026-06-05 12:00,3733,156,6,12,5100.0,0.335,0.072,600.0,400.0
2026-06-05 13:00,3734,156,6,13,5100.0,0.466,0.279,600.0,400.0
2026-06-05 14:00,3735,156,6,14,5100.0,0.415,0.224,600.0,400.0
2026-06-05 15:00,3736,156,6,15,5831.3,0.264,0.263,600.0,400.0
2026-06-05 16:00,3737,156,6,16,7242.9,0.225,0.295,600.0,400.0
2026-06-05 17:00,3738,156,6,17,8158.7,0.216,0.32,600.0,400.0
2026-06-05 18:00,3739,156,6,18,8714.1,0.067,0.403,600.0,400.0
2026-06-05 19:00,3740,156,6,19,8557.7,0.0,0.433,600.0,400.0
2026-06-05 20:00,3741,156,6,20,8069.7,0.0,0.747,600.0,400.0
2026-06-05 21:00,3742,156,6,21,7398.2,0.0,0.473,600.0,400.0
2026-06-05 22:00,3743,156,6,22,6581.5,0.0,0.42,600.0,400.0
2026-06-05 23:00,3744,156,6,23,6042.9,0.0,0.272,600.0,400.0
2026-06-06 00:00,3745,157,6,0,5100.0,0.0,0.136,600.0,400.0
2026-06-06 01:00,3746,157,6,1,5139.0,0.0,0.092,600.0,400.0
2026-06-06 02:00,3747,157,6,2,5100.0,0.0,0.269,600.0,400.0
2026-06-06 03:00,3748,157,6,3,5228.5,0.0,0.327,600.0,400.0
2026-06-06 04:00,3749,157,6,4,5511.3,0.0,0.302,600.0,400.0
2026-06-06 05:00,3750,157,6,5,5246.0,0.0,0.477,600.0,400.0
2026-06-06 06:00,3751,157,6,6,5740.2,0.05,0.19,600.0,400.0
2026-06-06 07:00,3752,157,6,7,6319.4,0.249,0.261,600.0,400.0
2026-06-06 08:00,3753,157,6,8,6779.7,0.371,0.377,600.0,400.0
2026-06-06 09:00,3754,157,6,9,6507.7,0.447,0.192,600.0,400.0
2026-06-06 10:00,3755,157,6,10,5525.4,0.49,0.219,600.0,400.0
2026-06-06 11:00,3756,157,6,11,5100.0,0.557,0.439,600.0,400.0
2026-06-06 12:00,3757,157,6,12,5100.0,0.404,0.265,600.0,400.0
2026-06-06 13:00,3758,157,6,13,5100.0,0.438,0.391,600.0,400.0
2026-06-06 14:00,3759,157,6,14,5100.0,0.487,0.534,600.0,400.0
2026-06-06 15:00,3760,157,6,15,5379.2,0.515,0.322,600.0,400.0
2026-06-06 16:00,3761,157,6,16,6782.4,0.29,0.131,600.0,400.0
2026-06-06 17:00,3762,157,6,17,7527.7,0.219,0.492,600.0,400.0
2026-06-06 18:00,3763,157,6,18,7941.5,0.08,0.503,600.0,400.0
2026-06-06 19:00,3764,157,6,19,8203.2,0.0,0.146,600.0,400.0
2026-06-06 20:00,3765,157,6,20,7565.4,0.0,0.358,600.0,400.0
2026-06-06 21:00,3766,157,6,21,6732.4,0.0,0.328,600.0,400.0
2026-06-06 22:00,3767,157,6,22,5851.5,0.0,0.527,600.0,400.0
2026-06-06 23:00,3768,157,6,23,5743.3,0.0,0.221,600.0,400.0
2026-06-07 00:00,3769,158,6,0,5273.2,0.0,0.276,600.0,400.0
2026-06-07 01:00,3770,158,6,1,5100.0,0.0,0.336,600.0,400.0
2026-06-07 02:00,3771,158,6,2,5334.4,0.0,0.284,600.0,400.0
2026-06-07 03:00,3772,158,6,3,5120.3,0.0,0.535,600.0,400.0
2026-06-07 04:00,3773,158,6,4,5157.5,0.0,0.516,600.0,400.0
2026-06-07 05:00,3774,158,6,5,5360.3,0.0,0.087,600.0,400.0
2026-06-07 06:00,3775,158,6,6,5550.5,0.073,0.164,600.0,400.0
2026-06-07 07:00,3776,158,6,7,6342.2,0.169,0.03,600.0,400.0
2026-06-07 08:00,3777,158,6,8,6286.2,0.274,0.194,600.0,400.0
2026-06-07 09:00,3778,158,6,9,6382.9,0.443,0.273,600.0,400.0
2026-06-07 10:00,3779,158,6,10,5304.1,0.569,0.217,600.0,400.0
2026-06-07 11:00,3780,158,6,11,5100.0,0.47,0.079,600.0,400.0
2026-06-07 12:00,3781,158,6,12,5100.0,0.638,0.143,600.0,400.0
2026-06-07 13:00,3782,158,6,13,5100.0,0.581,0.142,600.0,400.0
2026-06-07 14:00,3783,158,6,14,5100.0,0.485,0.281,600.0,400.0
2026-06-07 15:00,3784,158,6,15,5195.2,0.437,0.369,600.0,400.0
2026-06-07 16:00,3785,158,6,16,6805.2,0.272,0.23,600.0,400.0
2026-06-07 17:00,3786,158,6,17,7441.4,0.188,0.149,600.0,400.0
2026-06-07 18:00,3787,158,6,18,8122.2,0.082,0.489,600.0,400.0
2026-06-07 19:00,3788,158,6,19,7929.9,0.0,0.547,600.0,400.0
2026-06-07 20:00,3789,158,6,20,7558.3,0.0,0.234,600.0,400.0
2026-06-07 21:00,3790,158,6,21,6938.1,0.0,0.298,600.0,400.0
2026-06-07 22:00,3791,158,6,22,6101.4,0.0,0.121,600.0,400.0
2026-06-07 23:00,3792,158,6,23,5468.7,0.0,0.199,600.0,400.0
2026-06-08 00:00,3793,159,6,0,5657.3,0.0,0.437,600.0,400.0
2026-06-08 01:00,3794,159,6,1,5578.9,0.0,0.239,600.0,400.0
2026-06-08 02:00,3795,159,6,2,5625.3,0.0,0.318,600.0,400.0
2026-06-08 03:00,3796,159,6,3,5600.0,0.0,0.52,600.0,400.0
2026-06-08 04:00,3797,159,6,4,5715.7,0.0,0.333,600.0,400.0
2026-06-08 05:00,3798,159,6,5,5992.5,0.0,0.221,600.0,400.0
2026-06-08 06:00,3799,159,6,6,6182.3,0.033,0.186,600.0,400.0
2026-06-08 07:00,3800,159,6,7,6649.1,0.079,0.125,600.0,400.0
2026-06-08 08:00,3801,159,6,8,6929.1,0.186,0.306,600.0,400.0
2026-06-08 09:00,3802,159,6,9,6895.5,0.461,0.095,600.0,400.0
2026-06-08 10:00,3803,159,6,10,5931.5,0.523,0.072,600.0,400.0
2026-06-08 11:00,3804,159,6,11,5138.0,0.425,0.098,600.0,400.0
2026-06-08 12:00,3805,159,6,12,5100.0,0.629,0.16,600.0,400.0
2026-06-08 13:00,3806,159,6,13,5100.0,0.564,0.31,600.0,400.0
2026-06-08 14:00,3807,159,6,14,5100.0,0.478,0.456,600.0,400.0
2026-06-08 15:00,3808,159,6,15,5535.8,0.462,0.743,600.0,400.0
2026-06-08 16:00,3809,159,6,16,7421.0,0.219,0.416,600.0,400.0
2026-06-08 17:00,3810,159,6,17,8313.9,0.186,0.158,600.0,400.0
2026-06-08 18:00,3811,159,6,18,8614.4,0.03,0.229,600.0,400.0
2026-06-08 19:00,3812,159,6,19,8840.6,0.0,0.157,600.0,400.0
2026-06-08 20:00,3813,159,6,20,8047.0,0.0,0.147,600.0,400.0
2026-06-08 21:00,3814,159,6,21,7330.4,0.0,0.366,600.0,400.0
2026-06-08 22:00,3815,159,6,22,6327.7,0.0,0.589,600.0,400.0
2026-06-08 23:00,3816,159,6,23,5729.1,0.0,0.406,600.0,400.0
2026-06-09 00:00,3817,160,6,0,5554.9,0.0,0.458,600.0,400.0
2026-06-09 01:00,3818,160,6,1,5597.6,0.0,0.296,600.0,400.0
2026-06-09 02:00,3819,160,6,2,5560.4,0.0,0.268,600.0,400.0
2026-06-09 03:00,3820,160,6,3,5462.7,0.0,0.507,600.0,400.0
2026-06-09 04:00,3821,160,6,4,5678.0,0.0,0.332,600.0,400.0
2026-06-09 05:00,3822,160,6,5,6001.7,0.0,0.223,600.0,400.0
2026-06-09 06:00,3823,160,6,6,6334.0,0.052,0.175,600.0,400.0
2026-06-09 07:00,3824,160,6,7,6840.9,0.171,0.087,600.0,400.0
2026-06-09 08:00,3825,160,6,8,7044.1,0.344,0.337,600.0,400.0
2026-06-09 09:00,3826,160,6,9,7339.0,0.487,0.118,600.0,400.0
2026-06-09 10:00,3827,160,6,10,5938.1,0.446,0.231,600.0,400.0
2026-06-09 11:00,3828,160,6,11,5190.5,0.332,0.282,600.0,400.0
2026-06-09 12:00,3829,160,6,12,5100.0,0.617,0.342,600.0,400.0
2026-06-09 13:00,3830,160,6,13,5100.0,0.265,0.098,600.0,400.0
2026-06-09 14:00,3831,160,6,14,5100.0,0.475,0.038,600.0,400.0
2026-06-09 15:00,3832,160,6,15,5766.3,0.305,0.383,600.0,400.0
2026-06-09 16:00,3833,160,6,16,7482.0,0.314,0.288,600.0,400.0
2026-06-09 17:00,3834,160,6,17,7956.5,0.195,0.176,600.0,400.0
2026-06-09 18:00,3835,160,6,18,8618.2,0.068,0.758,600.0,400.0
2026-06-09 19:00,3836,160,6,19,8709.8,0.0,0.492,600.0,400.0
2026-06-09 20:00,3837,160,6,20,8382.0,0.0,0.373,600.0,400.0
2026-06-09 21:00,3838,160,6,21,7375.5,0.0,0.436,600.0,400.0
2026-06-09 22:00,3839,160,6,22,6375.1,0.0,0.167,600.0,400.0
2026-06-09 23:00,3840,160,6,23,5966.3,0.0,0.668,600.0,400.0
2026-06-10 00:00,3841,161,6,0,5517.9,0.0,0.83,600.0,400.0
2026-06-10 01:00,3842,161,6,1,5503.8,0.0,0.356,600.0,400.0
2026-06-10 02:00,3843,161,6,2,5780.7,0.0,0.346,600.0,400.0
2026-06-10 03:00,3844,161,6,3,5432.6,0.0,0.343,600.0,400.0
2026-06-10 04:00,3845,161,6,4,5999.4,0.0,0.308,600.0,400.0
2026-06-10 05:00,3846,161,6,5,6091.1,0.0,0.216,600.0,400.0
2026-06-10 06:00,3847,161,6,6,6515.7,0.06,0.239,600.0,400.0
2026-06-10 07:00,3848,161,6,7,6737.6,0.2,0.155,600.0,400.0
2026-06-10 08:00,3849,161,6,8,7127.3,0.253,0.203,600.0,400.0
2026-06-10 09:00,3850,161,6,9,6922.3,0.373,0.201,600.0,400.0
2026-06-10 10:00,3851,161,6,10,6042.3,0.408,0.161,600.0,400.0
2026-06-10 11:00,3852,161,6,11,5191.5,0.334,0.345,600.0,400.0
2026-06-10 12:00,3853,161,6,12,5100.0,0.596,0.217,600.0,400.0
2026-06-10 13:00,3854,161,6,13,5100.0,0.596,0.281,600.0,400.0
2026-06-10 14:00,3855,161,6,14,5100.0,0.521,0.142,600.0,400.0
2026-06-10 15:00,3856,161,6,15,5826.6,0.365,0.282,600.0,400.0
2026-06-10 16:00,3857,161,6,16,7092.9,0.301,0.433,600.0,400.0
2026-06-10 17:00,3858,161,6,17,8278.8,0.238,0.295,600.0,400.0
2026-06-10 18:00,3859,161,6,18,8657.6,0.058,0.355,600.0,400.0
2026-06-10 19:00,3860,161,6,19,8742.1,0.0,0.435,600.0,400.0
2026-06-10 20:00,3861,161,6,20,8111.7,0.0,0.286,600.0,400.0
2026-06-10 21:00,3862,161,6,21,7188.5,0.0,0.268,600.0,400.0
2026-06-10 22:00,3863,161,6,22,6528.9,0.0,0.124,600.0,400.0
2026-06-10 23:00,3864,161,6,23,5981.5,0.0,0.356,600.0,400.0
2026-06-11 00:00,3865,162,6,0,5556.7,0.0,0.402,600.0,400.0
2026-06-11 01:00,3866,162,6,1,5500.8,0.0,0.326,600.0,400.0
2026-06-11 02:00,3867,162,6,2,5675.2,0.0,0.196,600.0,400.0
2026-06-11 03:00,3868,162,6,3,5916.7,0.0,0.177,600.0,400.0
2026-06-11 04:00,3869,162,6,4,5764.4,0.0,0.128,600.0,400.0
2026-06-11 05:00,3870,162,6,5,6117.9,0.0,0.066,600.0,400.0
2026-06-11 06:00,3871,162,6,6,6118.8,0.061,0.204,600.0,400.0
2026-06-11 07:00,3872,162,6,7,6836.9,0.189,0.114,600.0,400.0
2026-06-11 08:00,3873,162,6,8,6975.7,0.341,0.281,600.0,400.0
2026-06-11 09:00,3874,162,6,9,6915.2,0.192,0.461,600.0,400.0
2026-06-11 10:00,3875,162,6,10,6008.0,0.333,0.079,600.0,400.0
2026-06-11 11:00,3876,162,6,11,5303.2,0.571,0.411,600.0,400.0
2026-06-11 12:00,3877,162,6,12,5100.0,0.409,0.305,600.0,400.0
2026-06-11 13:00,3878,162,6,13,5100.0,0.641,0.431,600.0,400.0
2026-06-11 14:00,3879,162,6,14,5100.0,0.418,0.141,600.0,400.0
2026-06-11 15:00,3880,162,6,15,5819.4,0.506,0.525,600.0,400.0
2026-06-11 16:00,3881,162,6,16,7364.5,0.236,0.632,600.0,400.0
2026-06-11 17:00,3882,162,6,17,8212.3,0.218,0.573,600.0,400.0
2026-06-11 18:00,3883,162,6,18,8478.4,0.054,0.48,600.0,400.0
2026-06-11 19:00,3884,162,6,19,8630.9,0.0,0.129,600.0,400.0
2026-06-11 20:00,3885,162,6,20,8173.8,0.0,0.206,600.0,400.0
2026-06-11 21:00,3886,162,6,21,7400.6,0.0,0.608,600.0,400.0
2026-06-11 22:00,3887,162,6,22,6178.6,0.0,0.206,600.0,400.0
2026-06-11 23:00,3888,162,6,23,5990.0,0.0,0.253,600.0,400.0
2026-06-12 00:00,3889,163,6,0,5639.1,0.0,0.089,600.0,400.0
2026-06-12 01:00,3890,163,6,1,5753.3,0.0,0.346,600.0,400.0
2026-06-12 02:00,3891,163,6,2,5734.9,0.0,0.302,600.0,400.0
2026-06-12 03:00,3892,163,6,3,5745.3,0.0,0.548,600.0,400.0
2026-06-12 04:00,3893,163,6,4,5614.0,0.0,0.432,600.0,400.0
2026-06-12 05:00,3894,163,6,5,5653.3,0.0,0.238,600.0,400.0
2026-06-12 06:00,3895,163,6,6,6278.3,0.045,0.262,600.0,400.0
2026-06-12 07:00,3896,163,6,7,6971.9,0.129,0.194,600.0,400.0
2026-06-12 08:00,3897,163,6,8,7374.3,0.211,0.103,600.0,400.0
2026-06-12 09:00,3898,163,6,9,7265.2,0.487,0.367,600.0,400.0
2026-06-12 10:00,3899,163,6,10,6194.9,0.558,0.242,600.0,400.0
2026-06-12 11:00,3900,163,6,11,5173.2,0.403,0.212,600.0,400.0
2026-06-12 12:00,3901,163,6,12,5100.0,0.459,0.084,600.0,400.0
2026-06-12 13:00,3902,163,6,13,5100.0,0.53,0.326,600.0,400.0
2026-06-12 14:00,3903,163,6,14,5100.0,0.441,0.24,600.0,400.0
2026-06-12 15:00,3904,163,6,15,5700.0,0.402,0.194,600.0,400.0
2026-06-12 16:00,3905,163,6,16,7574.5,0.285,0.519,600.0,400.0
2026-06-12 17:00,3906,163,6,17,8132.7,0.169,0.178,600.0,400.0
2026-06-12 18:00,3907,163,6,18,8985.5,0.048,0.335,600.0,400.0
2026-06-12 19:00,3908,163,6,19,8548.3,0.0,0.496,600.0,400.0
2026-06-12 20:00,3909,163,6,20,8277.8,0.0,0.542,600.0,400.0
2026-06-12 21:00,3910,163,6,21,7196.9,0.0,0.513,600.0,400.0
2026-06-12 22:00,3911,163,6,22,6303.6,0.0,0.577,600.0,400.0
2026-06-12 23:00,3912,163,6,23,6050.9,0.0,0.156,600.0,400.0
2026-06-13 00:00,3913,164,6,0,5328.4,0.0,0.598,600.0,400.0
2026-06-13 01:00,3914,164,6,1,5100.0,0.0,0.04,600.0,400.0
2026-06-13 02:00,3915,164,6,2,5100.0,0.0,0.185,600.0,400.0
2026-06-13 03:00,3916,164,6,3,5185.2,0.0,0.098,600.0,400.0
2026-06-13 04:00,3917,164,6,4,5268.7,0.0,0.491,600.0,400.0
2026-06-13 05:00,3918,164,6,5,5569.6,0.0,0.211,600.0,400.0
2026-06-13 06:00,3919,164,6,6,5985.8,0.071,0.17,600.0,400.0
2026-06-13 07:00,3920,164,6,7,6257.2,0.185,0.117,600.0,400.0
2026-06-13 08:00,3921,164,6,8,6876.1,0.273,0.112,600.0,400.0
2026-06-13 09:00,3922,164,6,9,6615.3,0.328,0.256,600.0,400.0
2026-06-13 10:00,3923,164,6,10,5580.7,0.409,0.064,600.0,400.0
2026-06-13 11:00,3924,164,6,11,5100.0,0.392,0.267,600.0,400.0
2026-06-13 12:00,3925,164,6,12,5100.0,0.471,0.357,600.0,400.0
2026-06-13 13:00,3926,164,6,13,5100.0,0.272,0.3,600.0,400.0
2026-06-13 14:00,3927,164,6,14,5100.0,0.396,0.431,600.0,400.0
2026-06-13 15:00,3928,164,6,15,5456.7,0.444,0.199,600.0,400.0
2026-06-13 16:00,3929,164,6,16,6542.2,0.328,0.11,600.0,400.0
2026-06-13 17:00,3930,164,6,17,7557.0,0.154,0.426,600.0,400.0
2026-06-13 18:00,3931,164,6,18,8179.0,0.071,0.511,600.0,400.0
2026-06-13 19:00,3932,164,6,19,8316.0,0.0,0.335,600.0,400.0
2026-06-13 20:00,3933,164,6,20,7671.3,0.0,0.518,600.0,400.0
2026-06-13 21:00,3934,164,6,21,6851.3,0.0,0.315,600.0,400.0
2026-06-13 22:00,3935,164,6,22,6017.2,0.0,0.19,600.0,400.0
2026-06-13 23:00,3936,164,6,23,5596.8,0.0,0.308,600.0,400.0
2026-06-14 00:00,3937,165,6,0,5377.3,0.0,0.186,600.0,400.0
2026-06-14 01:00,3938,165,6,1,5100.0,0.0,0.281,600.0,400.0
2026-06-14 02:00,3939,165,6,2,5128.7,0.0,0.138,600.0,400.0
2026-06-14 03:00,3940,165,6,3,5100.0,0.0,0.147,600.0,400.0
2026-06-14 04:00,3941,165,6,4,5353.8,0.0,0.424,600.0,400.0
2026-06-14 05:00,3942,165,6,5,5689.2,0.0,0.103,600.0,400.0
2026-06-14 06:00,3943,165,6,6,5748.9,0.053,0.14,600.0,400.0
2026-06-14 07:00,3944,165,6,7,5894.8,0.164,0.586,600.0,400.0
2026-06-14 08:00,3945,165,6,8,6523.7,0.384,0.242,600.0,400.0
2026-06-14 09:00,3946,165,6,9,6736.1,0.474,0.247,600.0,400.0
2026-06-14 10:00,3947,165,6,10,5732.6,0.571,0.362,600.0,400.0
2026-06-14 11:00,3948,165,6,11,5100.0,0.496,0.244,600.0,400.0
2026-06-14 12:00,3949,165,6,12,5100.0,0.445,0.153,600.0,400.0
2026-06-14 13:00,3950,165,6,13,5100.0,0.525,0.234,600.0,400.0
2026-06-14 14:00,3951,165,6,14,5100.0,0.605,0.388,600.0,400.0
2026-06-14 15:00,3952,165,6,15,5261.8,0.364,0.491,600.0,400.0
2026-06-14 16:00,3953,165,6,16,7094.4,0.213,0.212,600.0,400.0
2026-06-14 17:00,3954,165,6,17,7636.6,0.199,0.215,600.0,400.0
2026-06-14 18:00,3955,165,6,18,7996.0,0.045,0.252,600.0,400.0
2026-06-14 19:00,3956,165,6,19,7991.6,0.0,0.38,600.0,400.0
2026-06-14 20:00,3957,165,6,20,7531.8,0.0,0.235,600.0,400.0
2026-06-14 21:00,3958,165,6,21,6707.2,0.0,0.583,600.0,400.0
2026-06-14 22:00,3959,165,6,22,6200.4,0.0,0.739,600.0,400.0
2026-06-14 23:00,3960,165,6,23,5577.1,0.0,0.403,600.0,400.0
2026-06-15 00:00,3961,166,6,0,5524.8,0.0,0.664,600.0,400.0
2026-06-15 01:00,3962,166,6,1,5945.6,0.0,0.208,600.0,400.0
2026-06-15 02:00,3963,166,6,2,5657.6,0.0,0.423,600.0,400.0
2026-06-15 03:00,3964,166,6,3,5800.8,0.0,0.331,600.0,400.0
2026-06-15 04:00,3965,166,6,4,5670.4,0.0,0.168,600.0,400.0
2026-06-15 05:00,3966,166,6,5,6042.3,0.0,0.178,600.0,400.0
2026-06-15 06:00,3967,166,6,6,6416.7,0.046,0.223,600.0,400.0
2026-06-15 07:00,3968,166,6,7,6535.0,0.173,0.325,600.0,400.0
2026-06-15 08:00,3969,166,6,8,7499.4,0.213,0.367,600.0,400.0
2026-06-15 09:00,3970,166,6,9,7383.7,0.383,0.263,600.0,400.0
2026-06-15 10:00,3971,166,6,10,6088.4,0.366,0.303,600.0,400.0
2026-06-15 11:00,3972,166,6,11,5100.0,0.554,0.16,600.0,400.0
2026-06-15 12:00,3973,166,6,12,5100.0,0.526,0.34,600.0,400.0
2026-06-15 13:00,3974,166,6,13,5100.0,0.63,0.301,600.0,400.0
2026-06-15 14:00,3975,166,6,14,5100.0,0.305,0.171,600.0,400.0
2026-06-15 15:00,3976,166,6,15,5912.2,0.441,0.587,600.0,400.0
2026-06-15 16:00,3977,166,6,16,7431.8,0.331,0.312,600.0,400.0
2026-06-15 17:00,3978,166,6,17,8454.8,0.155,0.472,600.0,400.0
2026-06-15 18:00,3979,166,6,18,8906.9,0.069,0.34,600.0,400.0
2026-06-15 19:00,3980,166,6,19,8649.5,0.0,0.638,600.0,400.0
2026-06-15 20:00,3981,166,6,20,8444.7,0.0,0.163,600.0,400.0
2026-06-15 21:00,3982,166,6,21,7616.3,0.0,0.355,600.0,400.0
2026-06-15 22:00,3983,166,6,22,7068.9,0.0,0.068,600.0,400.0
2026-06-15 23:00,3984,166,6,23,5867.0,0.0,0.184,600.0,400.0
2026-06-16 00:00,3985,167,6,0,5698.1,0.0,0.215,600.0,400.0
2026-06-16 01:00,3986,167,6,1,5327.3,0.0,0.281,600.0,400.0
2026-06-16 02:00,3987,167,6,2,5755.6,0.0,0.427,600.0,400.0
2026-06-16 03:00,3988,167,6,3,5607.4,0.0,0.25,600.0,400.0
2026-06-16 04:00,3989,167,6,4,6092.8,0.0,0.269,600.0,400.0
2026-06-16 05:00,3990,167,6,5,5877.7,0.0,0.44,600.0,400.0
2026-06-16 06:00,3991,167,6,6,6114.0,0.052,0.318,600.0,400.0
2026-06-16 07:00,3992,167,6,7,6779.3,0.109,0.064,600.0,400.0
2026-06-16 08:00,3993,167,6,8,6878.3,0.262,0.119,600.0,400.0
2026-06-16 09:00,3994,167,6,9,7314.8,0.464,0.056,600.0,400.0
2026-06-16 10:00,3995,167,6,10,5838.9,0.515,0.077,600.0,400.0
2026-06-16 11:00,3996,167,6,11,5160.3,0.608,0.184,600.0,400.0
2026-06-16 12:00,3997,167,6,12,5100.0,0.565,0.334,600.0,400.0
2026-06-16 13:00,3998,167,6,13,5100.0,0.502,0.17,600.0,400.0
2026-06-16 14:00,3999,167,6,14,5123.8,0.43,0.237,600.0,400.0
2026-06-16 15:00,4000,167,6,15,5960.1,0.465,0.25,600.0,400.0
2026-06-16 16:00,4001,167,6,16,7236.0,0.249,0.346,600.0,400.0
2026-06-16 17:00,4002,167,6,17,8244.6,0.212,0.556,600.0,400.0
2026-06-16 18:00,4003,167,6,18,8847.7,0.07,0.764,600.0,400.0
2026-06-16 19:00,4004,167,6,19,8922.8,0.0,0.384,600.0,400.0
2026-06-16 20:00,4005,167,6,20,8036.7,0.0,0.338,600.0,400.0
2026-06-16 21:00,4006,167,6,21,7475.0,0.0,0.424,600.0,400.0
2026-06-16 22:00,4007,167,6,22,6155.3,0.0,0.409,600.0,400.0
2026-06-16 23:00,4008,167,6,23,5966.8,0.0,0.329,600.0,400.0
2026-06-17 00:00,4009,168,6,0,5599.8,0.0,0.419,600.0,400.0
2026-06-17 01:00,4010,168,6,1,5780.5,0.0,0.289,600.0,400.0
2026-06-17 02:00,4011,168,6,2,5689.4,0.0,0.752,600.0,400.0
2026-06-17 03:00,4012,168,6,3,5489.0,0.0,0.075,600.0,400.0
2026-06-17 04:00,4013,168,6,4,5646.2,0.0,0.229,600.0,400.0
2026-06-17 05:00,4014,168,6,5,6052.1,0.0,0.203,600.0,400.0
2026-06-17 06:00,4015,168,6,6,6390.3,0.078,0.324,600.0,400.0
2026-06-17 07:00,4016,168,6,7,6780.8,0.083,0.125,600.0,400.0
2026-06-17 08:00,4017,168,6,8,7136.1,0.321,0.199,600.0,400.0
2026-06-17 09:00,4018,168,6,9,7324.7,0.46,0.286,600.0,400.0
2026-06-17 10:00,4019,168,6,10,6105.2,0.547,0.259,600.0,400.0
2026-06-17 11:00,4020,168,6,11,5160.4,0.343,0.25,600.0,400.0
2026-06-17 12:00,4021,168,6,12,5100.0,0.559,0.226,600.0,400.0
2026-06-17 13:00,4022,168,6,13,5100.0,0.576,0.365,600.0,400.0
2026-06-17 14:00,4023,168,6,14,5100.0,0.302,0.336,600.0,400.0
2026-06-17 15:00,4024,168,6,15,6050.2,0.2,0.493,600.0,400.0
2026-06-17 16:00,4025,168,6,16,7290.8,0.376,0.417,600.0,400.0
2026-06-17 17:00,4026,168,6,17,8227.1,0.135,0.154,600.0,400.0
2026-06-17 18:00,4027,168,6,18,8750.9,0.042,0.384,600.0,400.0
2026-06-17 19:00,4028,168,6,19,8837.7,0.0,0.091,600.0,400.0
2026-06-17 20:00,4029,168,6,20,8542.3,0.0,0.285,600.0,400.0
2026-06-17 21:00,4030,168,6,21,7536.9,0.0,0.294,600.0,400.0
2026-06-17 22:00,4031,168,6,22,6751.2,0.0,0.534,600.0,400.0
2026-06-17 23:00,4032,168,6,23,5863.4,0.0,0.176,600.0,400.0
2026-06-18 00:00,4033,169,6,0,5513.4,0.0,0.37,600.0,400.0
2026-06-18 01:00,4034,169,6,1,5244.5,0.0,0.167,600.0,400.0
2026-06-18 02:00,4035,169,6,2,5575.9,0.0,0.554,600.0,400.0
2026-06-18 03:00,4036,169,6,3,5886.6,0.0,0.273,600.0,400.0
2026-06-18 04:00,4037,169,6,4,5906.1,0.0,0.326,600.0,400.0
2026-06-18 05:00,4038,169,6,5,6004.5,0.0,0.286,600.0,400.0
2026-06-18 06:00,4039,169,6,6,6419.0,0.059,0.166,600.0,400.0
2026-06-18 07:00,4040,169,6,7,6782.8,0.175,0.391,600.0,400.0
2026-06-18 08:00,4041,169,6,8,7265.4,0.27,0.258,600.0,400.0
2026-06-18 09:00,4042,169,6,9,7355.5,0.426,0.223,600.0,400.0
2026-06-18 10:00,4043,169,6,10,5949.2,0.32,0.235,600.0,400.0
2026-06-18 11:00,4044,169,6,11,5242.2,0.404,0.41,600.0,400.0
2026-06-18 12:00,4045,169,6,12,5100.0,0.598,0.078,600.0,400.0
2026-06-18 13:00,4046,169,6,13,5100.0,0.388,0.223,600.0,400.0
2026-06-18 14:00,4047,169,6,14,5100.0,0.306,0.442,600.0,400.0
2026-06-18 15:00,4048,169,6,15,6398.7,0.433,0.074,600.0,400.0
2026-06-18 16:00,4049,169,6,16,7409.2,0.287,0.368,600.0,400.0
2026-06-18 17:00,4050,169,6,17,8370.7,0.225,0.277,600.0,400.0
2026-06-18 18:00,4051,169,6,18,8790.4,0.063,0.194,600.0,400.0
2026-06-18 19:00,4052,169,6,19,8941.9,0.0,0.387,600.0,400.0
2026-06-18 20:00,4053,169,6,20,8392.7,0.0,0.526,600.0,400.0
2026-06-18 21:00,4054,169,6,21,7469.5,0.0,0.319,600.0,400.0
2026-06-18 22:00,4055,169,6,22,6476.5,0.0,0.163,600.0,400.0
2026-06-18 23:00,4056,169,6,23,6146.5,0.0,0.235,600.0,400.0
2026-06-19 00:00,4057,170,6,0,5951.8,0.0,0.705,600.0,400.0
2026-06-19 01:00,4058,170,6,1,5790.8,0.0,0.126,600.0,400.0
2026-06-19 02:00,4059,170,6,2,5879.6,0.0,0.144,600.0,400.0
2026-06-19 03:00,4060,170,6,3,5715.8,0.0,0.647,600.0,400.0
2026-06-19 04:00,4061,170,6,4,5963.6,0.0,0.424,600.0,400.0
2026-06-19 05:00,4062,170,6,5,6104.9,0.0,0.309,600.0,400.0
2026-06-19 06:00,4063,170,6,6,6290.7,0.066,0.114,600.0,400.0
2026-06-19 07:00,4064,170,6,7,6964.3,0.12,0.142,600.0,400.0
2026-06-19 08:00,4065,170,6,8,7094.3,0.202,0.12,600.0,400.0
2026-06-19 09:00,4066,170,6,9,7152.0,0.372,0.262,600.0,400.0
2026-06-19 10:00,4067,170,6,10,6258.3,0.321,0.195,600.0,400.0
2026-06-19 11:00,4068,170,6,11,5262.1,0.575,0.067,600.0,400.0
2026-06-19 12:00,4069,170,6,12,5100.0,0.485,0.178,600.0,400.0
2026-06-19 13:00,4070,170,6,13,5100.0,0.618,0.431,600.0,400.0
2026-06-19 14:00,4071,170,6,14,5100.0,0.454,0.412,600.0,400.0
2026-06-19 15:00,4072,170,6,15,5859.9,0.415,0.353,600.0,400.0
2026-06-19 16:00,4073,170,6,16,7207.1,0.212,0.116,600.0,400.0
2026-06-19 17:00,4074,170,6,17,8315.4,0.197,0.546,600.0,400.0
2026-06-19 18:00,4075,170,6,18,8870.7,0.061,0.344,600.0,400.0
2026-06-19 19:00,4076,170,6,19,8965.7,0.0,0.331,600.0,400.0
2026-06-19 20:00,4077,170,6,20,8294.6,0.0,0.644,600.0,400.0
2026-06-19 21:00,4078,170,6,21,7147.9,0.0,0.042,600.0,400.0
2026-06-19 22:00,4079,170,6,22,6604.8,0.0,0.354,600.0,400.0
2026-06-19 23:00,4080,170,6,23,6088.9,0.0,0.47,600.0,400.0
2026-06-20 00:00,4081,171,6,0,5390.6,0.0,0.1,600.0,400.0
2026-06-20 01:00,4082,171,6,1,5178.6,0.0,0.236,600.0,400.0
2026-06-20 02:00,4083,171,6,2,5565.0,0.0,0.623,600.0,400.0
2026-06-20 03:00,4084,171,6,3,5100.0,0.0,0.157,600.0,400.0
2026-06-20 04:00,4085,171,6,4,5614.8,0.0,0.258,600.0,400.0
2026-06-20 05:00,4086,171,6,5,5568.3,0.0,0.326,600.0,400.0
2026-06-20 06:00,4087,171,6,6,6093.8,0.075,0.193,600.0,400.0
2026-06-20 07:00,4088,171,6,7,6401.8,0.157,0.193,600.0,400.0
2026-06-20 08:00,4089,171,6,8,6883.8,0.317,0.071,600.0,400.0
2026-06-20 09:00,4090,171,6,9,6639.8,0.406,0.125,600.0,400.0
2026-06-20 10:00,4091,171,6,10,5582.8,0.346,0.386,600.0,400.0
2026-06-20 11:00,4092,171,6,11,5100.0,0.576,0.362,600.0,400.0
2026-06-20 12:00,4093,171,6,12,5100.0,0.535,0.182,600.0,400.0
2026-06-20 13:00,4094,171,6,13,5100.0,0.289,0.22,600.0,400.0
2026-06-20 14:00,4095,171,6,14,5100.0,0.307,0.255,600.0,400.0
2026-06-20 15:00,4096,171,6,15,5364.2,0.388,0.232,600.0,400.0
2026-06-20 16:00,4097,171,6,16,6991.0,0.317,0.375,600.0,400.0
2026-06-20 17:00,4098,171,6,17,7620.8,0.197,0.048,600.0,400.0
2026-06-20 18:00,4099,171,6,18,8253.4,0.073,0.559,600.0,400.0
2026-06-20 19:00,4100,171,6,19,8292.8,0.0,0.244,600.0,400.0
2026-06-20 20:00,4101,171,6,20,7492.2,0.0,0.564,600.0,400.0
2026-06-20 21:00,4102,171,6,21,6790.7,0.0,0.313,600.0,400.0
2026-06-20 22:00,4103,171,6,22,6388.6,0.0,0.473,600.0,400.0
2026-06-20 23:00,4104,171,6,23,5823.1,0.0,0.495,600.0,400.0
2026-06-21 00:00,4105,172,6,0,5300.1,0.0,0.224,600.0,400.0
2026-06-21 01:00,4106,172,6,1,5350.1,0.0,0.352,600.0,400.0
2026-06-21 02:00,4107,172,6,2,5270.3,0.0,0.32,600.0,400.0
2026-06-21 03:00,4108,172,6,3,5560.2,0.0,0.253,600.0,400.0
2026-06-21 04:00,4109,172,6,4,5393.8,0.0,0.237,600.0,400.0
2026-06-21 05:00,4110,172,6,5,5662.2,0.0,0.173,600.0,400.0
2026-06-21 06:00,4111,172,6,6,6160.5,0.071,0.168,600.0,400.0
2026-06-21 07:00,4112,172,6,7,6285.6,0.177,0.235,600.0,400.0
2026-06-21 08:00,4113,172,6,8,6971.8,0.303,0.051,600.0,400.0
2026-06-21 09:00,4114,172,6,9,6477.8,0.249,0.422,600.0,400.0
2026-06-21 10:00,4115,172,6,10,6040.3,0.529,0.276,600.0,400.0
2026-06-21 11:00,4116,172,6,11,5100.0,0.322,0.217,600.0,400.0
2026-06-21 12:00,4117,172,6,12,5100.0,0.625,0.08,600.0,400.0
2026-06-21 13:00,4118,172,6,13,5100.0,0.583,0.311,600.0,400.0
2026-06-21 14:00,4119,172,6,14,5100.0,0.402,0.049,600.0,400.0
2026-06-21 15:00,4120,172,6,15,5388.0,0.359,0.37,600.0,400.0
2026-06-21 16:00,4121,172,6,16,6826.7,0.366,0.107,600.0,400.0
2026-06-21 17:00,4122,172,6,17,7725.0,0.193,0.391,600.0,400.0
2026-06-21 18:00,4123,172,6,18,8462.5,0.064,0.286,600.0,400.0
2026-06-21 19:00,4124,172,6,19,8350.3,0.0,0.414,600.0,400.0
2026-06-21 20:00,4125,172,6,20,7816.2,0.0,0.162,600.0,400.0
2026-06-21 21:00,4126,172,6,21,6771.8,0.0,0.148,600.0,400.0
2026-06-21 22:00,4127,172,6,22,6059.7,0.0,0.215,600.0,400.0
2026-06-21 23:00,4128,172,6,23,5994.2,0.0,0.281,600.0,400.0
2026-06-22 00:00,4129,173,6,0,5662.8,0.0,0.203,600.0,400.0
2026-06-22 01:00,4130,173,6,1,6046.7,0.0,0.108,600.0,400.0
2026-06-22 02:00,4131,173,6,2,5749.4,0.0,0.212,600.0,400.0
2026-06-22 03:00,4132,173,6,3,5816.7,0.0,0.343,600.0,400.0
2026-06-22 04:00,4133,173,6,4,6077.6,0.0,0.277,600.0,400.0
2026-06-22 05:00,4134,173,6,5,6326.3,0.0,0.496,600.0,400.0
2026-06-22 06:00,4135,173,6,6,6487.8,0.056,0.207,600.0,400.0
2026-06-22 07:00,4136,173,6,7,6913.8,0.215,0.171,600.0,400.0
2026-06-22 08:00,4137,173,6,8,7306.6,0.323,0.282,600.0,400.0
2026-06-22 09:00,4138,173,6,9,7369.9,0.379,0.194,600.0,400.0
2026-06-22 10:00,4139,173,6,10,6433.3,0.399,0.265,600.0,400.0
2026-06-22 11:00,4140,173,6,11,5278.1,0.462,0.468,600.0,400.0
2026-06-22 12:00,4141,173,6,12,5100.0,0.442,0.247,600.0,400.0
2026-06-22 13:00,4142,173,6,13,5100.0,0.612,0.261,600.0,400.0
2026-06-22 14:00,4143,173,6,14,5100.0,0.446,0.399,600.0,400.0
2026-06-22 15:00,4144,173,6,15,6097.5,0.414,0.41,600.0,400.0
2026-06-22 16:00,4145,173,6,16,7294.5,0.282,0.313,600.0,400.0
2026-06-22 17:00,4146,173,6,17,8012.8,0.223,0.105,600.0,400.0
2026-06-22 18:00,4147,173,6,18,9108.1,0.065,0.752,600.0,400.0
2026-06-22 19:00,4148,173,6,19,9039.8,0.0,0.279,600.0,400.0
2026-06-22 20:00,4149,173,6,20,8374.2,0.0,0.253,600.0,400.0
2026-06-22 21:00,4150,173,6,21,7603.2,0.0,0.769,600.0,400.0
2026-06-22 22:00,4151,173,6,22,6741.7,0.0,0.551,600.0,400.0
2026-06-22 23:00,4152,173,6,23,6393.3,0.0,0.246,600.0,400.0
2026-06-23 00:00,4153,174,6,0,5815.3,0.0,0.227,600.0,400.0
2026-06-23 01:00,4154,174,6,1,5683.2,0.0,0.391,600.0,400.0
2026-06-23 02:00,4155,174,6,2,5967.8,0.0,0.215,600.0,400.0
2026-06-23 03:00,4156,174,6,3,5802.7,0.0,0.173,600.0,400.0
2026-06-23 04:00,4157,174,6,4,6011.6,0.0,0.564,600.0,400.0
2026-06-23 05:00,4158,174,6,5,6067.5,0.0,0.257,600.0,400.0
2026-06-23 06:00,4159,174,6,6,6422.5,0.067,0.32,600.0,400.0
2026-06-23 07:00,4160,174,6,7,7010.4,0.14,0.292,600.0,400.0
2026-06-23 08:00,4161,174,6,8,7338.7,0.213,0.306,600.0,400.0
2026-06-23 09:00,4162,174,6,9,7413.7,0.357,0.393,600.0,400.0
2026-06-23 10:00,4163,174,6,10,6268.8,0.424,0.226,600.0,400.0
2026-06-23 11:00,4164,174,6,11,5100.0,0.431,0.329,600.0,400.0
2026-06-23 12:00,4165,174,6,12,5100.0,0.467,0.368,600.0,400.0
2026-06-23 13:00,4166,174,6,13,5100.0,0.43,0.52,600.0,400.0
2026-06-23 14:00,4167,174,6,14,5100.0,0.487,0.367,600.0,400.0
2026-06-23 15:00,4168,174,6,15,6033.5,0.209,0.51,600.0,400.0
2026-06-23 16:00,4169,174,6,16,7723.7,0.337,0.122,600.0,400.0
2026-06-23 17:00,4170,174,6,17,8351.7,0.216,0.146,600.0,400.0
2026-06-23 18:00,4171,174,6,18,8834.1,0.065,0.169,600.0,400.0
2026-06-23 19:00,4172,174,6,19,9065.4,0.0,0.164,600.0,400.0
2026-06-23 20:00,4173,174,6,20,8414.0,0.0,0.128,600.0,400.0
2026-06-23 21:00,4174,174,6,21,7441.6,0.0,0.151,600.0,400.0
2026-06-23 22:00,4175,174,6,22,6751.7,0.0,0.88,600.0,400.0
2026-06-23 23:00,4176,174,6,23,6316.7,0.0,0.22,600.0,400.0
2026-06-24 00:00,4177,175,6,0,5820.9,0.0,0.297,600.0,400.0
2026-06-24 01:00,4178,175,6,1,5872.8,0.0,0.451,600.0,400.0
2026-06-24 02:00,4179,175,6,2,6120.4,0.0,0.123,600.0,400.0
2026-06-24 03:00,4180,175,6,3,5803.5,0.0,0.197,600.0,400.0
2026-06-24 04:00,4181,175,6,4,5992.8,0.0,0.128,600.0,400.0
2026-06-24 05:00,4182,175,6,5,6083.3,0.0,0.076,600.0,400.0
2026-06-24 06:00,4183,175,6,6,6412.0,0.066,0.471,600.0,400.0
2026-06-24 07:00,4184,175,6,7,6924.3,0.181,0.361,600.0,400.0
2026-06-24 08:00,4185,175,6,8,7280.9,0.218,0.371,600.0,400.0
2026-06-24 09:00,4186,175,6,9,7415.4,0.295,0.368,600.0,400.0
2026-06-24 10:00,4187,175,6,10,6708.6,0.57,0.115,600.0,400.0
2026-06-24 11:00,4188,175,6,11,5205.0,0.333,0.344,600.0,400.0
2026-06-24 12:00,4189,175,6,12,5100.0,0.471,0.334,600.0,400.0
2026-06-24 13:00,4190,175,6,13,5100.0,0.599,0.491,600.0,400.0
2026-06-24 14:00,4191,175,6,14,5103.2,0.515,0.17,600.0,400.0
2026-06-24 15:00,4192,175,6,15,6140.2,0.451,0.258,600.0,400.0
2026-06-24 16:00,4193,175,6,16,7799.6,0.25,0.221,600.0,400.0
2026-06-24 17:00,4194,175,6,17,8109.2,0.19,0.213,600.0,400.0
2026-06-24 18:00,4195,175,6,18,8733.7,0.062,0.401,600.0,400.0
2026-06-24 19:00,4196,175,6,19,9047.6,0.0,0.175,600.0,400.0
2026-06-24 20:00,4197,175,6,20,8701.8,0.0,0.32,600.0,400.0
2026-06-24 21:00,4198,175,6,21,7377.5,0.0,0.405,600.0,400.0
2026-06-24 22:00,4199,175,6,22,6326.7,0.0,0.153,600.0,400.0
2026-06-24 23:00,4200,175,6,23,6354.6,0.0,0.213,600.0,400.0
2026-06-25 00:00,4201,176,6,0,5882.2,0.0,0.656,600.0,400.0
2026-06-25 01:00,4202,176,6,1,5670.0,0.0,0.434,600.0,400.0
2026-06-25 02:00,4203,176,6,2,5693.4,0.0,0.35,600.0,400.0
2026-06-25 03:00,4204,176,6,3,5723.9,0.0,0.427,600.0,400.0
2026-06-25 04:00,4205,176,6,4,5986.7,0.0,0.039,600.0,400.0
2026-06-25 05:00,4206,176,6,5,6085.3,0.0,0.03,600.0,400.0
2026-06-25 06:00,4207,176,6,6,6647.2,0.041,0.115,600.0,400.0
2026-06-25 07:00,4208,176,6,7,6581.9,0.216,0.219,600.0,400.0
2026-06-25 08:00,4209,176,6,8,7241.2,0.286,0.24,600.0,400.0
2026-06-25 09:00,4210,176,6,9,7198.4,0.483,0.096,600.0,400.0
2026-06-25 10:00,4211,176,6,10,6312.5,0.425,0.078,600.0,400.0
2026-06-25 11:00,4212,176,6,11,5254.4,0.509,0.367,600.0,400.0
2026-06-25 12:00,4213,176,6,12,5100.0,0.478,0.236,600.0,400.0
2026-06-25 13:00,4214,176,6,13,5100.0,0.625,0.664,600.0,400.0
2026-06-25 14:00,4215,176,6,14,5100.0,0.364,0.174,600.0,400.0
2026-06-25 15:00,4216,176,6,15,6212.2,0.346,0.355,600.0,400.0
2026-06-25 16:00,4217,176,6,16,7919.2,0.246,0.461,600.0,400.0
2026-06-25 17:00,4218,176,6,17,8451.9,0.157,0.535,600.0,400.0
2026-06-25 18:00,4219,176,6,18,9202.0,0.064,0.242,600.0,400.0
2026-06-25 19:00,4220,176,6,19,8873.9,0.0,0.191,600.0,400.0
2026-06-25 20:00,4221,176,6,20,8178.0,0.0,0.209,600.0,400.0
2026-06-25 21:00,4222,176,6,21,7794.7,0.0,0.416,600.0,400.0
2026-06-25 22:00,4223,176,6,22,6835.0,0.0,0.338,600.0,400.0
2026-06-25 23:00,4224,176,6,23,6476.6,0.0,0.364,600.0,400.0
2026-06-26 00:00,4225,177,6,0,5643.9,0.0,0.058,600.0,400.0
2026-06-26 01:00,4226,177,6,1,5948.1,0.0,0.249,600.0,400.0
2026-06-26 02:00,4227,177,6,2,6170.5,0.0,0.206,600.0,400.0
2026-06-26 03:00,4228,177,6,3,5966.7,0.0,0.433,600.0,400.0
2026-06-26 04:00,4229,177,6,4,6033.8,0.0,0.358,600.0,400.0
2026-06-26 05:00,4230,177,6,5,6207.4,0.0,0.213,600.0,400.0
2026-06-26 06:00,4231,177,6,6,6337.3,0.046,0.269,600.0,400.0
2026-06-26 07:00,4232,177,6,7,7276.0,0.187,0.062,600.0,400.0
2026-06-26 08:00,4233,177,6,8,7301.1,0.306,0.262,600.0,400.0
2026-06-26 09:00,4234,177,6,9,7479.8,0.449,0.089,600.0,400.0
2026-06-26 10:00,4235,177,6,10,6123.9,0.518,0.3,600.0,400.0
2026-06-26 11:00,4236,177,6,11,5172.3,0.52,0.26,600.0,400.0
2026-06-26 12:00,4237,177,6,12,5100.0,0.5,0.181,600.0,400.0
2026-06-26 13:00,4238,177,6,13,5100.0,0.455,0.216,600.0,400.0
2026-06-26 14:00,4239,177,6,14,5317.6,0.39,0.107,600.0,400.0
2026-06-26 15:00,4240,177,6,15,6134.9,0.368,0.222,600.0,400.0
2026-06-26 16:00,4241,177,6,16,7355.0,0.335,0.654,600.0,400.0
2026-06-26 17:00,4242,177,6,17,8702.8,0.193,0.313,600.0,400.0
2026-06-26 18:00,4243,177,6,18,9089.7,0.067,0.317,600.0,400.0
2026-06-26 19:00,4244,177,6,19,9309.4,0.0,0.396,600.0,400.0
2026-06-26 20:00,4245,177,6,20,8598.7,0.0,0.329,600.0,400.0
2026-06-26 21:00,4246,177,6,21,7443.7,0.0,0.269,600.0,400.0
2026-06-26 22:00,4247,177,6,22,6889.8,0.0,0.158,600.0,400.0
2026-06-26 23:00,4248,177,6,23,6664.0,0.0,0.379,600.0,400.0
2026-06-27 00:00,4249,178,6,0,5513.4,0.0,0.426,600.0,400.0
2026-06-27 01:00,4250,178,6,1,5426.4,0.0,0.545,600.0,400.0
2026-06-27 02:00,4251,178,6,2,5613.8,0.0,0.03,600.0,400.0
2026-06-27 03:00,4252,178,6,3,5501.3,0.0,0.087,600.0,400.0
2026-06-27 04:00,4253,178,6,4,5583.8,0.0,0.438,600.0,400.0
2026-06-27 05:00,4254,178,6,5,5574.9,0.0,0.28,600.0,400.0
2026-06-27 06:00,4255,178,6,6,6139.0,0.071,0.466,600.0,400.0
2026-06-27 07:00,4256,178,6,7,6700.0,0.186,0.2,600.0,400.0
2026-06-27 08:00,4257,178,6,8,6713.1,0.248,0.194,600.0,400.0
2026-06-27 09:00,4258,178,6,9,7075.1,0.39,0.174,600.0,400.0
2026-06-27 10:00,4259,178,6,10,5889.4,0.488,0.111,600.0,400.0
2026-06-27 11:00,4260,178,6,11,5100.0,0.525,0.197,600.0,400.0
2026-06-27 12:00,4261,178,6,12,5100.0,0.485,0.04,600.0,400.0
2026-06-27 13:00,4262,178,6,13,5100.0,0.449,0.265,600.0,400.0
2026-06-27 14:00,4263,178,6,14,5100.0,0.42,0.446,600.0,400.0
2026-06-27 15:00,4264,178,6,15,5656.8,0.455,0.222,600.0,400.0
2026-06-27 16:00,4265,178,6,16,7082.0,0.208,0.122,600.0,400.0
2026-06-27 17:00,4266,178,6,17,8014.9,0.203,0.702,600.0,400.0
2026-06-27 18:00,4267,178,6,18,8562.2,0.05,0.152,600.0,400.0
2026-06-27 19:00,4268,178,6,19,8211.1,0.0,0.347,600.0,400.0
2026-06-27 20:00,4269,178,6,20,7794.0,0.0,0.509,600.0,400.0
2026-06-27 21:00,4270,178,6,21,7284.8,0.0,0.221,600.0,400.0
2026-06-27 22:00,4271,178,6,22,6347.2,0.0,0.522,600.0,400.0
2026-06-27 23:00,4272,178,6,23,5771.7,0.0,0.344,600.0,400.0
2026-06-28 00:00,4273,179,6,0,5236.9,0.0,0.237,600.0,400.0
2026-06-28 01:00,4274,179,6,1,5282.7,0.0,0.485,600.0,400.0
2026-06-28 02:00,4275,179,6,2,5138.1,0.0,0.326,600.0,400.0
2026-06-28 03:00,4276,179,6,3,5471.1,0.0,0.305,600.0,400.0
2026-06-28 04:00,4277,179,6,4,5474.3,0.0,0.249,600.0,400.0
2026-06-28 05:00,4278,179,6,5,5614.6,0.0,0.163,600.0,400.0
2026-06-28 06:00,4279,179,6,6,6110.4,0.066,0.166,600.0,400.0
2026-06-28 07:00,4280,179,6,7,6612.4,0.167,0.084,600.0,400.0
2026-06-28 08:00,4281,179,6,8,7201.5,0.282,0.142,600.0,400.0
2026-06-28 09:00,4282,179,6,9,6625.0,0.453,0.154,600.0,400.0
2026-06-28 10:00,4283,179,6,10,6109.4,0.581,0.071,600.0,400.0
2026-06-28 11:00,4284,179,6,11,5147.8,0.424,0.101,600.0,400.0
2026-06-28 12:00,4285,179,6,12,5100.0,0.357,0.17,600.0,400.0
2026-06-28 13:00,4286,179,6,13,5100.0,0.545,0.331,600.0,400.0
2026-06-28 14:00,4287,179,6,14,5100.0,0.414,0.155,600.0,400.0
2026-06-28 15:00,4288,179,6,15,5756.9,0.444,0.301,600.0,400.0
2026-06-28 16:00,4289,179,6,16,7359.7,0.348,0.31,600.0,400.0
2026-06-28 17:00,4290,179,6,17,8062.9,0.148,0.502,600.0,400.0
2026-06-28 18:00,4291,179,6,18,8629.8,0.067,0.379,600.0,400.0
2026-06-28 19:00,4292,179,6,19,8495.4,0.0,0.614,600.0,400.0
2026-06-28 20:00,4293,179,6,20,7768.8,0.0,0.398,600.0,400.0
2026-06-28 21:00,4294,179,6,21,7132.7,0.0,0.07,600.0,400.0
2026-06-28 22:00,4295,179,6,22,6588.0,0.0,0.276,600.0,400.0
2026-06-28 23:00,4296,179,6,23,5634.8,0.0,0.414,600.0,400.0
2026-06-29 00:00,4297,180,6,0,5754.1,0.0,0.296,600.0,400.0
2026-06-29 01:00,4298,180,6,1,5944.3,0.0,0.26,600.0,400.0
2026-06-29 02:00,4299,180,6,2,5773.3,0.0,0.347,600.0,400.0
2026-06-29 03:00,4300,180,6,3,5832.0,0.0,0.186,600.0,400.0
2026-06-29 04:00,4301,180,6,4,5981.0,0.0,0.447,600.0,400.0
2026-06-29 05:00,4302,180,6,5,6046.8,0.0,0.208,600.0,400.0
2026-06-29 06:00,4303,180,6,6,6492.1,0.077,0.269,600.0,400.0
2026-06-29 07:00,4304,180,6,7,7231.0,0.186,0.51,600.0,400.0
2026-06-29 08:00,4305,180,6,8,7248.9,0.367,0.319,600.0,400.0
2026-06-29 09:00,4306,180,6,9,7202.7,0.475,0.23,600.0,400.0
2026-06-29 10:00,4307,180,6,10,6332.5,0.54,0.371,600.0,400.0
2026-06-29 11:00,4308,180,6,11,5537.7,0.36,0.256,600.0,400.0
2026-06-29 12:00,4309,180,6,12,5100.0,0.557,0.228,600.0,400.0
2026-06-29 13:00,4310,180,6,13,5100.0,0.464,0.441,600.0,400.0
2026-06-29 14:00,4311,180,6,14,5157.1,0.473,0.06,600.0,400.0
2026-06-29 15:00,4312,180,6,15,5939.1,0.275,0.256,600.0,400.0
2026-06-29 16:00,4313,180,6,16,7808.7,0.274,0.242,600.0,400.0
2026-06-29 17:00,4314,180,6,17,8711.4,0.175,0.422,600.0,400.0
2026-06-29 18:00,4315,180,6,18,9216.9,0.067,0.049,600.0,400.0
2026-06-29 19:00,4316,180,6,19,9460.2,0.0,0.413,600.0,400.0
2026-06-29 20:00,4317,180,6,20,8512.6,0.0,0.266,600.0,400.0
2026-06-29 21:00,4318,180,6,21,7961.1,0.0,0.135,600.0,400.0
2026-06-29 22:00,4319,180,6,22,6968.1,0.0,0.749,600.0,400.0
2026-06-29 23:00,4320,180,6,23,6329.8,0.0,0.192,600.0,400.0
2026-06-30 00:00,4321,181,6,0,5938.6,0.0,0.244,600.0,400.0
2026-06-30 01:00,4322,181,6,1,5925.8,0.0,0.174,600.0,400.0
2026-06-30 02:00,4323,181,6,2,6144.9,0.0,0.343,600.0,400.0
2026-06-30 03:00,4324,181,6,3,5805.4,0.0,0.381,600.0,400.0
2026-06-30 04:00,4325,181,6,4,5945.6,0.0,0.407,600.0,400.0
2026-06-30 05:00,4326,181,6,5,6450.0,0.0,0.175,600.0,400.0
2026-06-30 06:00,4327,181,6,6,6571.5,0.066,0.234,600.0,400.0
2026-06-30 07:00,4328,181,6,7,7281.3,0.154,0.273,600.0,400.0
2026-06-30 08:00,4329,181,6,8,7748.8,0.311,0.259,600.0,400.0
2026-06-30 09:00,4330,181,6,9,7412.9,0.445,0.293,600.0,400.0
2026-06-30 10:00,4331,181,6,10,6561.2,0.544,0.323,600.0,400.0
2026-06-30 11:00,4332,181,6,11,5254.9,0.435,0.095,600.0,400.0
2026-06-30 12:00,4333,181,6,12,5100.0,0.367,0.132,600.0,400.0
2026-06-30 13:00,4334,181,6,13,5100.0,0.411,0.357,600.0,400.0
2026-06-30 14:00,4335,181,6,14,5246.4,0.447,0.268,600.0,400.0
2026-06-30 15:00,4336,181,6,15,6137.7,0.274,0.263,600.0,400.0
2026-06-30 16:00,4337,181,6,16,7489.2,0.359,0.288,600.0,400.0
2026-06-30 17:00,4338,181,6,17,8759.2,0.217,0.264,600.0,400.0
2026-06-30 18:00,4339,181,6,18,8983.5,0.06,0.37,600.0,400.0
2026-06-30 19:00,4340,181,6,19,9280.8,0.0,0.254,600.0,400.0
2026-06-30 20:00,4341,181,6,20,8874.9,0.0,0.402,600.0,400.0
2026-06-30 21:00,4342,181,6,21,7839.9,0.0,0.196,600.0,400.0
2026-06-30 22:00,4343,181,6,22,7280.5,0.0,0.461,600.0,400.0
2026-06-30 23:00,4344,181,6,23,6570.2,0.0,0.463,600.0,400.0
2026-07-01 00:00,4345,182,7,0,5855.4,0.0,0.34,600.0,400.0
2026-07-01 01:00,4346,182,7,1,5965.7,0.0,0.241,600.0,400.0
2026-07-01 02:00,4347,182,7,2,5960.4,0.0,0.044,600.0,400.0
2026-07-01 03:00,4348,182,7,3,5742.8,0.0,0.118,600.0,400.0
2026-07-01 04:00,4349,182,7,4,5935.4,0.0,0.09,600.0,400.0
2026-07-01 05:00,4350,182,7,5,6212.7,0.0,0.032,600.0,400.0
2026-07-01 06:00,4351,182,7,6,6359.3,0.063,0.303,600.0,400.0
2026-07-01 07:00,4352,182,7,7,7163.2,0.15,0.451,600.0,400.0
2026-07-01 08:00,4353,182,7,8,7455.4,0.231,0.031,600.0,400.0
2026-07-01 09:00,4354,182,7,9,7227.9,0.305,0.095,600.0,400.0
2026-07-01 10:00,4355,182,7,10,6535.2,0.338,0.372,600.0,400.0
2026-07-01 11:00,4356,182,7,11,5572.4,0.446,0.302,600.0,400.0
2026-07-01 12:00,4357,182,7,12,5100.0,0.358,0.216,600.0,400.0
2026-07-01 13:00,4358,182,7,13,5100.0,0.522,0.667,600.0,400.0
2026-07-01 14:00,4359,182,7,14,5285.4,0.354,0.306,600.0,400.0
2026-07-01 15:00,4360,182,7,15,6371.8,0.286,0.365,600.0,400.0
2026-07-01 16:00,4361,182,7,16,7828.8,0.308,0.375,600.0,400.0
2026-07-01 17:00,4362,182,7,17,8574.5,0.206,0.197,600.0,400.0
2026-07-01 18:00,4363,182,7,18,9388.3,0.076,0.323,600.0,400.0
2026-07-01 19:00,4364,182,7,19,9554.2,0.0,0.203,600.0,400.0
2026-07-01 20:00,4365,182,7,20,8659.2,0.0,0.34,600.0,400.0
2026-07-01 21:00,4366,182,7,21,8172.7,0.0,0.076,600.0,400.0
2026-07-01 22:00,4367,182,7,22,6909.3,0.0,0.276,600.0,400.0
2026-07-01 23:00,4368,182,7,23,6433.3,0.0,0.264,600.0,400.0
2026-07-02 00:00,4369,183,7,0,5870.2,0.0,0.22,600.0,400.0
2026-07-02 01:00,4370,183,7,1,6014.7,0.0,0.106,600.0,400.0
2026-07-02 02:00,4371,183,7,2,5706.9,0.0,0.397,600.0,400.0
2026-07-02 03:00,4372,183,7,3,5926.3,0.0,0.234,600.0,400.0
2026-07-02 04:00,4373,183,7,4,5928.9,0.0,0.378,600.0,400.0
2026-07-02 05:00,4374,183,7,5,6341.8,0.0,0.372,600.0,400.0
2026-07-02 06:00,4375,183,7,6,6861.9,0.065,0.137,600.0,400.0
2026-07-02 07:00,4376,183,7,7,7276.6,0.218,0.197,600.0,400.0
2026-07-02 08:00,4377,183,7,8,7133.5,0.246,0.292,600.0,400.0
2026-07-02 09:00,4378,183,7,9,7840.0,0.377,0.22,600.0,400.0
2026-07-02 10:00,4379,183,7,10,6535.5,0.526,0.369,600.0,400.0
2026-07-02 11:00,4380,183,7,11,5351.4,0.407,0.259,600.0,400.0
2026-07-02 12:00,4381,183,7,12,5100.0,0.441,0.294,600.0,400.0
2026-07-02 13:00,4382,183,7,13,5100.0,0.491,0.384,600.0,400.0
2026-07-02 14:00,4383,183,7,14,5103.5,0.517,0.125,600.0,400.0
2026-07-02 15:00,4384,183,7,15,6315.9,0.452,0.327,600.0,400.0
2026-07-02 16:00,4385,183,7,16,7706.3,0.3,0.116,600.0,400.0
2026-07-02 17:00,4386,183,7,17,8668.7,0.168,0.215,600.0,400.0
2026-07-02 18:00,4387,183,7,18,9263.6,0.06,0.198,600.0,400.0
2026-07-02 19:00,4388,183,7,19,9164.1,0.0,0.365,600.0,400.0
2026-07-02 20:00,4389,183,7,20,8807.4,0.0,0.537,600.0,400.0
2026-07-02 21:00,4390,183,7,21,7957.6,0.0,0.157,600.0,400.0
2026-07-02 22:00,4391,183,7,22,7099.7,0.0,0.468,600.0,400.0
2026-07-02 23:00,4392,183,7,23,6580.6,0.0,0.156,600.0,400.0
2026-07-03 00:00,4393,184,7,0,6046.8,0.0,0.174,600.0,400.0
2026-07-03 01:00,4394,184,7,1,5910.9,0.0,0.537,600.0,400.0
2026-07-03 02:00,4395,184,7,2,6137.1,0.0,0.036,600.0,400.0
2026-07-03 03:00,4396,184,7,3,5813.6,0.0,0.152,600.0,400.0
2026-07-03 04:00,4397,184,7,4,5976.6,0.0,0.15,600.0,400.0
2026-07-03 05:00,4398,184,7,5,6183.0,0.0,0.166,600.0,400.0
2026-07-03 06:00,4399,184,7,6,6892.7,0.061,0.184,600.0,400.0
2026-07-03 07:00,4400,184,7,7,7341.2,0.184,0.091,600.0,400.0
2026-07-03 08:00,4401,184,7,8,7608.0,0.241,0.209,600.0,400.0
2026-07-03 09:00,4402,184,7,9,7701.9,0.323,0.19,600.0,400.0
2026-07-03 10:00,4403,184,7,10,6364.7,0.376,0.267,600.0,400.0
2026-07-03 11:00,4404,184,7,11,5548.6,0.601,0.392,600.0,400.0
2026-07-03 12:00,4405,184,7,12,5100.0,0.565,0.18,600.0,400.0
2026-07-03 13:00,4406,184,7,13,5100.0,0.553,0.279,600.0,400.0
2026-07-03 14:00,4407,184,7,14,5210.5,0.455,0.229,600.0,400.0
2026-07-03 15:00,4408,184,7,15,6243.1,0.385,0.076,600.0,400.0
2026-07-03 16:00,4409,184,7,16,7913.1,0.218,0.473,600.0,400.0
2026-07-03 17:00,4410,184,7,17,8899.5,0.212,0.381,600.0,400.0
2026-07-03 18:00,4411,184,7,18,9294.9,0.066,0.03,600.0,400.0
2026-07-03 19:00,4412,184,7,19,9412.8,0.0,0.219,600.0,400.0
2026-07-03 20:00,4413,184,7,20,8643.1,0.0,0.249,600.0,400.0
2026-07-03 21:00,4414,184,7,21,7490.2,0.0,0.507,600.0,400.0
2026-07-03 22:00,4415,184,7,22,7072.4,0.0,0.463,600.0,400.0
2026-07-03 23:00,4416,184,7,23,6567.3,0.0,0.274,600.0,400.0
2026-07-04 00:00,4417,185,7,0,5604.0,0.0,0.158,600.0,400.0
2026-07-04 01:00,4418,185,7,1,5251.2,0.0,0.247,600.0,400.0
2026-07-04 02:00,4419,185,7,2,5513.1,0.0,0.42,600.0,400.0
2026-07-04 03:00,4420,185,7,3,5240.1,0.0,0.245,600.0,400.0
2026-07-04 04:00,4421,185,7,4,5897.0,0.0,0.109,600.0,400.0
2026-07-04 05:00,4422,185,7,5,5703.3,0.0,0.06,600.0,400.0
2026-07-04 06:00,4423,185,7,6,6429.9,0.046,0.175,600.0,400.0
2026-07-04 07:00,4424,185,7,7,6813.2,0.216,0.11,600.0,400.0
2026-07-04 08:00,4425,185,7,8,6830.3,0.237,0.302,600.0,400.0
2026-07-04 09:00,4426,185,7,9,6793.4,0.298,0.154,600.0,400.0
2026-07-04 10:00,4427,185,7,10,6087.8,0.406,0.383,600.0,400.0
2026-07-04 11:00,4428,185,7,11,5100.0,0.537,0.275,600.0,400.0
2026-07-04 12:00,4429,185,7,12,5100.0,0.346,0.212,600.0,400.0
2026-07-04 13:00,4430,185,7,13,5100.0,0.595,0.303,600.0,400.0
2026-07-04 14:00,4431,185,7,14,5100.0,0.379,0.2,600.0,400.0
2026-07-04 15:00,4432,185,7,15,5499.5,0.295,0.142,600.0,400.0
2026-07-04 16:00,4433,185,7,16,7299.7,0.32,0.647,600.0,400.0
2026-07-04 17:00,4434,185,7,17,8039.7,0.127,0.347,600.0,400.0
2026-07-04 18:00,4435,185,7,18,8638.7,0.063,0.038,600.0,400.0
2026-07-04 19:00,4436,185,7,19,8860.2,0.0,0.248,600.0,400.0
2026-07-04 20:00,4437,185,7,20,8372.7,0.0,0.174,600.0,400.0
2026-07-04 21:00,4438,185,7,21,7286.1,0.0,0.224,600.0,400.0
2026-07-04 22:00,4439,185,7,22,6485.6,0.0,0.1,600.0,400.0
2026-07-04 23:00,4440,185,7,23,6088.3,0.0,0.207,600.0,400.0
2026-07-05 00:00,4441,186,7,0,5360.7,0.0,0.39,600.0,400.0
2026-07-05 01:00,4442,186,7,1,5614.6,0.0,0.45,600.0,400.0
2026-07-05 02:00,4443,186,7,2,5673.3,0.0,0.22,600.0,400.0
2026-07-05 03:00,4444,186,7,3,5719.7,0.0,0.27,600.0,400.0
2026-07-05 04:00,4445,186,7,4,5383.7,0.0,0.066,600.0,400.0
2026-07-05 05:00,4446,186,7,5,5771.0,0.0,0.092,600.0,400.0
2026-07-05 06:00,4447,186,7,6,6104.3,0.05,0.243,600.0,400.0
2026-07-05 07:00,4448,186,7,7,6693.6,0.218,0.35,600.0,400.0
2026-07-05 08:00,4449,186,7,8,7067.0,0.233,0.084,600.0,400.0
2026-07-05 09:00,4450,186,7,9,7229.9,0.293,0.196,600.0,400.0
2026-07-05 10:00,4451,186,7,10,5968.3,0.443,0.491,600.0,400.0
2026-07-05 11:00,4452,186,7,11,5100.0,0.503,0.323,600.0,400.0
2026-07-05 12:00,4453,186,7,12,5100.0,0.45,0.143,600.0,400.0
2026-07-05 13:00,4454,186,7,13,5100.0,0.42,0.185,600.0,400.0
2026-07-05 14:00,4455,186,7,14,5100.0,0.497,0.553,600.0,400.0
2026-07-05 15:00,4456,186,7,15,5921.4,0.306,0.18,600.0,400.0
2026-07-05 16:00,4457,186,7,16,7099.5,0.223,0.282,600.0,400.0
2026-07-05 17:00,4458,186,7,17,7940.2,0.137,0.257,600.0,400.0
2026-07-05 18:00,4459,186,7,18,8505.1,0.06,0.324,600.0,400.0
2026-07-05 19:00,4460,186,7,19,8881.8,0.0,0.213,600.0,400.0
2026-07-05 20:00,4461,186,7,20,8401.3,0.0,0.419,600.0,400.0
2026-07-05 21:00,4462,186,7,21,7649.5,0.0,0.212,600.0,400.0
2026-07-05 22:00,4463,186,7,22,6696.3,0.0,0.376,600.0,400.0
2026-07-05 23:00,4464,186,7,23,6213.2,0.0,0.257,600.0,400.0
2026-07-06 00:00,4465,187,7,0,5949.3,0.0,0.202,600.0,400.0
2026-07-06 01:00,4466,187,7,1,5858.3,0.0,0.378,600.0,400.0
2026-07-06 02:00,4467,187,7,2,6186.0,0.0,0.588,600.0,400.0
2026-07-06 03:00,4468,187,7,3,6144.9,0.0,0.437,600.0,400.0
2026-07-06 04:00,4469,187,7,4,6185.1,0.0,0.094,600.0,400.0
2026-07-06 05:00,4470,187,7,5,6446.5,0.0,0.221,600.0,400.0
2026-07-06 06:00,4471,187,7,6,6818.8,0.036,0.292,600.0,400.0
2026-07-06 07:00,4472,187,7,7,7443.0,0.194,0.24,600.0,400.0
2026-07-06 08:00,4473,187,7,8,7784.4,0.232,0.294,600.0,400.0
2026-07-06 09:00,4474,187,7,9,7664.7,0.309,0.489,600.0,400.0
2026-07-06 10:00,4475,187,7,10,6688.0,0.486,0.178,600.0,400.0
2026-07-06 11:00,4476,187,7,11,5622.5,0.452,0.337,600.0,400.0
2026-07-06 12:00,4477,187,7,12,5100.0,0.557,0.098,600.0,400.0
2026-07-06 13:00,4478,187,7,13,5100.0,0.382,0.438,600.0,400.0
2026-07-06 14:00,4479,187,7,14,5100.0,0.462,0.401,600.0,400.0
2026-07-06 15:00,4480,187,7,15,6529.9,0.316,0.301,600.0,400.0
2026-07-06 16:00,4481,187,7,16,7699.1,0.267,0.473,600.0,400.0
2026-07-06 17:00,4482,187,7,17,8876.8,0.181,0.397,600.0,400.0
2026-07-06 18:00,4483,187,7,18,9345.0,0.049,0.352,600.0,400.0
2026-07-06 19:00,4484,187,7,19,9592.1,0.0,0.662,600.0,400.0
2026-07-06 20:00,4485,187,7,20,8885.4,0.0,0.157,600.0,400.0
2026-07-06 21:00,4486,187,7,21,7706.5,0.0,0.852,600.0,400.0
2026-07-06 22:00,4487,187,7,22,7171.3,0.0,0.167,600.0,400.0
2026-07-06 23:00,4488,187,7,23,6434.0,0.0,0.31,600.0,400.0
2026-07-07 00:00,4489,188,7,0,6197.4,0.0,0.193,600.0,400.0
2026-07-07 01:00,4490,188,7,1,6057.8,0.0,0.202,600.0,400.0
2026-07-07 02:00,4491,188,7,2,6127.5,0.0,0.33,600.0,400.0
2026-07-07 03:00,4492,188,7,3,5939.1,0.0,0.063,600.0,400.0
2026-07-07 04:00,4493,188,7,4,6087.9,0.0,0.484,600.0,400.0
2026-07-07 05:00,4494,188,7,5,6325.4,0.0,0.165,600.0,400.0
2026-07-07 06:00,4495,188,7,6,6918.5,0.064,0.156,600.0,400.0
2026-07-07 07:00,4496,188,7,7,7520.3,0.199,0.364,600.0,400.0
2026-07-07 08:00,4497,188,7,8,7462.7,0.296,0.31,600.0,400.0
2026-07-07 09:00,4498,188,7,9,7764.2,0.413,0.276,600.0,400.0
2026-07-07 10:00,4499,188,7,10,6219.8,0.555,0.112,600.0,400.0
2026-07-07 11:00,4500,188,7,11,5363.5,0.554,0.337,600.0,400.0
2026-07-07 12:00,4501,188,7,12,5100.0,0.494,0.201,600.0,400.0
2026-07-07 13:00,4502,188,7,13,5100.0,0.541,0.677,600.0,400.0
2026-07-07 14:00,4503,188,7,14,5100.0,0.488,0.347,600.0,400.0
2026-07-07 15:00,4504,188,7,15,6444.5,0.416,0.461,600.0,400.0
2026-07-07 16:00,4505,188,7,16,7875.2,0.363,0.417,600.0,400.0
2026-07-07 17:00,4506,188,7,17,8913.5,0.153,0.361,600.0,400.0
2026-07-07 18:00,4507,188,7,18,9614.4,0.05,0.436,600.0,400.0
2026-07-07 19:00,4508,188,7,19,9570.5,0.0,0.38,600.0,400.0
2026-07-07 20:00,4509,188,7,20,9019.7,0.0,0.098,600.0,400.0
2026-07-07 21:00,4510,188,7,21,7972.2,0.0,0.264,600.0,400.0
2026-07-07 22:00,4511,188,7,22,6933.3,0.0,0.247,600.0,400.0
2026-07-07 23:00,4512,188,7,23,6712.9,0.0,0.422,600.0,400.0
2026-07-08 00:00,4513,189,7,0,5975.7,0.0,0.339,600.0,400.0
2026-07-08 01:00,4514,189,7,1,5921.4,0.0,0.338,600.0,400.0
2026-07-08 02:00,4515,189,7,2,6049.3,0.0,0.445,600.0,400.0
2026-07-08 03:00,4516,189,7,3,5959.8,0.0,0.271,600.0,400.0
2026-07-08 04:00,4517,189,7,4,6129.0,0.0,0.151,600.0,400.0
2026-07-08 05:00,4518,189,7,5,6467.3,0.0,0.035,600.0,400.0
2026-07-08 06:00,4519,189,7,6,6850.7,0.068,0.117,600.0,400.0
2026-07-08 07:00,4520,189,7,7,7121.7,0.164,0.05,600.0,400.0
2026-07-08 08:00,4521,189,7,8,7527.0,0.313,0.14,600.0,400.0
2026-07-08 09:00,4522,189,7,9,7777.3,0.341,0.263,600.0,400.0
2026-07-08 10:00,4523,189,7,10,6659.9,0.572,0.114,600.0,400.0
2026-07-08 11:00,4524,189,7,11,5900.2,0.529,0.087,600.0,400.0
2026-07-08 12:00,4525,189,7,12,5104.5,0.416,0.538,600.0,400.0
2026-07-08 13:00,4526,189,7,13,5100.0,0.381,0.719,600.0,400.0
2026-07-08 14:00,4527,189,7,14,5100.0,0.447,0.332,600.0,400.0
2026-07-08 15:00,4528,189,7,15,6516.8,0.356,0.124,600.0,400.0
2026-07-08 16:00,4529,189,7,16,7919.2,0.283,0.473,600.0,400.0
2026-07-08 17:00,4530,189,7,17,8785.1,0.207,0.336,600.0,400.0
2026-07-08 18:00,4531,189,7,18,9553.2,0.067,0.182,600.0,400.0
2026-07-08 19:00,4532,189,7,19,9702.4,0.0,0.37,600.0,400.0
2026-07-08 20:00,4533,189,7,20,9017.0,0.0,0.087,600.0,400.0
2026-07-08 21:00,4534,189,7,21,7863.3,0.0,0.731,600.0,400.0
2026-07-08 22:00,4535,189,7,22,7260.3,0.0,0.51,600.0,400.0
2026-07-08 23:00,4536,189,7,23,6457.8,0.0,0.215,600.0,400.0
2026-07-09 00:00,4537,190,7,0,6117.3,0.0,0.273,600.0,400.0
2026-07-09 01:00,4538,190,7,1,6035.3,0.0,0.251,600.0,400.0
2026-07-09 02:00,4539,190,7,2,6055.5,0.0,0.457,600.0,400.0
2026-07-09 03:00,4540,190,7,3,6241.1,0.0,0.21,600.0,400.0
2026-07-09 04:00,4541,190,7,4,6042.0,0.0,0.07,600.0,400.0
2026-07-09 05:00,4542,190,7,5,6736.2,0.0,0.143,600.0,400.0
2026-07-09 06:00,4543,190,7,6,6516.3,0.071,0.137,600.0,400.0
2026-07-09 07:00,4544,190,7,7,7182.5,0.165,0.441,600.0,400.0
2026-07-09 08:00,4545,190,7,8,7677.0,0.185,0.408,600.0,400.0
2026-07-09 09:00,4546,190,7,9,7711.6,0.335,0.161,600.0,400.0
2026-07-09 10:00,4547,190,7,10,6577.1,0.268,0.03,600.0,400.0
2026-07-09 11:00,4548,190,7,11,5571.7,0.276,0.241,600.0,400.0
2026-07-09 12:00,4549,190,7,12,5100.0,0.479,0.369,600.0,400.0
2026-07-09 13:00,4550,190,7,13,5100.0,0.565,0.179,600.0,400.0
2026-07-09 14:00,4551,190,7,14,5548.1,0.477,0.254,600.0,400.0
2026-07-09 15:00,4552,190,7,15,6544.2,0.419,0.158,600.0,400.0
2026-07-09 16:00,4553,190,7,16,8084.4,0.223,0.235,600.0,400.0
2026-07-09 17:00,4554,190,7,17,8738.0,0.196,0.449,600.0,400.0
2026-07-09 18:00,4555,190,7,18,9534.7,0.065,0.296,600.0,400.0
2026-07-09 19:00,4556,190,7,19,9524.9,0.0,0.31,600.0,400.0
2026-07-09 20:00,4557,190,7,20,8797.1,0.0,0.494,600.0,400.0
2026-07-09 21:00,4558,190,7,21,8080.8,0.0,0.473,600.0,400.0
2026-07-09 22:00,4559,190,7,22,7072.6,0.0,0.185,600.0,400.0
2026-07-09 23:00,4560,190,7,23,6679.9,0.0,0.282,600.0,400.0
2026-07-10 00:00,4561,191,7,0,5923.3,0.0,0.494,600.0,400.0
2026-07-10 01:00,4562,191,7,1,6370.8,0.0,0.275,600.0,400.0
2026-07-10 02:00,4563,191,7,2,5959.0,0.0,0.343,600.0,400.0
2026-07-10 03:00,4564,191,7,3,6165.5,0.0,0.193,600.0,400.0
2026-07-10 04:00,4565,191,7,4,6347.1,0.0,0.078,600.0,400.0
2026-07-10 05:00,4566,191,7,5,6345.6,0.0,0.124,600.0,400.0
2026-07-10 06:00,4567,191,7,6,6955.9,0.037,0.196,600.0,400.0
2026-07-10 07:00,4568,191,7,7,7093.3,0.185,0.177,600.0,400.0
2026-07-10 08:00,4569,191,7,8,7862.0,0.29,0.383,600.0,400.0
2026-07-10 09:00,4570,191,7,9,7632.3,0.257,0.234,600.0,400.0
2026-07-10 10:00,4571,191,7,10,6509.7,0.39,0.268,600.0,400.0
2026-07-10 11:00,4572,191,7,11,5545.0,0.464,0.302,600.0,400.0
2026-07-10 12:00,4573,191,7,12,5100.0,0.538,0.259,600.0,400.0
2026-07-10 13:00,4574,191,7,13,5100.0,0.383,0.374,600.0,400.0
2026-07-10 14:00,4575,191,7,14,5218.3,0.549,0.404,600.0,400.0
2026-07-10 15:00,4576,191,7,15,6388.7,0.455,0.234,600.0,400.0
2026-07-10 16:00,4577,191,7,16,7772.5,0.292,0.115,600.0,400.0
2026-07-10 17:00,4578,191,7,17,9201.9,0.202,0.76,600.0,400.0
2026-07-10 18:00,4579,191,7,18,9476.5,0.062,0.396,600.0,400.0
2026-07-10 19:00,4580,191,7,19,9726.4,0.0,0.44,600.0,400.0
2026-07-10 20:00,4581,191,7,20,9011.3,0.0,0.472,600.0,400.0
2026-07-10 21:00,4582,191,7,21,7883.7,0.0,0.388,600.0,400.0
2026-07-10 22:00,4583,191,7,22,7173.7,0.0,0.315,600.0,400.0
2026-07-10 23:00,4584,191,7,23,6714.7,0.0,0.75,600.0,400.0
2026-07-11 00:00,4585,192,7,0,5626.2,0.0,0.414,600.0,400.0
2026-07-11 01:00,4586,192,7,1,5848.3,0.0,0.469,600.0,400.0
2026-07-11 02:00,4587,192,7,2,5827.0,0.0,0.254,600.0,400.0
2026-07-11 03:00,4588,192,7,3,5836.3,0.0,0.469,600.0,400.0
2026-07-11 04:00,4589,192,7,4,5698.5,0.0,0.336,600.0,400.0
2026-07-11 05:00,4590,192,7,5,5798.5,0.0,0.326,600.0,400.0
2026-07-11 06:00,4591,192,7,6,6225.1,0.066,0.086,600.0,400.0
2026-07-11 07:00,4592,192,7,7,6787.5,0.175,0.257,600.0,400.0
2026-07-11 08:00,4593,192,7,8,7155.9,0.322,0.17,600.0,400.0
2026-07-11 09:00,4594,192,7,9,6721.5,0.439,0.275,600.0,400.0
2026-07-11 10:00,4595,192,7,10,6124.8,0.428,0.248,600.0,400.0
2026-07-11 11:00,4596,192,7,11,5220.3,0.465,0.101,600.0,400.0
2026-07-11 12:00,4597,192,7,12,5100.0,0.597,0.258,600.0,400.0
2026-07-11 13:00,4598,192,7,13,5100.0,0.518,0.245,600.0,400.0
2026-07-11 14:00,4599,192,7,14,5100.0,0.407,0.4,600.0,400.0
2026-07-11 15:00,4600,192,7,15,6178.9,0.217,0.293,600.0,400.0
2026-07-11 16:00,4601,192,7,16,7355.9,0.194,0.299,600.0,400.0
2026-07-11 17:00,4602,192,7,17,8422.7,0.159,0.425,600.0,400.0
2026-07-11 18:00,4603,192,7,18,9145.2,0.063,0.41,600.0,400.0
2026-07-11 19:00,4604,192,7,19,9120.3,0.0,0.84,600.0,400.0
2026-07-11 20:00,4605,192,7,20,8166.6,0.0,0.269,600.0,400.0
2026-07-11 21:00,4606,192,7,21,7432.2,0.0,0.428,600.0,400.0
2026-07-11 22:00,4607,192,7,22,6611.9,0.0,0.174,600.0,400.0
2026-07-11 23:00,4608,192,7,23,6199.5,0.0,0.479,600.0,400.0
2026-07-12 00:00,4609,193,7,0,5776.3,0.0,0.449,600.0,400.0
2026-07-12 01:00,4610,193,7,1,5533.4,0.0,0.394,600.0,400.0
2026-07-12 02:00,4611,193,7,2,5684.6,0.0,0.123,600.0,400.0
2026-07-12 03:00,4612,193,7,3,5376.3,0.0,0.631,600.0,400.0
2026-07-12 04:00,4613,193,7,4,6012.9,0.0,0.486,600.0,400.0
2026-07-12 05:00,4614,193,7,5,5899.5,0.0,0.194,600.0,400.0
2026-07-12 06:00,4615,193,7,6,6342.4,0.077,0.251,600.0,400.0
2026-07-12 07:00,4616,193,7,7,6716.8,0.201,0.382,600.0,400.0
2026-07-12 08:00,4617,193,7,8,7262.2,0.23,0.217,600.0,400.0
2026-07-12 09:00,4618,193,7,9,6625.1,0.358,0.251,600.0,400.0
2026-07-12 10:00,4619,193,7,10,6133.6,0.484,0.259,600.0,400.0
2026-07-12 11:00,4620,193,7,11,5188.3,0.426,0.287,600.0,400.0
2026-07-12 12:00,4621,193,7,12,5100.0,0.378,0.274,600.0,400.0
2026-07-12 13:00,4622,193,7,13,5100.0,0.475,0.229,600.0,400.0
2026-07-12 14:00,4623,193,7,14,5100.0,0.432,0.292,600.0,400.0
2026-07-12 15:00,4624,193,7,15,6105.0,0.377,0.49,600.0,400.0
2026-07-12 16:00,4625,193,7,16,7461.2,0.312,0.507,600.0,400.0
2026-07-12 17:00,4626,193,7,17,8490.0,0.219,0.458,600.0,400.0
2026-07-12 18:00,4627,193,7,18,8793.8,0.072,0.29,600.0,400.0
2026-07-12 19:00,4628,193,7,19,8810.7,0.0,0.489,600.0,400.0
2026-07-12 20:00,4629,193,7,20,8533.7,0.0,0.285,600.0,400.0
2026-07-12 21:00,4630,193,7,21,7556.3,0.0,0.414,600.0,400.0
2026-07-12 22:00,4631,193,7,22,6433.7,0.0,0.359,600.0,400.0
2026-07-12 23:00,4632,193,7,23,6047.2,0.0,0.232,600.0,400.0
2026-07-13 00:00,4633,194,7,0,6186.9,0.0,0.287,600.0,400.0
2026-07-13 01:00,4634,194,7,1,6260.3,0.0,0.457,600.0,400.0
2026-07-13 02:00,4635,194,7,2,6024.3,0.0,0.505,600.0,400.0
2026-07-13 03:00,4636,194,7,3,5694.7,0.0,0.155,600.0,400.0
2026-07-13 04:00,4637,194,7,4,6334.6,0.0,0.233,600.0,400.0
2026-07-13 05:00,4638,194,7,5,6272.2,0.0,0.214,600.0,400.0
2026-07-13 06:00,4639,194,7,6,6527.3,0.057,0.223,600.0,400.0
2026-07-13 07:00,4640,194,7,7,6867.4,0.191,0.493,600.0,400.0
2026-07-13 08:00,4641,194,7,8,7790.5,0.191,0.224,600.0,400.0
2026-07-13 09:00,4642,194,7,9,7681.2,0.391,0.345,600.0,400.0
2026-07-13 10:00,4643,194,7,10,6599.6,0.357,0.281,600.0,400.0
2026-07-13 11:00,4644,194,7,11,5845.8,0.386,0.099,600.0,400.0
2026-07-13 12:00,4645,194,7,12,5100.0,0.52,0.32,600.0,400.0
2026-07-13 13:00,4646,194,7,13,5128.0,0.561,0.318,600.0,400.0
2026-07-13 14:00,4647,194,7,14,5148.9,0.474,0.39,600.0,400.0
2026-07-13 15:00,4648,194,7,15,6455.2,0.384,0.103,600.0,400.0
2026-07-13 16:00,4649,194,7,16,7743.3,0.283,0.198,600.0,400.0
2026-07-13 17:00,4650,194,7,17,8920.4,0.206,0.455,600.0,400.0
2026-07-13 18:00,4651,194,7,18,9578.1,0.049,0.271,600.0,400.0
2026-07-13 19:00,4652,194,7,19,9746.0,0.0,0.605,600.0,400.0
2026-07-13 20:00,4653,194,7,20,9035.8,0.0,0.344,600.0,400.0
2026-07-13 21:00,4654,194,7,21,8187.4,0.0,0.03,600.0,400.0
2026-07-13 22:00,4655,194,7,22,7328.4,0.0,0.426,600.0,400.0
2026-07-13 23:00,4656,194,7,23,6970.7,0.0,0.325,600.0,400.0
2026-07-14 00:00,4657,195,7,0,6083.1,0.0,0.231,600.0,400.0
2026-07-14 01:00,4658,195,7,1,5984.2,0.0,0.055,600.0,400.0
2026-07-14 02:00,4659,195,7,2,6180.8,0.0,0.161,600.0,400.0
2026-07-14 03:00,4660,195,7,3,6041.1,0.0,0.136,600.0,400.0
2026-07-14 04:00,4661,195,7,4,6496.5,0.0,0.277,600.0,400.0
2026-07-14 05:00,4662,195,7,5,6430.6,0.0,0.337,600.0,400.0
2026-07-14 06:00,4663,195,7,6,6768.0,0.031,0.144,600.0,400.0
2026-07-14 07:00,4664,195,7,7,7253.6,0.17,0.286,600.0,400.0
2026-07-14 08:00,4665,195,7,8,7783.6,0.137,0.387,600.0,400.0
2026-07-14 09:00,4666,195,7,9,7643.8,0.333,0.259,600.0,400.0
2026-07-14 10:00,4667,195,7,10,6541.5,0.329,0.326,600.0,400.0
2026-07-14 11:00,4668,195,7,11,5898.5,0.431,0.139,600.0,400.0
2026-07-14 12:00,4669,195,7,12,5100.0,0.405,0.087,600.0,400.0
2026-07-14 13:00,4670,195,7,13,5100.0,0.549,0.214,600.0,400.0
2026-07-14 14:00,4671,195,7,14,5485.4,0.212,0.365,600.0,400.0
2026-07-14 15:00,4672,195,7,15,6209.8,0.407,0.373,600.0,400.0
2026-07-14 16:00,4673,195,7,16,8090.2,0.195,0.626,600.0,400.0
2026-07-14 17:00,4674,195,7,17,8801.0,0.218,0.378,600.0,400.0
2026-07-14 18:00,4675,195,7,18,9763.5,0.042,0.289,600.0,400.0
2026-07-14 19:00,4676,195,7,19,9506.2,0.0,0.497,600.0,400.0
2026-07-14 20:00,4677,195,7,20,9153.3,0.0,0.17,600.0,400.0
2026-07-14 21:00,4678,195,7,21,8277.4,0.0,0.509,600.0,400.0
2026-07-14 22:00,4679,195,7,22,7365.0,0.0,0.269,600.0,400.0
2026-07-14 23:00,4680,195,7,23,6676.2,0.0,0.162,600.0,400.0
2026-07-15 00:00,4681,196,7,0,6104.0,0.0,0.16,600.0,400.0
2026-07-15 01:00,4682,196,7,1,6050.0,0.0,0.682,600.0,400.0
2026-07-15 02:00,4683,196,7,2,6384.3,0.0,0.326,600.0,400.0
2026-07-15 03:00,4684,196,7,3,6065.0,0.0,0.142,600.0,400.0
2026-07-15 04:00,4685,196,7,4,6100.9,0.0,0.17,600.0,400.0
2026-07-15 05:00,4686,196,7,5,6589.9,0.0,0.195,600.0,400.0
2026-07-15 06:00,4687,196,7,6,6738.7,0.036,0.069,600.0,400.0
2026-07-15 07:00,4688,196,7,7,7184.5,0.193,0.094,600.0,400.0
2026-07-15 08:00,4689,196,7,8,7445.2,0.296,0.309,600.0,400.0
2026-07-15 09:00,4690,196,7,9,7599.3,0.365,0.323,600.0,400.0
2026-07-15 10:00,4691,196,7,10,6638.4,0.449,0.548,600.0,400.0
2026-07-15 11:00,4692,196,7,11,5678.5,0.519,0.079,600.0,400.0
2026-07-15 12:00,4693,196,7,12,5140.0,0.628,0.429,600.0,400.0
2026-07-15 13:00,4694,196,7,13,5100.0,0.41,0.197,600.0,400.0
2026-07-15 14:00,4695,196,7,14,5358.7,0.445,0.213,600.0,400.0
2026-07-15 15:00,4696,196,7,15,6448.2,0.435,0.135,600.0,400.0
2026-07-15 16:00,4697,196,7,16,8105.1,0.31,0.73,600.0,400.0
2026-07-15 17:00,4698,196,7,17,9184.9,0.126,0.731,600.0,400.0
2026-07-15 18:00,4699,196,7,18,9664.5,0.056,0.544,600.0,400.0
2026-07-15 19:00,4700,196,7,19,9598.1,0.0,0.13,600.0,400.0
2026-07-15 20:00,4701,196,7,20,8896.1,0.0,0.535,600.0,400.0
2026-07-15 21:00,4702,196,7,21,7880.6,0.0,0.399,600.0,400.0
2026-07-15 22:00,4703,196,7,22,7343.9,0.0,0.152,600.0,400.0
2026-07-15 23:00,4704,196,7,23,6737.5,0.0,0.215,600.0,400.0
2026-07-16 00:00,4705,197,7,0,6240.0,0.0,0.393,600.0,400.0
2026-07-16 01:00,4706,197,7,1,6128.3,0.0,0.439,600.0,400.0
2026-07-16 02:00,4707,197,7,2,6380.6,0.0,0.446,600.0,400.0
2026-07-16 03:00,4708,197,7,3,6106.1,0.0,0.278,600.0,400.0
2026-07-16 04:00,4709,197,7,4,6426.3,0.0,0.26,600.0,400.0
2026-07-16 05:00,4710,197,7,5,6483.8,0.0,0.3,600.0,400.0
2026-07-16 06:00,4711,197,7,6,6775.3,0.069,0.327,600.0,400.0
2026-07-16 07:00,4712,197,7,7,7437.9,0.196,0.118,600.0,400.0
2026-07-16 08:00,4713,197,7,8,7748.3,0.241,0.3,600.0,400.0
2026-07-16 09:00,4714,197,7,9,7740.3,0.315,0.173,600.0,400.0
2026-07-16 10:00,4715,197,7,10,6671.3,0.446,0.191,600.0,400.0
2026-07-16 11:00,4716,197,7,11,5640.2,0.488,0.085,600.0,400.0
2026-07-16 12:00,4717,197,7,12,5376.6,0.554,0.279,600.0,400.0
2026-07-16 13:00,4718,197,7,13,5100.0,0.464,0.103,600.0,400.0
2026-07-16 14:00,4719,197,7,14,5512.1,0.436,0.505,600.0,400.0
2026-07-16 15:00,4720,197,7,15,6505.7,0.369,0.343,600.0,400.0
2026-07-16 16:00,4721,197,7,16,8193.6,0.21,0.758,600.0,400.0
2026-07-16 17:00,4722,197,7,17,9074.2,0.218,0.208,600.0,400.0
2026-07-16 18:00,4723,197,7,18,9659.5,0.058,0.415,600.0,400.0
2026-07-16 19:00,4724,197,7,19,9635.9,0.0,0.706,600.0,400.0
2026-07-16 20:00,4725,197,7,20,9053.0,0.0,0.244,600.0,400.0
2026-07-16 21:00,4726,197,7,21,7614.6,0.0,0.134,600.0,400.0
2026-07-16 22:00,4727,197,7,22,7279.9,0.0,0.392,600.0,400.0
2026-07-16 23:00,4728,197,7,23,6574.8,0.0,0.261,600.0,400.0
2026-07-17 00:00,4729,198,7,0,6408.2,0.0,0.212,600.0,400.0
2026-07-17 01:00,4730,198,7,1,6157.6,0.0,0.753,600.0,400.0
2026-07-17 02:00,4731,198,7,2,5971.0,0.0,0.388,600.0,400.0
2026-07-17 03:00,4732,198,7,3,6181.3,0.0,0.257,600.0,400.0
2026-07-17 04:00,4733,198,7,4,6111.8,0.0,0.072,600.0,400.0
2026-07-17 05:00,4734,198,7,5,6571.5,0.0,0.134,600.0,400.0
2026-07-17 06:00,4735,198,7,6,6924.9,0.051,0.164,600.0,400.0
2026-07-17 07:00,4736,198,7,7,7502.1,0.206,0.216,600.0,400.0
2026-07-17 08:00,4737,198,7,8,7561.9,0.246,0.218,600.0,400.0
2026-07-17 09:00,4738,198,7,9,7694.3,0.408,0.045,600.0,400.0
2026-07-17 10:00,4739,198,7,10,6445.6,0.386,0.445,600.0,400.0
2026-07-17 11:00,4740,198,7,11,5764.2,0.31,0.25,600.0,400.0
2026-07-17 12:00,4741,198,7,12,5100.0,0.56,0.046,600.0,400.0
2026-07-17 13:00,4742,198,7,13,5100.0,0.555,0.341,600.0,400.0
2026-07-17 14:00,4743,198,7,14,5403.0,0.527,0.096,600.0,400.0
2026-07-17 15:00,4744,198,7,15,6561.0,0.46,0.391,600.0,400.0
2026-07-17 16:00,4745,198,7,16,8296.8,0.256,0.4,600.0,400.0
2026-07-17 17:00,4746,198,7,17,8954.3,0.114,0.751,600.0,400.0
2026-07-17 18:00,4747,198,7,18,9686.9,0.066,0.258,600.0,400.0
2026-07-17 19:00,4748,198,7,19,9520.4,0.0,0.164,600.0,400.0
2026-07-17 20:00,4749,198,7,20,8936.4,0.0,0.131,600.0,400.0
2026-07-17 21:00,4750,198,7,21,8146.2,0.0,0.115,600.0,400.0
2026-07-17 22:00,4751,198,7,22,7430.5,0.0,0.498,600.0,400.0
2026-07-17 23:00,4752,198,7,23,6618.8,0.0,0.425,600.0,400.0
2026-07-18 00:00,4753,199,7,0,5671.0,0.0,0.683,600.0,400.0
2026-07-18 01:00,4754,199,7,1,5644.8,0.0,0.217,600.0,400.0
2026-07-18 02:00,4755,199,7,2,5630.5,0.0,0.416,600.0,400.0
2026-07-18 03:00,4756,199,7,3,5789.0,0.0,0.103,600.0,400.0
2026-07-18 04:00,4757,199,7,4,5585.0,0.0,0.442,600.0,400.0
2026-07-18 05:00,4758,199,7,5,6228.7,0.0,0.069,600.0,400.0
2026-07-18 06:00,4759,199,7,6,6269.3,0.045,0.332,600.0,400.0
2026-07-18 07:00,4760,199,7,7,6924.1,0.163,0.163,600.0,400.0
2026-07-18 08:00,4761,199,7,8,6917.9,0.281,0.121,600.0,400.0
2026-07-18 09:00,4762,199,7,9,7228.5,0.311,0.288,600.0,400.0
2026-07-18 10:00,4763,199,7,10,6286.2,0.374,0.397,600.0,400.0
2026-07-18 11:00,4764,199,7,11,5309.2,0.412,0.334,600.0,400.0
2026-07-18 12:00,4765,199,7,12,5100.0,0.608,0.185,600.0,400.0
2026-07-18 13:00,4766,199,7,13,5100.0,0.466,0.21,600.0,400.0
2026-07-18 14:00,4767,199,7,14,5100.0,0.446,0.157,600.0,400.0
2026-07-18 15:00,4768,199,7,15,5991.8,0.37,0.453,600.0,400.0
2026-07-18 16:00,4769,199,7,16,7625.9,0.327,0.129,600.0,400.0
2026-07-18 17:00,4770,199,7,17,8479.9,0.176,0.568,600.0,400.0
2026-07-18 18:00,4771,199,7,18,8973.2,0.068,0.375,600.0,400.0
2026-07-18 19:00,4772,199,7,19,8844.5,0.0,0.376,600.0,400.0
2026-07-18 20:00,4773,199,7,20,8531.8,0.0,0.532,600.0,400.0
2026-07-18 21:00,4774,199,7,21,7555.7,0.0,0.416,600.0,400.0
2026-07-18 22:00,4775,199,7,22,6366.7,0.0,0.241,600.0,400.0
2026-07-18 23:00,4776,199,7,23,6309.4,0.0,0.254,600.0,400.0
2026-07-19 00:00,4777,200,7,0,5708.7,0.0,0.166,600.0,400.0
2026-07-19 01:00,4778,200,7,1,5906.1,0.0,0.278,600.0,400.0
2026-07-19 02:00,4779,200,7,2,5544.6,0.0,0.119,600.0,400.0
2026-07-19 03:00,4780,200,7,3,5237.4,0.0,0.32,600.0,400.0
2026-07-19 04:00,4781,200,7,4,5873.0,0.0,0.132,600.0,400.0
2026-07-19 05:00,4782,200,7,5,6074.2,0.0,0.39,600.0,400.0
2026-07-19 06:00,4783,200,7,6,6109.1,0.078,0.294,600.0,400.0
2026-07-19 07:00,4784,200,7,7,6655.9,0.163,0.384,600.0,400.0
2026-07-19 08:00,4785,200,7,8,7565.8,0.354,0.083,600.0,400.0
2026-07-19 09:00,4786,200,7,9,7076.4,0.38,0.328,600.0,400.0
2026-07-19 10:00,4787,200,7,10,6299.4,0.345,0.386,600.0,400.0
2026-07-19 11:00,4788,200,7,11,5147.4,0.441,0.064,600.0,400.0
2026-07-19 12:00,4789,200,7,12,5100.0,0.409,0.744,600.0,400.0
2026-07-19 13:00,4790,200,7,13,5100.0,0.542,0.191,600.0,400.0
2026-07-19 14:00,4791,200,7,14,5100.0,0.404,0.167,600.0,400.0
2026-07-19 15:00,4792,200,7,15,5972.8,0.332,0.259,600.0,400.0
2026-07-19 16:00,4793,200,7,16,7448.0,0.179,0.038,600.0,400.0
2026-07-19 17:00,4794,200,7,17,8400.5,0.226,0.549,600.0,400.0
2026-07-19 18:00,4795,200,7,18,8953.0,0.072,0.225,600.0,400.0
2026-07-19 19:00,4796,200,7,19,8804.8,0.0,0.344,600.0,400.0
2026-07-19 20:00,4797,200,7,20,8512.6,0.0,0.396,600.0,400.0
2026-07-19 21:00,4798,200,7,21,7246.5,0.0,0.492,600.0,400.0
2026-07-19 22:00,4799,200,7,22,6415.0,0.0,0.216,600.0,400.0
2026-07-19 23:00,4800,200,7,23,6307.0,0.0,0.424,600.0,400.0
2026-07-20 00:00,4801,201,7,0,6245.9,0.0,0.136,600.0,400.0
2026-07-20 01:00,4802,201,7,1,6156.8,0.0,0.382,600.0,400.0
2026-07-20 02:00,4803,201,7,2,5949.4,0.0,0.512,600.0,400.0
2026-07-20 03:00,4804,201,7,3,6087.4,0.0,0.098,600.0,400.0
2026-07-20 04:00,4805,201,7,4,6248.5,0.0,0.109,600.0,400.0
2026-07-20 05:00,4806,201,7,5,6251.8,0.0,0.254,600.0,400.0
2026-07-20 06:00,4807,201,7,6,6771.5,0.059,0.063,600.0,400.0
2026-07-20 07:00,4808,201,7,7,7464.6,0.212,0.124,600.0,400.0
2026-07-20 08:00,4809,201,7,8,7928.3,0.336,0.124,600.0,400.0
2026-07-20 09:00,4810,201,7,9,7633.1,0.221,0.215,600.0,400.0
2026-07-20 10:00,4811,201,7,10,6796.5,0.495,0.148,600.0,400.0
2026-07-20 11:00,4812,201,7,11,5357.1,0.418,0.228,600.0,400.0
2026-07-20 12:00,4813,201,7,12,5117.3,0.436,0.255,600.0,400.0
2026-07-20 13:00,4814,201,7,13,5100.0,0.492,0.355,600.0,400.0
2026-07-20 14:00,4815,201,7,14,5464.4,0.447,0.55,600.0,400.0
2026-07-20 15:00,4816,201,7,15,6468.7,0.335,0.294,600.0,400.0
2026-07-20 16:00,4817,201,7,16,8266.7,0.174,0.246,600.0,400.0
2026-07-20 17:00,4818,201,7,17,8877.4,0.215,0.214,600.0,400.0
2026-07-20 18:00,4819,201,7,18,9784.1,0.051,0.392,600.0,400.0
2026-07-20 19:00,4820,201,7,19,9669.1,0.0,0.656,600.0,400.0
2026-07-20 20:00,4821,201,7,20,9069.0,0.0,0.477,600.0,400.0
2026-07-20 21:00,4822,201,7,21,8118.5,0.0,0.198,600.0,400.0
2026-07-20 22:00,4823,201,7,22,7134.0,0.0,0.573,600.0,400.0
2026-07-20 23:00,4824,201,7,23,6671.2,0.0,0.435,600.0,400.0
2026-07-21 00:00,4825,202,7,0,6156.6,0.0,0.142,600.0,400.0
2026-07-21 01:00,4826,202,7,1,6206.5,0.0,0.387,600.0,400.0
2026-07-21 02:00,4827,202,7,2,6188.1,0.0,0.198,600.0,400.0
2026-07-21 03:00,4828,202,7,3,6330.3,0.0,0.259,600.0,400.0
2026-07-21 04:00,4829,202,7,4,6440.3,0.0,0.181,600.0,400.0
2026-07-21 05:00,4830,202,7,5,6340.9,0.0,0.088,600.0,400.0
2026-07-21 06:00,4831,202,7,6,7030.7,0.07,0.323,600.0,400.0
2026-07-21 07:00,4832,202,7,7,7172.3,0.183,0.344,600.0,400.0
2026-07-21 08:00,4833,202,7,8,7795.9,0.309,0.138,600.0,400.0
2026-07-21 09:00,4834,202,7,9,7801.3,0.37,0.142,600.0,400.0
2026-07-21 10:00,4835,202,7,10,6371.5,0.436,0.205,600.0,400.0
2026-07-21 11:00,4836,202,7,11,5680.2,0.461,0.358,600.0,400.0
2026-07-21 12:00,4837,202,7,12,5100.0,0.598,0.089,600.0,400.0
2026-07-21 13:00,4838,202,7,13,5100.0,0.326,0.396,600.0,400.0
2026-07-21 14:00,4839,202,7,14,5633.5,0.501,0.516,600.0,400.0
2026-07-21 15:00,4840,202,7,15,6406.0,0.234,0.318,600.0,400.0
2026-07-21 16:00,4841,202,7,16,7929.0,0.296,0.097,600.0,400.0
2026-07-21 17:00,4842,202,7,17,9032.3,0.167,0.219,600.0,400.0
2026-07-21 18:00,4843,202,7,18,9796.6,0.037,0.141,600.0,400.0
2026-07-21 19:00,4844,202,7,19,9694.4,0.0,0.224,600.0,400.0
2026-07-21 20:00,4845,202,7,20,9284.1,0.0,0.511,600.0,400.0
2026-07-21 21:00,4846,202,7,21,8235.7,0.0,0.102,600.0,400.0
2026-07-21 22:00,4847,202,7,22,6923.4,0.0,0.232,600.0,400.0
2026-07-21 23:00,4848,202,7,23,6591.1,0.0,0.326,600.0,400.0
2026-07-22 00:00,4849,203,7,0,6077.7,0.0,0.516,600.0,400.0
2026-07-22 01:00,4850,203,7,1,6245.5,0.0,0.192,600.0,400.0
2026-07-22 02:00,4851,203,7,2,5755.5,0.0,0.401,600.0,400.0
2026-07-22 03:00,4852,203,7,3,6611.4,0.0,0.293,600.0,400.0
2026-07-22 04:00,4853,203,7,4,6378.4,0.0,0.312,600.0,400.0
2026-07-22 05:00,4854,203,7,5,6533.8,0.0,0.388,600.0,400.0
2026-07-22 06:00,4855,203,7,6,7081.7,0.067,0.048,600.0,400.0
2026-07-22 07:00,4856,203,7,7,7738.1,0.223,0.229,600.0,400.0
2026-07-22 08:00,4857,203,7,8,7842.1,0.187,0.303,600.0,400.0
2026-07-22 09:00,4858,203,7,9,7854.9,0.342,0.379,600.0,400.0
2026-07-22 10:00,4859,203,7,10,6699.2,0.494,0.106,600.0,400.0
2026-07-22 11:00,4860,203,7,11,5643.6,0.639,0.185,600.0,400.0
2026-07-22 12:00,4861,203,7,12,5100.0,0.445,0.09,600.0,400.0
2026-07-22 13:00,4862,203,7,13,5100.0,0.271,0.413,600.0,400.0
2026-07-22 14:00,4863,203,7,14,5308.5,0.413,0.453,600.0,400.0
2026-07-22 15:00,4864,203,7,15,6295.6,0.218,0.286,600.0,400.0
2026-07-22 16:00,4865,203,7,16,8047.2,0.308,0.058,600.0,400.0
2026-07-22 17:00,4866,203,7,17,8752.1,0.163,0.131,600.0,400.0
2026-07-22 18:00,4867,203,7,18,9719.0,0.053,0.387,600.0,400.0
2026-07-22 19:00,4868,203,7,19,9712.9,0.0,0.774,600.0,400.0
2026-07-22 20:00,4869,203,7,20,9122.6,0.0,0.533,600.0,400.0
2026-07-22 21:00,4870,203,7,21,8068.7,0.0,0.497,600.0,400.0
2026-07-22 22:00,4871,203,7,22,7765.5,0.0,0.292,600.0,400.0
2026-07-22 23:00,4872,203,7,23,6894.5,0.0,0.753,600.0,400.0
2026-07-23 00:00,4873,204,7,0,5968.5,0.0,0.476,600.0,400.0
2026-07-23 01:00,4874,204,7,1,6206.1,0.0,0.227,600.0,400.0
2026-07-23 02:00,4875,204,7,2,6078.2,0.0,0.385,600.0,400.0
2026-07-23 03:00,4876,204,7,3,6041.2,0.0,0.238,600.0,400.0
2026-07-23 04:00,4877,204,7,4,6079.0,0.0,0.306,600.0,400.0
2026-07-23 05:00,4878,204,7,5,6579.2,0.0,0.51,600.0,400.0
2026-07-23 06:00,4879,204,7,6,6783.6,0.057,0.148,600.0,400.0
2026-07-23 07:00,4880,204,7,7,7518.0,0.152,0.327,600.0,400.0
2026-07-23 08:00,4881,204,7,8,7861.8,0.191,0.246,600.0,400.0
2026-07-23 09:00,4882,204,7,9,7922.9,0.237,0.442,600.0,400.0
2026-07-23 10:00,4883,204,7,10,6541.9,0.512,0.107,600.0,400.0
2026-07-23 11:00,4884,204,7,11,5742.3,0.56,0.315,600.0,400.0
2026-07-23 12:00,4885,204,7,12,5115.9,0.559,0.062,600.0,400.0
2026-07-23 13:00,4886,204,7,13,5100.0,0.368,0.171,600.0,400.0
2026-07-23 14:00,4887,204,7,14,5294.9,0.317,0.21,600.0,400.0
2026-07-23 15:00,4888,204,7,15,6769.3,0.328,0.265,600.0,400.0
2026-07-23 16:00,4889,204,7,16,8095.7,0.305,0.65,600.0,400.0
2026-07-23 17:00,4890,204,7,17,9123.4,0.209,0.107,600.0,400.0
2026-07-23 18:00,4891,204,7,18,9556.9,0.071,0.175,600.0,400.0
2026-07-23 19:00,4892,204,7,19,9523.6,0.0,0.196,600.0,400.0
2026-07-23 20:00,4893,204,7,20,9007.9,0.0,0.301,600.0,400.0
2026-07-23 21:00,4894,204,7,21,8132.4,0.0,0.106,600.0,400.0
2026-07-23 22:00,4895,204,7,22,7102.9,0.0,0.696,600.0,400.0
2026-07-23 23:00,4896,204,7,23,6675.3,0.0,0.345,600.0,400.0
2026-07-24 00:00,4897,205,7,0,5896.5,0.0,0.467,600.0,400.0
2026-07-24 01:00,4898,205,7,1,5988.7,0.0,0.42,600.0,400.0
2026-07-24 02:00,4899,205,7,2,6281.9,0.0,0.343,600.0,400.0
2026-07-24 03:00,4900,205,7,3,6299.2,0.0,0.468,600.0,400.0
2026-07-24 04:00,4901,205,7,4,6229.8,0.0,0.441,600.0,400.0
2026-07-24 05:00,4902,205,7,5,6346.2,0.0,0.109,600.0,400.0
2026-07-24 06:00,4903,205,7,6,6727.3,0.053,0.402,600.0,400.0
2026-07-24 07:00,4904,205,7,7,7302.4,0.161,0.228,600.0,400.0
2026-07-24 08:00,4905,205,7,8,7804.9,0.26,0.149,600.0,400.0
2026-07-24 09:00,4906,205,7,9,7850.7,0.409,0.254,600.0,400.0
2026-07-24 10:00,4907,205,7,10,6597.9,0.341,0.159,600.0,400.0
2026-07-24 11:00,4908,205,7,11,5480.8,0.599,0.229,600.0,400.0
2026-07-24 12:00,4909,205,7,12,5100.0,0.4,0.379,600.0,400.0
2026-07-24 13:00,4910,205,7,13,5100.0,0.358,0.061,600.0,400.0
2026-07-24 14:00,4911,205,7,14,5334.4,0.279,0.154,600.0,400.0
2026-07-24 15:00,4912,205,7,15,6722.6,0.463,0.6,600.0,400.0
2026-07-24 16:00,4913,205,7,16,8190.4,0.229,0.284,600.0,400.0
2026-07-24 17:00,4914,205,7,17,9045.5,0.149,0.234,600.0,400.0
2026-07-24 18:00,4915,205,7,18,9483.4,0.071,0.612,600.0,400.0
2026-07-24 19:00,4916,205,7,19,9750.9,0.0,0.606,600.0,400.0
2026-07-24 20:00,4917,205,7,20,9267.5,0.0,0.092,600.0,400.0
2026-07-24 21:00,4918,205,7,21,8090.7,0.0,0.272,600.0,400.0
2026-07-24 22:00,4919,205,7,22,7488.0,0.0,0.597,600.0,400.0
2026-07-24 23:00,4920,205,7,23,6882.6,0.0,0.176,600.0,400.0
2026-07-25 00:00,4921,206,7,0,5981.7,0.0,0.34,600.0,400.0
2026-07-25 01:00,4922,206,7,1,5765.4,0.0,0.221,600.0,400.0
2026-07-25 02:00,4923,206,7,2,5816.7,0.0,0.379,600.0,400.0
2026-07-25 03:00,4924,206,7,3,5974.8,0.0,0.135,600.0,400.0
2026-07-25 04:00,4925,206,7,4,5902.8,0.0,0.282,600.0,400.0
2026-07-25 05:00,4926,206,7,5,5950.2,0.0,0.03,600.0,400.0
2026-07-25 06:00,4927,206,7,6,6310.7,0.058,0.15,600.0,400.0
2026-07-25 07:00,4928,206,7,7,6853.5,0.193,0.115,600.0,400.0
2026-07-25 08:00,4929,206,7,8,6921.3,0.34,0.131,600.0,400.0
2026-07-25 09:00,4930,206,7,9,7105.2,0.449,0.362,600.0,400.0
2026-07-25 10:00,4931,206,7,10,6360.8,0.238,0.414,600.0,400.0
2026-07-25 11:00,4932,206,7,11,5100.0,0.312,0.33,600.0,400.0
2026-07-25 12:00,4933,206,7,12,5100.0,0.591,0.279,600.0,400.0
2026-07-25 13:00,4934,206,7,13,5100.0,0.448,0.165,600.0,400.0
2026-07-25 14:00,4935,206,7,14,5100.0,0.444,0.192,600.0,400.0
2026-07-25 15:00,4936,206,7,15,6127.2,0.312,0.217,600.0,400.0
2026-07-25 16:00,4937,206,7,16,7470.7,0.311,0.443,600.0,400.0
2026-07-25 17:00,4938,206,7,17,8559.4,0.197,0.211,600.0,400.0
2026-07-25 18:00,4939,206,7,18,9139.0,0.08,0.721,600.0,400.0
2026-07-25 19:00,4940,206,7,19,8787.9,0.0,0.496,600.0,400.0
2026-07-25 20:00,4941,206,7,20,8533.5,0.0,0.95,600.0,400.0
2026-07-25 21:00,4942,206,7,21,7529.8,0.0,0.315,600.0,400.0
2026-07-25 22:00,4943,206,7,22,6760.1,0.0,0.37,600.0,400.0
2026-07-25 23:00,4944,206,7,23,6075.7,0.0,0.224,600.0,400.0
2026-07-26 00:00,4945,207,7,0,5992.3,0.0,0.352,600.0,400.0
2026-07-26 01:00,4946,207,7,1,5880.1,0.0,0.645,600.0,400.0
2026-07-26 02:00,4947,207,7,2,5601.5,0.0,0.063,600.0,400.0
2026-07-26 03:00,4948,207,7,3,5532.1,0.0,0.187,600.0,400.0
2026-07-26 04:00,4949,207,7,4,5766.7,0.0,0.174,600.0,400.0
2026-07-26 05:00,4950,207,7,5,6097.1,0.0,0.545,600.0,400.0
2026-07-26 06:00,4951,207,7,6,6418.1,0.062,0.106,600.0,400.0
2026-07-26 07:00,4952,207,7,7,7012.9,0.154,0.335,600.0,400.0
2026-07-26 08:00,4953,207,7,8,7251.3,0.332,0.151,600.0,400.0
2026-07-26 09:00,4954,207,7,9,7280.4,0.384,0.362,600.0,400.0
2026-07-26 10:00,4955,207,7,10,6234.8,0.304,0.222,600.0,400.0
2026-07-26 11:00,4956,207,7,11,5100.0,0.518,0.152,600.0,400.0
2026-07-26 12:00,4957,207,7,12,5100.0,0.413,0.326,600.0,400.0
2026-07-26 13:00,4958,207,7,13,5100.0,0.461,0.417,600.0,400.0
2026-07-26 14:00,4959,207,7,14,5100.0,0.192,0.266,600.0,400.0
2026-07-26 15:00,4960,207,7,15,6117.3,0.354,0.387,600.0,400.0
2026-07-26 16:00,4961,207,7,16,7415.3,0.242,0.17,600.0,400.0
2026-07-26 17:00,4962,207,7,17,8193.5,0.174,0.617,600.0,400.0
2026-07-26 18:00,4963,207,7,18,8957.3,0.065,0.131,600.0,400.0
2026-07-26 19:00,4964,207,7,19,9056.5,0.0,0.206,600.0,400.0
2026-07-26 20:00,4965,207,7,20,8329.9,0.0,0.239,600.0,400.0
2026-07-26 21:00,4966,207,7,21,7520.6,0.0,0.169,600.0,400.0
2026-07-26 22:00,4967,207,7,22,6592.7,0.0,0.287,600.0,400.0
2026-07-26 23:00,4968,207,7,23,6367.9,0.0,0.3,600.0,400.0
2026-07-27 00:00,4969,208,7,0,6111.0,0.0,0.314,600.0,400.0
2026-07-27 01:00,4970,208,7,1,6391.7,0.0,0.077,600.0,400.0
2026-07-27 02:00,4971,208,7,2,6410.6,0.0,0.17,600.0,400.0
2026-07-27 03:00,4972,208,7,3,6181.0,0.0,0.396,600.0,400.0
2026-07-27 04:00,4973,208,7,4,6122.6,0.0,0.376,600.0,400.0
2026-07-27 05:00,4974,208,7,5,6166.7,0.0,0.181,600.0,400.0
2026-07-27 06:00,4975,208,7,6,6647.6,0.061,0.214,600.0,400.0
2026-07-27 07:00,4976,208,7,7,7133.8,0.167,0.123,600.0,400.0
2026-07-27 08:00,4977,208,7,8,7913.8,0.29,0.337,600.0,400.0
2026-07-27 09:00,4978,208,7,9,7712.1,0.391,0.452,600.0,400.0
2026-07-27 10:00,4979,208,7,10,6731.1,0.318,0.162,600.0,400.0
2026-07-27 11:00,4980,208,7,11,5301.4,0.568,0.343,600.0,400.0
2026-07-27 12:00,4981,208,7,12,5100.0,0.351,0.198,600.0,400.0
2026-07-27 13:00,4982,208,7,13,5100.0,0.586,0.03,600.0,400.0
2026-07-27 14:00,4983,208,7,14,5453.8,0.274,0.316,600.0,400.0
2026-07-27 15:00,4984,208,7,15,6476.7,0.363,0.257,600.0,400.0
2026-07-27 16:00,4985,208,7,16,8136.9,0.278,0.431,600.0,400.0
2026-07-27 17:00,4986,208,7,17,9268.9,0.206,0.443,600.0,400.0
2026-07-27 18:00,4987,208,7,18,9637.3,0.064,0.651,600.0,400.0
2026-07-27 19:00,4988,208,7,19,9713.5,0.0,0.306,600.0,400.0
2026-07-27 20:00,4989,208,7,20,9114.0,0.0,0.328,600.0,400.0
2026-07-27 21:00,4990,208,7,21,8520.5,0.0,0.289,600.0,400.0
2026-07-27 22:00,4991,208,7,22,6924.4,0.0,0.238,600.0,400.0
2026-07-27 23:00,4992,208,7,23,6774.8,0.0,0.382,600.0,400.0
2026-07-28 00:00,4993,209,7,0,6135.0,0.0,0.478,600.0,400.0
2026-07-28 01:00,4994,209,7,1,6245.2,0.0,0.15,600.0,400.0
2026-07-28 02:00,4995,209,7,2,6056.0,0.0,0.639,600.0,400.0
2026-07-28 03:00,4996,209,7,3,6181.4,0.0,0.334,600.0,400.0
2026-07-28 04:00,4997,209,7,4,6393.0,0.0,0.359,600.0,400.0
2026-07-28 05:00,4998,209,7,5,6993.8,0.0,0.697,600.0,400.0
2026-07-28 06:00,4999,209,7,6,7007.6,0.051,0.227,600.0,400.0
2026-07-28 07:00,5000,209,7,7,7213.1,0.139,0.076,600.0,400.0
2026-07-28 08:00,5001,209,7,8,7620.7,0.293,0.322,600.0,400.0
2026-07-28 09:00,5002,209,7,9,7616.3,0.462,0.369,600.0,400.0
2026-07-28 10:00,5003,209,7,10,6376.7,0.453,0.118,600.0,400.0
2026-07-28 11:00,5004,209,7,11,5599.1,0.431,0.048,600.0,400.0
2026-07-28 12:00,5005,209,7,12,5117.5,0.441,0.118,600.0,400.0
2026-07-28 13:00,5006,209,7,13,5100.0,0.424,0.2,600.0,400.0
2026-07-28 14:00,5007,209,7,14,5570.5,0.505,0.518,600.0,400.0
2026-07-28 15:00,5008,209,7,15,6572.7,0.397,0.03,600.0,400.0
2026-07-28 16:00,5009,209,7,16,7922.6,0.297,0.46,600.0,400.0
2026-07-28 17:00,5010,209,7,17,8977.3,0.153,0.519,600.0,400.0
2026-07-28 18:00,5011,209,7,18,9920.5,0.067,0.498,600.0,400.0
2026-07-28 19:00,5012,209,7,19,9811.6,0.0,0.123,600.0,400.0
2026-07-28 20:00,5013,209,7,20,9076.7,0.0,0.425,600.0,400.0
2026-07-28 21:00,5014,209,7,21,8092.5,0.0,0.679,600.0,400.0
2026-07-28 22:00,5015,209,7,22,7266.2,0.0,0.147,600.0,400.0
2026-07-28 23:00,5016,209,7,23,6577.9,0.0,0.074,600.0,400.0
2026-07-29 00:00,5017,210,7,0,5810.9,0.0,0.516,600.0,400.0
2026-07-29 01:00,5018,210,7,1,6475.6,0.0,0.354,600.0,400.0
2026-07-29 02:00,5019,210,7,2,6180.4,0.0,0.336,600.0,400.0
2026-07-29 03:00,5020,210,7,3,6247.3,0.0,0.554,600.0,400.0
2026-07-29 04:00,5021,210,7,4,6264.2,0.0,0.354,600.0,400.0
2026-07-29 05:00,5022,210,7,5,6372.4,0.0,0.203,600.0,400.0
2026-07-29 06:00,5023,210,7,6,6842.9,0.056,0.207,600.0,400.0
2026-07-29 07:00,5024,210,7,7,7087.2,0.15,0.108,600.0,400.0
2026-07-29 08:00,5025,210,7,8,8047.1,0.314,0.16,600.0,400.0
2026-07-29 09:00,5026,210,7,9,7485.6,0.414,0.204,600.0,400.0
2026-07-29 10:00,5027,210,7,10,6493.2,0.385,0.152,600.0,400.0
2026-07-29 11:00,5028,210,7,11,5575.8,0.445,0.432,600.0,400.0
2026-07-29 12:00,5029,210,7,12,5200.6,0.434,0.036,600.0,400.0
2026-07-29 13:00,5030,210,7,13,5100.0,0.418,0.294,600.0,400.0
2026-07-29 14:00,5031,210,7,14,5198.7,0.501,0.397,600.0,400.0
2026-07-29 15:00,5032,210,7,15,6688.5,0.316,0.397,600.0,400.0
2026-07-29 16:00,5033,210,7,16,8149.4,0.304,0.371,600.0,400.0
2026-07-29 17:00,5034,210,7,17,9077.5,0.223,0.28,600.0,400.0
2026-07-29 18:00,5035,210,7,18,9769.8,0.063,0.605,600.0,400.0
2026-07-29 19:00,5036,210,7,19,10067.6,0.0,0.257,600.0,400.0
2026-07-29 20:00,5037,210,7,20,9415.5,0.0,0.467,600.0,400.0
2026-07-29 21:00,5038,210,7,21,8012.0,0.0,0.628,600.0,400.0
2026-07-29 22:00,5039,210,7,22,7506.1,0.0,0.152,600.0,400.0
2026-07-29 23:00,5040,210,7,23,6714.3,0.0,0.634,600.0,400.0
2026-07-30 00:00,5041,211,7,0,6220.9,0.0,0.442,600.0,400.0
2026-07-30 01:00,5042,211,7,1,5871.5,0.0,0.341,600.0,400.0
2026-07-30 02:00,5043,211,7,2,6121.6,0.0,0.23,600.0,400.0
2026-07-30 03:00,5044,211,7,3,6046.9,0.0,0.468,600.0,400.0
2026-07-30 04:00,5045,211,7,4,6399.4,0.0,0.067,600.0,400.0
2026-07-30 05:00,5046,211,7,5,6654.8,0.0,0.214,600.0,400.0
2026-07-30 06:00,5047,211,7,6,6534.1,0.052,0.318,600.0,400.0
2026-07-30 07:00,5048,211,7,7,7333.0,0.184,0.335,600.0,400.0
2026-07-30 08:00,5049,211,7,8,7855.7,0.239,0.128,600.0,400.0
2026-07-30 09:00,5050,211,7,9,7646.7,0.473,0.062,600.0,400.0
2026-07-30 10:00,5051,211,7,10,6768.3,0.404,0.339,600.0,400.0
2026-07-30 11:00,5052,211,7,11,5695.8,0.568,0.211,600.0,400.0
2026-07-30 12:00,5053,211,7,12,5100.0,0.411,0.121,600.0,400.0
2026-07-30 13:00,5054,211,7,13,5100.0,0.37,0.099,600.0,400.0
2026-07-30 14:00,5055,211,7,14,5194.6,0.511,0.334,600.0,400.0
2026-07-30 15:00,5056,211,7,15,6300.4,0.408,0.327,600.0,400.0
2026-07-30 16:00,5057,211,7,16,8137.0,0.365,0.498,600.0,400.0
2026-07-30 17:00,5058,211,7,17,8984.4,0.17,0.074,600.0,400.0
2026-07-30 18:00,5059,211,7,18,9622.2,0.059,0.547,600.0,400.0
2026-07-30 19:00,5060,211,7,19,9605.3,0.0,0.577,600.0,400.0
2026-07-30 20:00,5061,211,7,20,9006.1,0.0,0.311,600.0,400.0
2026-07-30 21:00,5062,211,7,21,8279.4,0.0,0.119,600.0,400.0
2026-07-30 22:00,5063,211,7,22,7183.7,0.0,0.652,600.0,400.0
2026-07-30 23:00,5064,211,7,23,6430.5,0.0,0.11,600.0,400.0
2026-07-31 00:00,5065,212,7,0,6252.5,0.0,0.346,600.0,400.0
2026-07-31 01:00,5066,212,7,1,6101.9,0.0,0.29,600.0,400.0
2026-07-31 02:00,5067,212,7,2,6146.4,0.0,0.437,600.0,400.0
2026-07-31 03:00,5068,212,7,3,6426.6,0.0,0.263,600.0,400.0
2026-07-31 04:00,5069,212,7,4,6256.1,0.0,0.237,600.0,400.0
2026-07-31 05:00,5070,212,7,5,6522.2,0.0,0.402,600.0,400.0
2026-07-31 06:00,5071,212,7,6,6669.9,0.053,0.477,600.0,400.0
2026-07-31 07:00,5072,212,7,7,7293.9,0.184,0.235,600.0,400.0
2026-07-31 08:00,5073,212,7,8,7766.2,0.296,0.205,600.0,400.0
2026-07-31 09:00,5074,212,7,9,7420.1,0.458,0.345,600.0,400.0
2026-07-31 10:00,5075,212,7,10,6676.3,0.463,0.354,600.0,400.0
2026-07-31 11:00,5076,212,7,11,5648.1,0.528,0.178,600.0,400.0
2026-07-31 12:00,5077,212,7,12,5100.0,0.602,0.274,600.0,400.0
2026-07-31 13:00,5078,212,7,13,5100.0,0.396,0.133,600.0,400.0
2026-07-31 14:00,5079,212,7,14,5434.5,0.53,0.331,600.0,400.0
2026-07-31 15:00,5080,212,7,15,6707.3,0.183,0.46,600.0,400.0
2026-07-31 16:00,5081,212,7,16,7854.4,0.356,0.173,600.0,400.0
2026-07-31 17:00,5082,212,7,17,8991.6,0.215,0.242,600.0,400.0
2026-07-31 18:00,5083,212,7,18,9645.4,0.051,0.305,600.0,400.0
2026-07-31 19:00,5084,212,7,19,9489.2,0.0,0.535,600.0,400.0
2026-07-31 20:00,5085,212,7,20,9195.5,0.0,0.456,600.0,400.0
2026-07-31 21:00,5086,212,7,21,8472.4,0.0,0.251,600.0,400.0
2026-07-31 22:00,5087,212,7,22,7224.5,0.0,0.212,600.0,400.0
2026-07-31 23:00,5088,212,7,23,6716.8,0.0,0.412,600.0,400.0
2026-08-01 00:00,5089,213,8,0,5689.3,0.0,0.298,600.0,400.0
2026-08-01 01:00,5090,213,8,1,5562.7,0.0,0.331,600.0,400.0
2026-08-01 02:00,5091,213,8,2,5391.7,0.0,0.337,600.0,400.0
2026-08-01 03:00,5092,213,8,3,5595.9,0.0,0.283,600.0,400.0
2026-08-01 04:00,5093,213,8,4,5568.8,0.0,0.288,600.0,400.0
2026-08-01 05:00,5094,213,8,5,6263.4,0.0,0.407,600.0,400.0
2026-08-01 06:00,5095,213,8,6,6324.4,0.056,0.377,600.0,400.0
2026-08-01 07:00,5096,213,8,7,6720.3,0.232,0.11,600.0,400.0
2026-08-01 08:00,5097,213,8,8,7230.4,0.375,0.245,600.0,400.0
2026-08-01 09:00,5098,213,8,9,6909.0,0.446,0.202,600.0,400.0
2026-08-01 10:00,5099,213,8,10,6022.9,0.51,0.16,600.0,400.0
2026-08-01 11:00,5100,213,8,11,5225.5,0.364,0.28,600.0,400.0
2026-08-01 12:00,5101,213,8,12,5100.0,0.302,0.251,600.0,400.0
2026-08-01 13:00,5102,213,8,13,5100.0,0.198,0.377,600.0,400.0
2026-08-01 14:00,5103,213,8,14,5100.0,0.29,0.109,600.0,400.0
2026-08-01 15:00,5104,213,8,15,6005.2,0.351,0.214,600.0,400.0
2026-08-01 16:00,5105,213,8,16,7480.8,0.351,0.064,600.0,400.0
2026-08-01 17:00,5106,213,8,17,8334.6,0.211,0.441,600.0,400.0
2026-08-01 18:00,5107,213,8,18,8751.2,0.068,0.597,600.0,400.0
2026-08-01 19:00,5108,213,8,19,8951.3,0.0,0.375,600.0,400.0
2026-08-01 20:00,5109,213,8,20,8202.0,0.0,0.392,600.0,400.0
2026-08-01 21:00,5110,213,8,21,7515.4,0.0,0.093,600.0,400.0
2026-08-01 22:00,5111,213,8,22,6616.5,0.0,0.33,600.0,400.0
2026-08-01 23:00,5112,213,8,23,6551.0,0.0,0.331,600.0,400.0
2026-08-02 00:00,5113,214,8,0,5660.1,0.0,0.079,600.0,400.0
2026-08-02 01:00,5114,214,8,1,5442.9,0.0,0.426,600.0,400.0
2026-08-02 02:00,5115,214,8,2,5652.2,0.0,0.194,600.0,400.0
2026-08-02 03:00,5116,214,8,3,5782.6,0.0,0.351,600.0,400.0
2026-08-02 04:00,5117,214,8,4,6050.0,0.0,0.215,600.0,400.0
2026-08-02 05:00,5118,214,8,5,5887.1,0.0,0.628,600.0,400.0
2026-08-02 06:00,5119,214,8,6,6080.3,0.057,0.136,600.0,400.0
2026-08-02 07:00,5120,214,8,7,6897.0,0.099,0.069,600.0,400.0
2026-08-02 08:00,5121,214,8,8,6857.9,0.349,0.498,600.0,400.0
2026-08-02 09:00,5122,214,8,9,7009.3,0.439,0.143,600.0,400.0
2026-08-02 10:00,5123,214,8,10,6095.1,0.517,0.271,600.0,400.0
2026-08-02 11:00,5124,214,8,11,5194.1,0.491,0.196,600.0,400.0
2026-08-02 12:00,5125,214,8,12,5100.0,0.618,0.298,600.0,400.0
2026-08-02 13:00,5126,214,8,13,5100.0,0.401,0.298,600.0,400.0
2026-08-02 14:00,5127,214,8,14,5100.0,0.469,0.364,600.0,400.0
2026-08-02 15:00,5128,214,8,15,5979.2,0.269,0.052,600.0,400.0
2026-08-02 16:00,5129,214,8,16,7428.1,0.331,0.484,600.0,400.0
2026-08-02 17:00,5130,214,8,17,8303.8,0.182,0.309,600.0,400.0
2026-08-02 18:00,5131,214,8,18,8970.3,0.041,0.337,600.0,400.0
2026-08-02 19:00,5132,214,8,19,9063.0,0.0,0.294,600.0,400.0
2026-08-02 20:00,5133,214,8,20,8421.1,0.0,0.823,600.0,400.0
2026-08-02 21:00,5134,214,8,21,7560.9,0.0,0.5,600.0,400.0
2026-08-02 22:00,5135,214,8,22,6427.7,0.0,0.244,600.0,400.0
2026-08-02 23:00,5136,214,8,23,6141.5,0.0,0.464,600.0,400.0
2026-08-03 00:00,5137,215,8,0,6182.3,0.0,0.28,600.0,400.0
2026-08-03 01:00,5138,215,8,1,6223.4,0.0,0.489,600.0,400.0
2026-08-03 02:00,5139,215,8,2,6002.7,0.0,0.063,600.0,400.0
2026-08-03 03:00,5140,215,8,3,6036.0,0.0,0.211,600.0,400.0
2026-08-03 04:00,5141,215,8,4,6139.5,0.0,0.224,600.0,400.0
2026-08-03 05:00,5142,215,8,5,6533.8,0.0,0.325,600.0,400.0
2026-08-03 06:00,5143,215,8,6,6996.0,0.051,0.126,600.0,400.0
2026-08-03 07:00,5144,215,8,7,7235.9,0.142,0.156,600.0,400.0
2026-08-03 08:00,5145,215,8,8,7786.0,0.347,0.293,600.0,400.0
2026-08-03 09:00,5146,215,8,9,7660.8,0.352,0.079,600.0,400.0
2026-08-03 10:00,5147,215,8,10,6596.3,0.529,0.132,600.0,400.0
2026-08-03 11:00,5148,215,8,11,5570.1,0.455,0.329,600.0,400.0
2026-08-03 12:00,5149,215,8,12,5100.0,0.541,0.418,600.0,400.0
2026-08-03 13:00,5150,215,8,13,5100.0,0.567,0.354,600.0,400.0
2026-08-03 14:00,5151,215,8,14,5714.5,0.366,0.288,600.0,400.0
2026-08-03 15:00,5152,215,8,15,6301.0,0.428,0.119,600.0,400.0
2026-08-03 16:00,5153,215,8,16,8058.6,0.333,0.477,600.0,400.0
2026-08-03 17:00,5154,215,8,17,8842.8,0.212,0.145,600.0,400.0
2026-08-03 18:00,5155,215,8,18,9446.4,0.068,0.277,600.0,400.0
2026-08-03 19:00,5156,215,8,19,9610.6,0.0,0.097,600.0,400.0
2026-08-03 20:00,5157,215,8,20,9018.1,0.0,0.443,600.0,400.0
2026-08-03 21:00,5158,215,8,21,8524.9,0.0,0.336,600.0,400.0
2026-08-03 22:00,5159,215,8,22,7160.1,0.0,0.591,600.0,400.0
2026-08-03 23:00,5160,215,8,23,6421.7,0.0,0.153,600.0,400.0
2026-08-04 00:00,5161,216,8,0,6138.2,0.0,0.471,600.0,400.0
2026-08-04 01:00,5162,216,8,1,5763.8,0.0,0.297,600.0,400.0
2026-08-04 02:00,5163,216,8,2,6087.7,0.0,0.227,600.0,400.0
2026-08-04 03:00,5164,216,8,3,6133.0,0.0,0.317,600.0,400.0
2026-08-04 04:00,5165,216,8,4,6347.5,0.0,0.365,600.0,400.0
2026-08-04 05:00,5166,216,8,5,6592.7,0.0,0.216,600.0,400.0
2026-08-04 06:00,5167,216,8,6,6739.0,0.079,0.143,600.0,400.0
2026-08-04 07:00,5168,216,8,7,7265.9,0.183,0.404,600.0,400.0
2026-08-04 08:00,5169,216,8,8,7507.1,0.306,0.163,600.0,400.0
2026-08-04 09:00,5170,216,8,9,7449.5,0.457,0.632,600.0,400.0
2026-08-04 10:00,5171,216,8,10,6654.7,0.334,0.322,600.0,400.0
2026-08-04 11:00,5172,216,8,11,5389.1,0.587,0.302,600.0,400.0
2026-08-04 12:00,5173,216,8,12,5100.0,0.451,0.037,600.0,400.0
2026-08-04 13:00,5174,216,8,13,5100.0,0.508,0.244,600.0,400.0
2026-08-04 14:00,5175,216,8,14,5426.2,0.42,0.278,600.0,400.0
2026-08-04 15:00,5176,216,8,15,6712.3,0.295,0.244,600.0,400.0
2026-08-04 16:00,5177,216,8,16,7752.6,0.33,0.154,600.0,400.0
2026-08-04 17:00,5178,216,8,17,8614.2,0.193,0.262,600.0,400.0
2026-08-04 18:00,5179,216,8,18,9547.2,0.06,0.116,600.0,400.0
2026-08-04 19:00,5180,216,8,19,9595.9,0.0,0.239,600.0,400.0
2026-08-04 20:00,5181,216,8,20,9012.7,0.0,0.125,600.0,400.0
2026-08-04 21:00,5182,216,8,21,7969.8,0.0,0.466,600.0,400.0
2026-08-04 22:00,5183,216,8,22,7142.5,0.0,0.411,600.0,400.0
2026-08-04 23:00,5184,216,8,23,6648.1,0.0,0.621,600.0,400.0
2026-08-05 00:00,5185,217,8,0,6249.1,0.0,0.257,600.0,400.0
2026-08-05 01:00,5186,217,8,1,5771.0,0.0,0.428,600.0,400.0
2026-08-05 02:00,5187,217,8,2,6031.5,0.0,0.311,600.0,400.0
2026-08-05 03:00,5188,217,8,3,6152.8,0.0,0.318,600.0,400.0
2026-08-05 04:00,5189,217,8,4,6061.6,0.0,0.264,600.0,400.0
2026-08-05 05:00,5190,217,8,5,6702.0,0.0,0.341,600.0,400.0
2026-08-05 06:00,5191,217,8,6,6706.0,0.053,0.06,600.0,400.0
2026-08-05 07:00,5192,217,8,7,7271.5,0.227,0.081,600.0,400.0
2026-08-05 08:00,5193,217,8,8,7706.7,0.295,0.087,600.0,400.0
2026-08-05 09:00,5194,217,8,9,7523.5,0.265,0.157,600.0,400.0
2026-08-05 10:00,5195,217,8,10,6297.7,0.563,0.255,600.0,400.0
2026-08-05 11:00,5196,217,8,11,5512.3,0.459,0.285,600.0,400.0
2026-08-05 12:00,5197,217,8,12,5100.0,0.635,0.328,600.0,400.0
2026-08-05 13:00,5198,217,8,13,5100.0,0.545,0.184,600.0,400.0
2026-08-05 14:00,5199,217,8,14,5189.8,0.316,0.338,600.0,400.0
2026-08-05 15:00,5200,217,8,15,6558.0,0.455,0.129,600.0,400.0
2026-08-05 16:00,5201,217,8,16,7891.9,0.299,0.041,600.0,400.0
2026-08-05 17:00,5202,217,8,17,8811.0,0.176,0.412,600.0,400.0
2026-08-05 18:00,5203,217,8,18,9571.3,0.056,0.436,600.0,400.0
2026-08-05 19:00,5204,217,8,19,9696.3,0.0,0.393,600.0,400.0
2026-08-05 20:00,5205,217,8,20,9339.1,0.0,0.225,600.0,400.0
2026-08-05 21:00,5206,217,8,21,8155.5,0.0,0.629,600.0,400.0
2026-08-05 22:00,5207,217,8,22,7344.2,0.0,0.554,600.0,400.0
2026-08-05 23:00,5208,217,8,23,6494.1,0.0,0.326,600.0,400.0
2026-08-06 00:00,5209,218,8,0,5905.8,0.0,0.749,600.0,400.0
2026-08-06 01:00,5210,218,8,1,6081.1,0.0,0.213,600.0,400.0
2026-08-06 02:00,5211,218,8,2,6094.9,0.0,0.274,600.0,400.0
2026-08-06 03:00,5212,218,8,3,5933.3,0.0,0.494,600.0,400.0
2026-08-06 04:00,5213,218,8,4,6167.7,0.0,0.235,600.0,400.0
2026-08-06 05:00,5214,218,8,5,6476.2,0.0,0.226,600.0,400.0
2026-08-06 06:00,5215,218,8,6,6852.6,0.066,0.082,600.0,400.0
2026-08-06 07:00,5216,218,8,7,7346.1,0.234,0.132,600.0,400.0
2026-08-06 08:00,5217,218,8,8,7651.6,0.329,0.112,600.0,400.0
2026-08-06 09:00,5218,218,8,9,7524.3,0.274,0.241,600.0,400.0
2026-08-06 10:00,5219,218,8,10,6498.2,0.524,0.171,600.0,400.0
2026-08-06 11:00,5220,218,8,11,5376.3,0.497,0.084,600.0,400.0
2026-08-06 12:00,5221,218,8,12,5201.2,0.591,0.251,600.0,400.0
2026-08-06 13:00,5222,218,8,13,5100.0,0.425,0.327,600.0,400.0
2026-08-06 14:00,5223,218,8,14,5275.3,0.525,0.379,600.0,400.0
2026-08-06 15:00,5224,218,8,15,6246.0,0.482,0.463,600.0,400.0
2026-08-06 16:00,5225,218,8,16,8397.4,0.335,0.299,600.0,400.0
2026-08-06 17:00,5226,218,8,17,8701.5,0.225,0.272,600.0,400.0
2026-08-06 18:00,5227,218,8,18,9457.7,0.078,0.418,600.0,400.0
2026-08-06 19:00,5228,218,8,19,9617.7,0.0,0.051,600.0,400.0
2026-08-06 20:00,5229,218,8,20,9033.0,0.0,0.401,600.0,400.0
2026-08-06 21:00,5230,218,8,21,8157.1,0.0,0.291,600.0,400.0
2026-08-06 22:00,5231,218,8,22,7430.7,0.0,0.307,600.0,400.0
2026-08-06 23:00,5232,218,8,23,6640.8,0.0,0.231,600.0,400.0
2026-08-07 00:00,5233,219,8,0,5887.4,0.0,0.141,600.0,400.0
2026-08-07 01:00,5234,219,8,1,6016.5,0.0,0.253,600.0,400.0
2026-08-07 02:00,5235,219,8,2,6113.5,0.0,0.205,600.0,400.0
2026-08-07 03:00,5236,219,8,3,6423.2,0.0,0.544,600.0,400.0
2026-08-07 04:00,5237,219,8,4,5958.6,0.0,0.488,600.0,400.0
2026-08-07 05:00,5238,219,8,5,6591.2,0.0,0.285,600.0,400.0
2026-08-07 06:00,5239,219,8,6,6810.2,0.061,0.404,600.0,400.0
2026-08-07 07:00,5240,219,8,7,7385.9,0.161,0.307,600.0,400.0
2026-08-07 08:00,5241,219,8,8,7575.2,0.268,0.173,600.0,400.0
2026-08-07 09:00,5242,219,8,9,7457.1,0.361,0.253,600.0,400.0
2026-08-07 10:00,5243,219,8,10,6687.1,0.445,0.139,600.0,400.0
2026-08-07 11:00,5244,219,8,11,5659.3,0.443,0.301,600.0,400.0
2026-08-07 12:00,5245,219,8,12,5100.0,0.415,0.068,600.0,400.0
2026-08-07 13:00,5246,219,8,13,5100.0,0.615,0.41,600.0,400.0
2026-08-07 14:00,5247,219,8,14,5200.5,0.527,0.31,600.0,400.0
2026-08-07 15:00,5248,219,8,15,6129.0,0.347,0.091,600.0,400.0
2026-08-07 16:00,5249,219,8,16,8040.5,0.215,0.514,600.0,400.0
2026-08-07 17:00,5250,219,8,17,8920.6,0.145,0.54,600.0,400.0
2026-08-07 18:00,5251,219,8,18,9349.4,0.074,0.532,600.0,400.0
2026-08-07 19:00,5252,219,8,19,9441.9,0.0,0.481,600.0,400.0
2026-08-07 20:00,5253,219,8,20,8839.8,0.0,0.425,600.0,400.0
2026-08-07 21:00,5254,219,8,21,7746.0,0.0,0.287,600.0,400.0
2026-08-07 22:00,5255,219,8,22,6992.4,0.0,0.157,600.0,400.0
2026-08-07 23:00,5256,219,8,23,6362.2,0.0,0.227,600.0,400.0
2026-08-08 00:00,5257,220,8,0,5526.8,0.0,0.243,600.0,400.0
2026-08-08 01:00,5258,220,8,1,5475.7,0.0,0.236,600.0,400.0
2026-08-08 02:00,5259,220,8,2,5339.7,0.0,0.303,600.0,400.0
2026-08-08 03:00,5260,220,8,3,5949.5,0.0,0.156,600.0,400.0
2026-08-08 04:00,5261,220,8,4,5909.0,0.0,0.14,600.0,400.0
2026-08-08 05:00,5262,220,8,5,5783.2,0.0,0.313,600.0,400.0
2026-08-08 06:00,5263,220,8,6,6303.4,0.045,0.03,600.0,400.0
2026-08-08 07:00,5264,220,8,7,6759.5,0.194,0.11,600.0,400.0
2026-08-08 08:00,5265,220,8,8,7195.7,0.301,0.199,600.0,400.0
2026-08-08 09:00,5266,220,8,9,6874.5,0.23,0.11,600.0,400.0
2026-08-08 10:00,5267,220,8,10,6237.3,0.388,0.47,600.0,400.0
2026-08-08 11:00,5268,220,8,11,5100.0,0.625,0.295,600.0,400.0
2026-08-08 12:00,5269,220,8,12,5100.0,0.553,0.225,600.0,400.0
2026-08-08 13:00,5270,220,8,13,5100.0,0.591,0.113,600.0,400.0
2026-08-08 14:00,5271,220,8,14,5102.2,0.418,0.234,600.0,400.0
2026-08-08 15:00,5272,220,8,15,6307.3,0.432,0.357,600.0,400.0
2026-08-08 16:00,5273,220,8,16,7112.9,0.273,0.66,600.0,400.0
2026-08-08 17:00,5274,220,8,17,8288.1,0.217,0.307,600.0,400.0
2026-08-08 18:00,5275,220,8,18,8712.7,0.068,0.422,600.0,400.0
2026-08-08 19:00,5276,220,8,19,8927.0,0.0,0.192,600.0,400.0
2026-08-08 20:00,5277,220,8,20,8000.8,0.0,0.396,600.0,400.0
2026-08-08 21:00,5278,220,8,21,7174.4,0.0,0.214,600.0,400.0
2026-08-08 22:00,5279,220,8,22,6457.5,0.0,0.19,600.0,400.0
2026-08-08 23:00,5280,220,8,23,6057.8,0.0,0.323,600.0,400.0
2026-08-09 00:00,5281,221,8,0,5475.2,0.0,0.184,600.0,400.0
2026-08-09 01:00,5282,221,8,1,5684.4,0.0,0.391,600.0,400.0
2026-08-09 02:00,5283,221,8,2,5749.3,0.0,0.536,600.0,400.0
2026-08-09 03:00,5284,221,8,3,5706.8,0.0,0.224,600.0,400.0
2026-08-09 04:00,5285,221,8,4,5952.6,0.0,0.188,600.0,400.0
2026-08-09 05:00,5286,221,8,5,5959.3,0.0,0.128,600.0,400.0
2026-08-09 06:00,5287,221,8,6,6050.1,0.062,0.193,600.0,400.0
2026-08-09 07:00,5288,221,8,7,6895.8,0.225,0.239,600.0,400.0
2026-08-09 08:00,5289,221,8,8,6893.3,0.24,0.181,600.0,400.0
2026-08-09 09:00,5290,221,8,9,7136.1,0.398,0.259,600.0,400.0
2026-08-09 10:00,5291,221,8,10,6299.3,0.479,0.28,600.0,400.0
2026-08-09 11:00,5292,221,8,11,5189.2,0.376,0.095,600.0,400.0
2026-08-09 12:00,5293,221,8,12,5100.0,0.575,0.321,600.0,400.0
2026-08-09 13:00,5294,221,8,13,5100.0,0.525,0.464,600.0,400.0
2026-08-09 14:00,5295,221,8,14,5100.0,0.498,0.059,600.0,400.0
2026-08-09 15:00,5296,221,8,15,5848.2,0.463,0.313,600.0,400.0
2026-08-09 16:00,5297,221,8,16,7297.4,0.351,0.352,600.0,400.0
2026-08-09 17:00,5298,221,8,17,8274.9,0.138,0.42,600.0,400.0
2026-08-09 18:00,5299,221,8,18,8864.8,0.038,0.277,600.0,400.0
2026-08-09 19:00,5300,221,8,19,8820.5,0.0,0.513,600.0,400.0
2026-08-09 20:00,5301,221,8,20,8177.7,0.0,0.355,600.0,400.0
2026-08-09 21:00,5302,221,8,21,7303.6,0.0,0.293,600.0,400.0
2026-08-09 22:00,5303,221,8,22,6698.6,0.0,0.438,600.0,400.0
2026-08-09 23:00,5304,221,8,23,6115.8,0.0,0.601,600.0,400.0
2026-08-10 00:00,5305,222,8,0,5970.2,0.0,0.466,600.0,400.0
2026-08-10 01:00,5306,222,8,1,6185.7,0.0,0.556,600.0,400.0
2026-08-10 02:00,5307,222,8,2,5998.6,0.0,0.189,600.0,400.0
2026-08-10 03:00,5308,222,8,3,5911.0,0.0,0.116,600.0,400.0
2026-08-10 04:00,5309,222,8,4,6015.7,0.0,0.26,600.0,400.0
2026-08-10 05:00,5310,222,8,5,6197.1,0.0,0.064,600.0,400.0
2026-08-10 06:00,5311,222,8,6,6692.8,0.066,0.285,600.0,400.0
2026-08-10 07:00,5312,222,8,7,7404.2,0.193,0.142,600.0,400.0
2026-08-10 08:00,5313,222,8,8,7417.6,0.277,0.205,600.0,400.0
2026-08-10 09:00,5314,222,8,9,7576.9,0.42,0.27,600.0,400.0
2026-08-10 10:00,5315,222,8,10,6416.8,0.539,0.221,600.0,400.0
2026-08-10 11:00,5316,222,8,11,5467.7,0.591,0.15,600.0,400.0
2026-08-10 12:00,5317,222,8,12,5100.0,0.57,0.422,600.0,400.0
2026-08-10 13:00,5318,222,8,13,5100.0,0.565,0.372,600.0,400.0
2026-08-10 14:00,5319,222,8,14,5216.0,0.524,0.317,600.0,400.0
2026-08-10 15:00,5320,222,8,15,6410.8,0.42,0.38,600.0,400.0
2026-08-10 16:00,5321,222,8,16,7884.4,0.263,0.271,600.0,400.0
2026-08-10 17:00,5322,222,8,17,8592.6,0.215,0.265,600.0,400.0
2026-08-10 18:00,5323,222,8,18,9602.6,0.066,0.17,600.0,400.0
2026-08-10 19:00,5324,222,8,19,9484.4,0.0,0.501,600.0,400.0
2026-08-10 20:00,5325,222,8,20,8871.5,0.0,0.282,600.0,400.0
2026-08-10 21:00,5326,222,8,21,7913.4,0.0,0.43,600.0,400.0
2026-08-10 22:00,5327,222,8,22,6979.7,0.0,0.239,600.0,400.0
2026-08-10 23:00,5328,222,8,23,6524.4,0.0,0.473,600.0,400.0
2026-08-11 00:00,5329,223,8,0,6071.0,0.0,0.128,600.0,400.0
2026-08-11 01:00,5330,223,8,1,5716.6,0.0,0.345,600.0,400.0
2026-08-11 02:00,5331,223,8,2,5916.6,0.0,0.419,600.0,400.0
2026-08-11 03:00,5332,223,8,3,5990.0,0.0,0.323,600.0,400.0
2026-08-11 04:00,5333,223,8,4,6161.7,0.0,0.321,600.0,400.0
2026-08-11 05:00,5334,223,8,5,6528.2,0.0,0.244,600.0,400.0
2026-08-11 06:00,5335,223,8,6,6596.4,0.077,0.245,600.0,400.0
2026-08-11 07:00,5336,223,8,7,7110.7,0.21,0.073,600.0,400.0
2026-08-11 08:00,5337,223,8,8,7448.0,0.313,0.144,600.0,400.0
2026-08-11 09:00,5338,223,8,9,7402.1,0.435,0.295,600.0,400.0
2026-08-11 10:00,5339,223,8,10,6449.8,0.472,0.448,600.0,400.0
2026-08-11 11:00,5340,223,8,11,5616.1,0.54,0.249,600.0,400.0
2026-08-11 12:00,5341,223,8,12,5100.0,0.551,0.333,600.0,400.0
2026-08-11 13:00,5342,223,8,13,5100.0,0.533,0.333,600.0,400.0
2026-08-11 14:00,5343,223,8,14,5100.0,0.391,0.856,600.0,400.0
2026-08-11 15:00,5344,223,8,15,6214.9,0.456,0.433,600.0,400.0
2026-08-11 16:00,5345,223,8,16,7773.8,0.38,0.363,600.0,400.0
2026-08-11 17:00,5346,223,8,17,9027.3,0.163,0.14,600.0,400.0
2026-08-11 18:00,5347,223,8,18,9357.8,0.08,0.267,600.0,400.0
2026-08-11 19:00,5348,223,8,19,9070.4,0.0,0.22,600.0,400.0
2026-08-11 20:00,5349,223,8,20,8492.6,0.0,0.546,600.0,400.0
2026-08-11 21:00,5350,223,8,21,7895.4,0.0,0.31,600.0,400.0
2026-08-11 22:00,5351,223,8,22,7138.6,0.0,0.344,600.0,400.0
2026-08-11 23:00,5352,223,8,23,6530.0,0.0,0.675,600.0,400.0
2026-08-12 00:00,5353,224,8,0,6004.6,0.0,0.484,600.0,400.0
2026-08-12 01:00,5354,224,8,1,6165.0,0.0,0.43,600.0,400.0
2026-08-12 02:00,5355,224,8,2,5899.3,0.0,0.135,600.0,400.0
2026-08-12 03:00,5356,224,8,3,6156.9,0.0,0.052,600.0,400.0
2026-08-12 04:00,5357,224,8,4,5842.5,0.0,0.113,600.0,400.0
2026-08-12 05:00,5358,224,8,5,6175.4,0.0,0.323,600.0,400.0
2026-08-12 06:00,5359,224,8,6,6413.7,0.07,0.199,600.0,400.0
2026-08-12 07:00,5360,224,8,7,7129.3,0.183,0.097,600.0,400.0
2026-08-12 08:00,5361,224,8,8,7505.5,0.252,0.299,600.0,400.0
2026-08-12 09:00,5362,224,8,9,7531.5,0.47,0.127,600.0,400.0
2026-08-12 10:00,5363,224,8,10,6498.2,0.483,0.255,600.0,400.0
2026-08-12 11:00,5364,224,8,11,5327.2,0.389,0.324,600.0,400.0
2026-08-12 12:00,5365,224,8,12,5100.0,0.61,0.286,600.0,400.0
2026-08-12 13:00,5366,224,8,13,5100.0,0.528,0.675,600.0,400.0
2026-08-12 14:00,5367,224,8,14,5428.3,0.439,0.252,600.0,400.0
2026-08-12 15:00,5368,224,8,15,6235.6,0.495,0.218,600.0,400.0
2026-08-12 16:00,5369,224,8,16,7725.3,0.175,0.179,600.0,400.0
2026-08-12 17:00,5370,224,8,17,8987.6,0.238,0.32,600.0,400.0
2026-08-12 18:00,5371,224,8,18,9174.7,0.032,0.532,600.0,400.0
2026-08-12 19:00,5372,224,8,19,9213.2,0.0,0.664,600.0,400.0
2026-08-12 20:00,5373,224,8,20,8608.7,0.0,0.734,600.0,400.0
2026-08-12 21:00,5374,224,8,21,7853.1,0.0,0.348,600.0,400.0
2026-08-12 22:00,5375,224,8,22,7086.4,0.0,0.377,600.0,400.0
2026-08-12 23:00,5376,224,8,23,6567.7,0.0,0.355,600.0,400.0
2026-08-13 00:00,5377,225,8,0,6371.6,0.0,0.292,600.0,400.0
2026-08-13 01:00,5378,225,8,1,5601.4,0.0,0.148,600.0,400.0
2026-08-13 02:00,5379,225,8,2,6065.3,0.0,0.092,600.0,400.0
2026-08-13 03:00,5380,225,8,3,5906.8,0.0,0.239,600.0,400.0
2026-08-13 04:00,5381,225,8,4,5992.1,0.0,0.139,600.0,400.0
2026-08-13 05:00,5382,225,8,5,6203.3,0.0,0.406,600.0,400.0
2026-08-13 06:00,5383,225,8,6,6539.7,0.065,0.32,600.0,400.0
2026-08-13 07:00,5384,225,8,7,7425.1,0.188,0.258,600.0,400.0
2026-08-13 08:00,5385,225,8,8,7630.0,0.342,0.062,600.0,400.0
2026-08-13 09:00,5386,225,8,9,7499.2,0.493,0.259,600.0,400.0
2026-08-13 10:00,5387,225,8,10,6686.7,0.538,0.266,600.0,400.0
2026-08-13 11:00,5388,225,8,11,5215.8,0.412,0.216,600.0,400.0
2026-08-13 12:00,5389,225,8,12,5100.0,0.469,0.305,600.0,400.0
2026-08-13 13:00,5390,225,8,13,5100.0,0.405,0.429,600.0,400.0
2026-08-13 14:00,5391,225,8,14,5100.0,0.45,0.39,600.0,400.0
2026-08-13 15:00,5392,225,8,15,6288.8,0.45,0.282,600.0,400.0
2026-08-13 16:00,5393,225,8,16,7796.1,0.349,0.207,600.0,400.0
2026-08-13 17:00,5394,225,8,17,8730.4,0.16,0.309,600.0,400.0
2026-08-13 18:00,5395,225,8,18,9118.3,0.054,0.65,600.0,400.0
2026-08-13 19:00,5396,225,8,19,9491.4,0.0,0.514,600.0,400.0
2026-08-13 20:00,5397,225,8,20,8793.0,0.0,0.072,600.0,400.0
2026-08-13 21:00,5398,225,8,21,7954.3,0.0,0.487,600.0,400.0
2026-08-13 22:00,5399,225,8,22,6690.6,0.0,0.176,600.0,400.0
2026-08-13 23:00,5400,225,8,23,6478.0,0.0,0.351,600.0,400.0
2026-08-14 00:00,5401,226,8,0,5751.7,0.0,0.462,600.0,400.0
2026-08-14 01:00,5402,226,8,1,5879.4,0.0,0.317,600.0,400.0
2026-08-14 02:00,5403,226,8,2,6035.1,0.0,0.241,600.0,400.0
2026-08-14 03:00,5404,226,8,3,5992.3,0.0,0.199,600.0,400.0
2026-08-14 04:00,5405,226,8,4,5931.4,0.0,0.182,600.0,400.0
2026-08-14 05:00,5406,226,8,5,6285.2,0.0,0.373,600.0,400.0
2026-08-14 06:00,5407,226,8,6,6421.7,0.047,0.351,600.0,400.0
2026-08-14 07:00,5408,226,8,7,7321.3,0.133,0.341,600.0,400.0
2026-08-14 08:00,5409,226,8,8,7444.1,0.257,0.154,600.0,400.0
2026-08-14 09:00,5410,226,8,9,7656.2,0.317,0.329,600.0,400.0
2026-08-14 10:00,5411,226,8,10,6367.9,0.492,0.056,600.0,400.0
2026-08-14 11:00,5412,226,8,11,5355.7,0.605,0.14,600.0,400.0
2026-08-14 12:00,5413,226,8,12,5100.0,0.515,0.253,600.0,400.0
2026-08-14 13:00,5414,226,8,13,5100.0,0.583,0.229,600.0,400.0
2026-08-14 14:00,5415,226,8,14,5100.0,0.386,0.12,600.0,400.0
2026-08-14 15:00,5416,226,8,15,6344.2,0.278,0.077,600.0,400.0
2026-08-14 16:00,5417,226,8,16,7693.8,0.264,0.355,600.0,400.0
2026-08-14 17:00,5418,226,8,17,8362.5,0.184,0.238,600.0,400.0
2026-08-14 18:00,5419,226,8,18,9222.4,0.079,0.055,600.0,400.0
2026-08-14 19:00,5420,226,8,19,9142.9,0.0,0.303,600.0,400.0
2026-08-14 20:00,5421,226,8,20,8729.7,0.0,0.248,600.0,400.0
2026-08-14 21:00,5422,226,8,21,7618.8,0.0,0.37,600.0,400.0
2026-08-14 22:00,5423,226,8,22,7116.9,0.0,0.622,600.0,400.0
2026-08-14 23:00,5424,226,8,23,6391.6,0.0,0.236,600.0,400.0
2026-08-15 00:00,5425,227,8,0,5445.2,0.0,0.847,600.0,400.0
2026-08-15 01:00,5426,227,8,1,5579.7,0.0,0.111,600.0,400.0
2026-08-15 02:00,5427,227,8,2,5635.1,0.0,0.106,600.0,400.0
2026-08-15 03:00,5428,227,8,3,5503.5,0.0,0.347,600.0,400.0
2026-08-15 04:00,5429,227,8,4,5466.0,0.0,0.344,600.0,400.0
2026-08-15 05:00,5430,227,8,5,5504.8,0.0,0.211,600.0,400.0
2026-08-15 06:00,5431,227,8,6,6030.9,0.055,0.16,600.0,400.0
2026-08-15 07:00,5432,227,8,7,6474.7,0.215,0.326,600.0,400.0
2026-08-15 08:00,5433,227,8,8,6903.1,0.322,0.448,600.0,400.0
2026-08-15 09:00,5434,227,8,9,6831.0,0.369,0.542,600.0,400.0
2026-08-15 10:00,5435,227,8,10,6053.3,0.495,0.27,600.0,400.0
2026-08-15 11:00,5436,227,8,11,5100.0,0.426,0.323,600.0,400.0
2026-08-15 12:00,5437,227,8,12,5100.0,0.572,0.383,600.0,400.0
2026-08-15 13:00,5438,227,8,13,5100.0,0.411,0.391,600.0,400.0
2026-08-15 14:00,5439,227,8,14,5100.0,0.477,0.711,600.0,400.0
2026-08-15 15:00,5440,227,8,15,5740.8,0.422,0.444,600.0,400.0
2026-08-15 16:00,5441,227,8,16,7048.0,0.377,0.38,600.0,400.0
2026-08-15 17:00,5442,227,8,17,7894.0,0.239,0.265,600.0,400.0
2026-08-15 18:00,5443,227,8,18,8444.4,0.033,0.374,600.0,400.0
2026-08-15 19:00,5444,227,8,19,8510.8,0.0,0.569,600.0,400.0
2026-08-15 20:00,5445,227,8,20,8159.2,0.0,0.247,600.0,400.0
2026-08-15 21:00,5446,227,8,21,7159.9,0.0,0.076,600.0,400.0
2026-08-15 22:00,5447,227,8,22,6205.0,0.0,0.251,600.0,400.0
2026-08-15 23:00,5448,227,8,23,6185.3,0.0,0.663,600.0,400.0
2026-08-16 00:00,5449,228,8,0,5505.5,0.0,0.454,600.0,400.0
2026-08-16 01:00,5450,228,8,1,5230.3,0.0,0.165,600.0,400.0
2026-08-16 02:00,5451,228,8,2,5390.9,0.0,0.04,600.0,400.0
2026-08-16 03:00,5452,228,8,3,5505.1,0.0,0.327,600.0,400.0
2026-08-16 04:00,5453,228,8,4,5842.8,0.0,0.275,600.0,400.0
2026-08-16 05:00,5454,228,8,5,5592.0,0.0,0.088,600.0,400.0
2026-08-16 06:00,5455,228,8,6,6277.5,0.077,0.481,600.0,400.0
2026-08-16 07:00,5456,228,8,7,6778.1,0.16,0.258,600.0,400.0
2026-08-16 08:00,5457,228,8,8,6766.0,0.279,0.267,600.0,400.0
2026-08-16 09:00,5458,228,8,9,6822.5,0.262,0.358,600.0,400.0
2026-08-16 10:00,5459,228,8,10,5758.1,0.592,0.176,600.0,400.0
2026-08-16 11:00,5460,228,8,11,5100.0,0.442,0.255,600.0,400.0
2026-08-16 12:00,5461,228,8,12,5100.0,0.595,0.274,600.0,400.0
2026-08-16 13:00,5462,228,8,13,5100.0,0.511,0.56,600.0,400.0
2026-08-16 14:00,5463,228,8,14,5100.0,0.183,0.13,600.0,400.0
2026-08-16 15:00,5464,228,8,15,5607.5,0.431,0.412,600.0,400.0
2026-08-16 16:00,5465,228,8,16,6803.5,0.362,0.339,600.0,400.0
2026-08-16 17:00,5466,228,8,17,7962.6,0.209,0.511,600.0,400.0
2026-08-16 18:00,5467,228,8,18,8595.4,0.059,0.515,600.0,400.0
2026-08-16 19:00,5468,228,8,19,8604.1,0.0,0.049,600.0,400.0
2026-08-16 20:00,5469,228,8,20,7954.0,0.0,0.224,600.0,400.0
2026-08-16 21:00,5470,228,8,21,7186.1,0.0,0.185,600.0,400.0
2026-08-16 22:00,5471,228,8,22,6637.4,0.0,0.311,600.0,400.0
2026-08-16 23:00,5472,228,8,23,5940.3,0.0,0.571,600.0,400.0
2026-08-17 00:00,5473,229,8,0,5824.1,0.0,0.03,600.0,400.0
2026-08-17 01:00,5474,229,8,1,5805.0,0.0,0.288,600.0,400.0
2026-08-17 02:00,5475,229,8,2,5864.5,0.0,0.476,600.0,400.0
2026-08-17 03:00,5476,229,8,3,6181.6,0.0,0.492,600.0,400.0
2026-08-17 04:00,5477,229,8,4,5980.3,0.0,0.305,600.0,400.0
2026-08-17 05:00,5478,229,8,5,6223.0,0.0,0.368,600.0,400.0
2026-08-17 06:00,5479,229,8,6,6531.7,0.053,0.172,600.0,400.0
2026-08-17 07:00,5480,229,8,7,7255.1,0.173,0.156,600.0,400.0
2026-08-17 08:00,5481,229,8,8,7732.5,0.377,0.063,600.0,400.0
2026-08-17 09:00,5482,229,8,9,7491.4,0.405,0.221,600.0,400.0
2026-08-17 10:00,5483,229,8,10,6407.4,0.454,0.213,600.0,400.0
2026-08-17 11:00,5484,229,8,11,5387.2,0.42,0.195,600.0,400.0
2026-08-17 12:00,5485,229,8,12,5100.0,0.622,0.108,600.0,400.0
2026-08-17 13:00,5486,229,8,13,5100.0,0.558,0.165,600.0,400.0
2026-08-17 14:00,5487,229,8,14,5128.6,0.387,0.163,600.0,400.0
2026-08-17 15:00,5488,229,8,15,6240.1,0.475,0.576,600.0,400.0
2026-08-17 16:00,5489,229,8,16,7563.0,0.291,0.653,600.0,400.0
2026-08-17 17:00,5490,229,8,17,8529.2,0.189,0.03,600.0,400.0
2026-08-17 18:00,5491,229,8,18,9151.8,0.072,0.176,600.0,400.0
2026-08-17 19:00,5492,229,8,19,9395.7,0.0,0.578,600.0,400.0
2026-08-17 20:00,5493,229,8,20,8567.5,0.0,0.085,600.0,400.0
2026-08-17 21:00,5494,229,8,21,8054.5,0.0,0.657,600.0,400.0
2026-08-17 22:00,5495,229,8,22,6959.6,0.0,0.275,600.0,400.0
2026-08-17 23:00,5496,229,8,23,6132.7,0.0,0.336,600.0,400.0
2026-08-18 00:00,5497,230,8,0,5843.1,0.0,0.435,600.0,400.0
2026-08-18 01:00,5498,230,8,1,5760.6,0.0,0.19,600.0,400.0
2026-08-18 02:00,5499,230,8,2,5520.4,0.0,0.113,600.0,400.0
2026-08-18 03:00,5500,230,8,3,6155.5,0.0,0.397,600.0,400.0
2026-08-18 04:00,5501,230,8,4,6102.0,0.0,0.583,600.0,400.0
2026-08-18 05:00,5502,230,8,5,6291.4,0.0,0.29,600.0,400.0
2026-08-18 06:00,5503,230,8,6,6615.2,0.07,0.351,600.0,400.0
2026-08-18 07:00,5504,230,8,7,6838.0,0.197,0.431,600.0,400.0
2026-08-18 08:00,5505,230,8,8,7321.4,0.364,0.137,600.0,400.0
2026-08-18 09:00,5506,230,8,9,7533.8,0.388,0.176,600.0,400.0
2026-08-18 10:00,5507,230,8,10,6205.8,0.343,0.138,600.0,400.0
2026-08-18 11:00,5508,230,8,11,5100.0,0.447,0.076,600.0,400.0
2026-08-18 12:00,5509,230,8,12,5100.0,0.417,0.336,600.0,400.0
2026-08-18 13:00,5510,230,8,13,5100.0,0.566,0.129,600.0,400.0
2026-08-18 14:00,5511,230,8,14,5106.7,0.544,0.109,600.0,400.0
2026-08-18 15:00,5512,230,8,15,6264.0,0.487,0.236,600.0,400.0
2026-08-18 16:00,5513,230,8,16,7751.7,0.265,0.097,600.0,400.0
2026-08-18 17:00,5514,230,8,17,8601.5,0.216,0.175,600.0,400.0
2026-08-18 18:00,5515,230,8,18,9375.4,0.053,0.112,600.0,400.0
2026-08-18 19:00,5516,230,8,19,8954.6,0.0,0.566,600.0,400.0
2026-08-18 20:00,5517,230,8,20,8675.4,0.0,0.487,600.0,400.0
2026-08-18 21:00,5518,230,8,21,7790.9,0.0,0.548,600.0,400.0
2026-08-18 22:00,5519,230,8,22,6665.2,0.0,0.547,600.0,400.0
2026-08-18 23:00,5520,230,8,23,6072.1,0.0,0.629,600.0,400.0
2026-08-19 00:00,5521,231,8,0,5723.8,0.0,0.172,600.0,400.0
2026-08-19 01:00,5522,231,8,1,5738.5,0.0,0.518,600.0,400.0
2026-08-19 02:00,5523,231,8,2,5971.6,0.0,0.287,600.0,400.0
2026-08-19 03:00,5524,231,8,3,5780.8,0.0,0.138,600.0,400.0
2026-08-19 04:00,5525,231,8,4,5832.0,0.0,0.304,600.0,400.0
2026-08-19 05:00,5526,231,8,5,6087.7,0.0,0.18,600.0,400.0
2026-08-19 06:00,5527,231,8,6,6747.2,0.058,0.063,600.0,400.0
2026-08-19 07:00,5528,231,8,7,7040.7,0.195,0.08,600.0,400.0
2026-08-19 08:00,5529,231,8,8,7349.6,0.372,0.196,600.0,400.0
2026-08-19 09:00,5530,231,8,9,7361.0,0.299,0.343,600.0,400.0
2026-08-19 10:00,5531,231,8,10,6560.2,0.407,0.168,600.0,400.0
2026-08-19 11:00,5532,231,8,11,5220.6,0.544,0.335,600.0,400.0
2026-08-19 12:00,5533,231,8,12,5100.0,0.579,0.076,600.0,400.0
2026-08-19 13:00,5534,231,8,13,5100.0,0.541,0.224,600.0,400.0
2026-08-19 14:00,5535,231,8,14,5100.0,0.42,0.128,600.0,400.0
2026-08-19 15:00,5536,231,8,15,6523.0,0.368,0.483,600.0,400.0
2026-08-19 16:00,5537,231,8,16,7453.2,0.228,0.657,600.0,400.0
2026-08-19 17:00,5538,231,8,17,8472.3,0.209,0.244,600.0,400.0
2026-08-19 18:00,5539,231,8,18,8952.9,0.073,0.799,600.0,400.0
2026-08-19 19:00,5540,231,8,19,9314.9,0.0,0.466,600.0,400.0
2026-08-19 20:00,5541,231,8,20,8830.9,0.0,0.03,600.0,400.0
2026-08-19 21:00,5542,231,8,21,7926.7,0.0,0.327,600.0,400.0
2026-08-19 22:00,5543,231,8,22,7031.7,0.0,0.516,600.0,400.0
2026-08-19 23:00,5544,231,8,23,6256.4,0.0,0.334,600.0,400.0
2026-08-20 00:00,5545,232,8,0,5764.0,0.0,0.328,600.0,400.0
2026-08-20 01:00,5546,232,8,1,5556.3,0.0,0.272,600.0,400.0
2026-08-20 02:00,5547,232,8,2,6156.0,0.0,0.238,600.0,400.0
2026-08-20 03:00,5548,232,8,3,5933.4,0.0,0.057,600.0,400.0
2026-08-20 04:00,5549,232,8,4,5869.5,0.0,0.291,600.0,400.0
2026-08-20 05:00,5550,232,8,5,6377.3,0.0,0.335,600.0,400.0
2026-08-20 06:00,5551,232,8,6,6391.8,0.054,0.333,600.0,400.0
2026-08-20 07:00,5552,232,8,7,7083.0,0.181,0.26,600.0,400.0
2026-08-20 08:00,5553,232,8,8,7329.9,0.27,0.172,600.0,400.0
2026-08-20 09:00,5554,232,8,9,7460.0,0.425,0.043,600.0,400.0
2026-08-20 10:00,5555,232,8,10,6322.5,0.314,0.397,600.0,400.0
2026-08-20 11:00,5556,232,8,11,5100.0,0.359,0.213,600.0,400.0
2026-08-20 12:00,5557,232,8,12,5100.0,0.572,0.283,600.0,400.0
2026-08-20 13:00,5558,232,8,13,5100.0,0.525,0.15,600.0,400.0
2026-08-20 14:00,5559,232,8,14,5100.0,0.548,0.135,600.0,400.0
2026-08-20 15:00,5560,232,8,15,6222.0,0.286,0.111,600.0,400.0
2026-08-20 16:00,5561,232,8,16,7426.8,0.296,0.457,600.0,400.0
2026-08-20 17:00,5562,232,8,17,8493.2,0.184,0.387,600.0,400.0
2026-08-20 18:00,5563,232,8,18,9015.7,0.08,0.385,600.0,400.0
2026-08-20 19:00,5564,232,8,19,9246.5,0.0,0.617,600.0,400.0
2026-08-20 20:00,5565,232,8,20,8531.3,0.0,0.173,600.0,400.0
2026-08-20 21:00,5566,232,8,21,7738.4,0.0,0.179,600.0,400.0
2026-08-20 22:00,5567,232,8,22,6982.0,0.0,0.186,600.0,400.0
2026-08-20 23:00,5568,232,8,23,6373.8,0.0,0.286,600.0,400.0
2026-08-21 00:00,5569,233,8,0,5845.2,0.0,0.517,600.0,400.0
2026-08-21 01:00,5570,233,8,1,5643.0,0.0,0.499,600.0,400.0
2026-08-21 02:00,5571,233,8,2,5808.9,0.0,0.313,600.0,400.0
2026-08-21 03:00,5572,233,8,3,5752.1,0.0,0.323,600.0,400.0
2026-08-21 04:00,5573,233,8,4,5872.3,0.0,0.437,600.0,400.0
2026-08-21 05:00,5574,233,8,5,6083.9,0.0,0.278,600.0,400.0
2026-08-21 06:00,5575,233,8,6,6369.7,0.076,0.142,600.0,400.0
2026-08-21 07:00,5576,233,8,7,6683.8,0.182,0.289,600.0,400.0
2026-08-21 08:00,5577,233,8,8,7229.7,0.172,0.312,600.0,400.0
2026-08-21 09:00,5578,233,8,9,7367.8,0.282,0.263,600.0,400.0
2026-08-21 10:00,5579,233,8,10,6096.1,0.6,0.156,600.0,400.0
2026-08-21 11:00,5580,233,8,11,5301.1,0.665,0.204,600.0,400.0
2026-08-21 12:00,5581,233,8,12,5100.0,0.582,0.238,600.0,400.0
2026-08-21 13:00,5582,233,8,13,5100.0,0.592,0.129,600.0,400.0
2026-08-21 14:00,5583,233,8,14,5279.8,0.362,0.259,600.0,400.0
2026-08-21 15:00,5584,233,8,15,6135.5,0.46,0.152,600.0,400.0
2026-08-21 16:00,5585,233,8,16,7752.7,0.358,0.306,600.0,400.0
2026-08-21 17:00,5586,233,8,17,8349.8,0.2,0.093,600.0,400.0
2026-08-21 18:00,5587,233,8,18,8977.8,0.069,0.656,600.0,400.0
2026-08-21 19:00,5588,233,8,19,8652.8,0.0,0.218,600.0,400.0
2026-08-21 20:00,5589,233,8,20,8681.3,0.0,0.321,600.0,400.0
2026-08-21 21:00,5590,233,8,21,7842.7,0.0,0.079,600.0,400.0
2026-08-21 22:00,5591,233,8,22,6691.2,0.0,0.187,600.0,400.0
2026-08-21 23:00,5592,233,8,23,6197.4,0.0,0.411,600.0,400.0
2026-08-22 00:00,5593,234,8,0,5210.5,0.0,0.132,600.0,400.0
2026-08-22 01:00,5594,234,8,1,5393.5,0.0,0.346,600.0,400.0
2026-08-22 02:00,5595,234,8,2,5518.4,0.0,0.03,600.0,400.0
2026-08-22 03:00,5596,234,8,3,5100.0,0.0,0.249,600.0,400.0
2026-08-22 04:00,5597,234,8,4,5512.4,0.0,0.332,600.0,400.0
2026-08-22 05:00,5598,234,8,5,5601.9,0.0,0.443,600.0,400.0
2026-08-22 06:00,5599,234,8,6,6016.3,0.058,0.224,600.0,400.0
2026-08-22 07:00,5600,234,8,7,6504.4,0.23,0.35,600.0,400.0
2026-08-22 08:00,5601,234,8,8,6713.4,0.35,0.327,600.0,400.0
2026-08-22 09:00,5602,234,8,9,6727.2,0.383,0.159,600.0,400.0
2026-08-22 10:00,5603,234,8,10,5766.4,0.41,0.382,600.0,400.0
2026-08-22 11:00,5604,234,8,11,5100.0,0.53,0.283,600.0,400.0
2026-08-22 12:00,5605,234,8,12,5100.0,0.532,0.103,600.0,400.0
2026-08-22 13:00,5606,234,8,13,5100.0,0.263,0.509,600.0,400.0
2026-08-22 14:00,5607,234,8,14,5100.0,0.453,0.151,600.0,400.0
2026-08-22 15:00,5608,234,8,15,5519.0,0.395,0.281,600.0,400.0
2026-08-22 16:00,5609,234,8,16,7096.1,0.362,0.292,600.0,400.0
2026-08-22 17:00,5610,234,8,17,7785.0,0.231,0.376,600.0,400.0
2026-08-22 18:00,5611,234,8,18,8449.7,0.053,0.408,600.0,400.0
2026-08-22 19:00,5612,234,8,19,8635.8,0.0,0.211,600.0,400.0
2026-08-22 20:00,5613,234,8,20,7968.1,0.0,0.269,600.0,400.0
2026-08-22 21:00,5614,234,8,21,6994.0,0.0,0.164,600.0,400.0
2026-08-22 22:00,5615,234,8,22,6147.2,0.0,0.15,600.0,400.0
2026-08-22 23:00,5616,234,8,23,5323.0,0.0,0.494,600.0,400.0
2026-08-23 00:00,5617,235,8,0,5283.2,0.0,0.427,600.0,400.0
2026-08-23 01:00,5618,235,8,1,5259.1,0.0,0.27,600.0,400.0
2026-08-23 02:00,5619,235,8,2,5379.8,0.0,0.111,600.0,400.0
2026-08-23 03:00,5620,235,8,3,5318.5,0.0,0.244,600.0,400.0
2026-08-23 04:00,5621,235,8,4,5374.6,0.0,0.179,600.0,400.0
2026-08-23 05:00,5622,235,8,5,5340.4,0.0,0.341,600.0,400.0
2026-08-23 06:00,5623,235,8,6,5826.8,0.055,0.091,600.0,400.0
2026-08-23 07:00,5624,235,8,7,6486.2,0.115,0.206,600.0,400.0
2026-08-23 08:00,5625,235,8,8,6997.0,0.324,0.247,600.0,400.0
2026-08-23 09:00,5626,235,8,9,6707.1,0.407,0.523,600.0,400.0
2026-08-23 10:00,5627,235,8,10,5832.0,0.413,0.087,600.0,400.0
2026-08-23 11:00,5628,235,8,11,5100.0,0.422,0.103,600.0,400.0
2026-08-23 12:00,5629,235,8,12,5100.0,0.516,0.599,600.0,400.0
2026-08-23 13:00,5630,235,8,13,5100.0,0.53,0.228,600.0,400.0
2026-08-23 14:00,5631,235,8,14,5100.0,0.296,0.382,600.0,400.0
2026-08-23 15:00,5632,235,8,15,5692.8,0.466,0.426,600.0,400.0
2026-08-23 16:00,5633,235,8,16,6948.2,0.308,0.23,600.0,400.0
2026-08-23 17:00,5634,235,8,17,7794.8,0.172,0.193,600.0,400.0
2026-08-23 18:00,5635,235,8,18,8184.0,0.078,0.228,600.0,400.0
2026-08-23 19:00,5636,235,8,19,8430.2,0.0,0.474,600.0,400.0
2026-08-23 20:00,5637,235,8,20,8100.5,0.0,0.534,600.0,400.0
2026-08-23 21:00,5638,235,8,21,6785.9,0.0,0.434,600.0,400.0
2026-08-23 22:00,5639,235,8,22,6146.3,0.0,0.302,600.0,400.0
2026-08-23 23:00,5640,235,8,23,5743.4,0.0,0.215,600.0,400.0
2026-08-24 00:00,5641,236,8,0,5864.3,0.0,0.275,600.0,400.0
2026-08-24 01:00,5642,236,8,1,5650.2,0.0,0.534,600.0,400.0
2026-08-24 02:00,5643,236,8,2,5293.1,0.0,0.458,600.0,400.0
2026-08-24 03:00,5644,236,8,3,5991.9,0.0,0.199,600.0,400.0
2026-08-24 04:00,5645,236,8,4,5986.0,0.0,0.19,600.0,400.0
2026-08-24 05:00,5646,236,8,5,5802.0,0.0,0.342,600.0,400.0
2026-08-24 06:00,5647,236,8,6,6366.3,0.075,0.204,600.0,400.0
2026-08-24 07:00,5648,236,8,7,7184.9,0.182,0.243,600.0,400.0
2026-08-24 08:00,5649,236,8,8,7505.3,0.324,0.195,600.0,400.0
2026-08-24 09:00,5650,236,8,9,7424.1,0.416,0.143,600.0,400.0
2026-08-24 10:00,5651,236,8,10,6220.5,0.526,0.128,600.0,400.0
2026-08-24 11:00,5652,236,8,11,5248.6,0.455,0.114,600.0,400.0
2026-08-24 12:00,5653,236,8,12,5100.0,0.211,0.035,600.0,400.0
2026-08-24 13:00,5654,236,8,13,5100.0,0.579,0.184,600.0,400.0
2026-08-24 14:00,5655,236,8,14,5100.0,0.489,0.149,600.0,400.0
2026-08-24 15:00,5656,236,8,15,5868.5,0.432,0.196,600.0,400.0
2026-08-24 16:00,5657,236,8,16,7642.7,0.174,0.109,600.0,400.0
2026-08-24 17:00,5658,236,8,17,8362.9,0.226,0.25,600.0,400.0
2026-08-24 18:00,5659,236,8,18,9196.9,0.076,0.337,600.0,400.0
2026-08-24 19:00,5660,236,8,19,8875.6,0.0,0.659,600.0,400.0
2026-08-24 20:00,5661,236,8,20,8378.2,0.0,0.267,600.0,400.0
2026-08-24 21:00,5662,236,8,21,7353.0,0.0,0.077,600.0,400.0
2026-08-24 22:00,5663,236,8,22,6696.0,0.0,0.267,600.0,400.0
2026-08-24 23:00,5664,236,8,23,5926.0,0.0,0.489,600.0,400.0
2026-08-25 00:00,5665,237,8,0,5639.8,0.0,0.24,600.0,400.0
2026-08-25 01:00,5666,237,8,1,5489.2,0.0,0.21,600.0,400.0
2026-08-25 02:00,5667,237,8,2,5836.7,0.0,0.512,600.0,400.0
2026-08-25 03:00,5668,237,8,3,5868.4,0.0,0.19,600.0,400.0
2026-08-25 04:00,5669,237,8,4,5566.8,0.0,0.537,600.0,400.0
2026-08-25 05:00,5670,237,8,5,6273.6,0.0,0.37,600.0,400.0
2026-08-25 06:00,5671,237,8,6,6842.4,0.057,0.288,600.0,400.0
2026-08-25 07:00,5672,237,8,7,6920.7,0.196,0.251,600.0,400.0
2026-08-25 08:00,5673,237,8,8,7150.4,0.341,0.136,600.0,400.0
2026-08-25 09:00,5674,237,8,9,7705.1,0.49,0.298,600.0,400.0
2026-08-25 10:00,5675,237,8,10,6017.0,0.353,0.18,600.0,400.0
2026-08-25 11:00,5676,237,8,11,5217.8,0.642,0.231,600.0,400.0
2026-08-25 12:00,5677,237,8,12,5100.0,0.345,0.103,600.0,400.0
2026-08-25 13:00,5678,237,8,13,5100.0,0.545,0.189,600.0,400.0
2026-08-25 14:00,5679,237,8,14,5100.0,0.445,0.288,600.0,400.0
2026-08-25 15:00,5680,237,8,15,5892.8,0.398,0.28,600.0,400.0
2026-08-25 16:00,5681,237,8,16,7301.0,0.286,0.242,600.0,400.0
2026-08-25 17:00,5682,237,8,17,8283.9,0.18,0.307,600.0,400.0
2026-08-25 18:00,5683,237,8,18,8781.0,0.037,0.453,600.0,400.0
2026-08-25 19:00,5684,237,8,19,8955.3,0.0,0.315,600.0,400.0
2026-08-25 20:00,5685,237,8,20,8262.4,0.0,0.339,600.0,400.0
2026-08-25 21:00,5686,237,8,21,7230.1,0.0,0.435,600.0,400.0
2026-08-25 22:00,5687,237,8,22,6867.8,0.0,0.523,600.0,400.0
2026-08-25 23:00,5688,237,8,23,6058.2,0.0,0.331,600.0,400.0
2026-08-26 00:00,5689,238,8,0,5494.7,0.0,0.612,600.0,400.0
2026-08-26 01:00,5690,238,8,1,5671.9,0.0,0.234,600.0,400.0
2026-08-26 02:00,5691,238,8,2,5716.4,0.0,0.183,600.0,400.0
2026-08-26 03:00,5692,238,8,3,5454.1,0.0,0.338,600.0,400.0
2026-08-26 04:00,5693,238,8,4,5876.5,0.0,0.135,600.0,400.0
2026-08-26 05:00,5694,238,8,5,5872.4,0.0,0.417,600.0,400.0
2026-08-26 06:00,5695,238,8,6,6696.4,0.081,0.192,600.0,400.0
2026-08-26 07:00,5696,238,8,7,6976.9,0.129,0.286,600.0,400.0
2026-08-26 08:00,5697,238,8,8,7168.7,0.314,0.24,600.0,400.0
2026-08-26 09:00,5698,238,8,9,7113.7,0.427,0.066,600.0,400.0
2026-08-26 10:00,5699,238,8,10,6190.9,0.595,0.298,600.0,400.0
2026-08-26 11:00,5700,238,8,11,5292.3,0.657,0.347,600.0,400.0
2026-08-26 12:00,5701,238,8,12,5100.0,0.478,0.574,600.0,400.0
2026-08-26 13:00,5702,238,8,13,5100.0,0.5,0.232,600.0,400.0
2026-08-26 14:00,5703,238,8,14,5100.0,0.513,0.278,600.0,400.0
2026-08-26 15:00,5704,238,8,15,5851.7,0.382,0.493,600.0,400.0
2026-08-26 16:00,5705,238,8,16,7370.9,0.294,0.21,600.0,400.0
2026-08-26 17:00,5706,238,8,17,7974.1,0.196,0.18,600.0,400.0
2026-08-26 18:00,5707,238,8,18,9064.2,0.058,0.155,600.0,400.0
2026-08-26 19:00,5708,238,8,19,8960.7,0.0,0.753,600.0,400.0
2026-08-26 20:00,5709,238,8,20,8195.3,0.0,0.231,600.0,400.0
2026-08-26 21:00,5710,238,8,21,7742.2,0.0,0.469,600.0,400.0
2026-08-26 22:00,5711,238,8,22,6653.6,0.0,0.306,600.0,400.0
2026-08-26 23:00,5712,238,8,23,5947.7,0.0,0.205,600.0,400.0
2026-08-27 00:00,5713,239,8,0,5815.0,0.0,0.559,600.0,400.0
2026-08-27 01:00,5714,239,8,1,5742.8,0.0,0.278,600.0,400.0
2026-08-27 02:00,5715,239,8,2,5748.9,0.0,0.303,600.0,400.0
2026-08-27 03:00,5716,239,8,3,5645.7,0.0,0.162,600.0,400.0
2026-08-27 04:00,5717,239,8,4,5875.9,0.0,0.189,600.0,400.0
2026-08-27 05:00,5718,239,8,5,5978.4,0.0,0.327,600.0,400.0
2026-08-27 06:00,5719,239,8,6,6491.9,0.058,0.178,600.0,400.0
2026-08-27 07:00,5720,239,8,7,6568.6,0.137,0.222,600.0,400.0
2026-08-27 08:00,5721,239,8,8,7143.6,0.326,0.095,600.0,400.0
2026-08-27 09:00,5722,239,8,9,7488.9,0.448,0.356,600.0,400.0
2026-08-27 10:00,5723,239,8,10,6065.3,0.396,0.309,600.0,400.0
2026-08-27 11:00,5724,239,8,11,5100.0,0.569,0.333,600.0,400.0
2026-08-27 12:00,5725,239,8,12,5100.0,0.642,0.136,600.0,400.0
2026-08-27 13:00,5726,239,8,13,5100.0,0.687,0.26,600.0,400.0
2026-08-27 14:00,5727,239,8,14,5100.0,0.461,0.06,600.0,400.0
2026-08-27 15:00,5728,239,8,15,5887.9,0.502,0.219,600.0,400.0
2026-08-27 16:00,5729,239,8,16,7421.1,0.278,0.244,600.0,400.0
2026-08-27 17:00,5730,239,8,17,8269.6,0.067,0.581,600.0,400.0
2026-08-27 18:00,5731,239,8,18,8852.7,0.06,0.835,600.0,400.0
2026-08-27 19:00,5732,239,8,19,8886.1,0.0,0.39,600.0,400.0
2026-08-27 20:00,5733,239,8,20,8450.1,0.0,0.344,600.0,400.0
2026-08-27 21:00,5734,239,8,21,7378.1,0.0,0.307,600.0,400.0
2026-08-27 22:00,5735,239,8,22,6521.4,0.0,0.058,600.0,400.0
2026-08-27 23:00,5736,239,8,23,6045.0,0.0,0.476,600.0,400.0
2026-08-28 00:00,5737,240,8,0,5751.9,0.0,0.384,600.0,400.0
2026-08-28 01:00,5738,240,8,1,5886.4,0.0,0.356,600.0,400.0
2026-08-28 02:00,5739,240,8,2,5566.6,0.0,0.42,600.0,400.0
2026-08-28 03:00,5740,240,8,3,5711.0,0.0,0.494,600.0,400.0
2026-08-28 04:00,5741,240,8,4,5839.2,0.0,0.211,600.0,400.0
2026-08-28 05:00,5742,240,8,5,5842.8,0.0,0.212,600.0,400.0
2026-08-28 06:00,5743,240,8,6,6387.5,0.06,0.502,600.0,400.0
2026-08-28 07:00,5744,240,8,7,6620.2,0.222,0.274,600.0,400.0
2026-08-28 08:00,5745,240,8,8,6911.3,0.363,0.353,600.0,400.0
2026-08-28 09:00,5746,240,8,9,7253.3,0.526,0.136,600.0,400.0
2026-08-28 10:00,5747,240,8,10,6107.9,0.334,0.17,600.0,400.0
2026-08-28 11:00,5748,240,8,11,5188.1,0.555,0.201,600.0,400.0
2026-08-28 12:00,5749,240,8,12,5100.0,0.518,0.186,600.0,400.0
2026-08-28 13:00,5750,240,8,13,5100.0,0.613,0.45,600.0,400.0
2026-08-28 14:00,5751,240,8,14,5100.0,0.576,0.282,600.0,400.0
2026-08-28 15:00,5752,240,8,15,5705.1,0.466,0.594,600.0,400.0
2026-08-28 16:00,5753,240,8,16,7596.7,0.353,0.232,600.0,400.0
2026-08-28 17:00,5754,240,8,17,8032.6,0.2,0.08,600.0,400.0
2026-08-28 18:00,5755,240,8,18,8813.5,0.084,0.158,600.0,400.0
2026-08-28 19:00,5756,240,8,19,8680.4,0.0,0.203,600.0,400.0
2026-08-28 20:00,5757,240,8,20,8346.7,0.0,0.404,600.0,400.0
2026-08-28 21:00,5758,240,8,21,7327.1,0.0,0.185,600.0,400.0
2026-08-28 22:00,5759,240,8,22,6505.0,0.0,0.276,600.0,400.0
2026-08-28 23:00,5760,240,8,23,6204.1,0.0,0.473,600.0,400.0
2026-08-29 00:00,5761,241,8,0,5197.3,0.0,0.14,600.0,400.0
2026-08-29 01:00,5762,241,8,1,5276.4,0.0,0.107,600.0,400.0
2026-08-29 02:00,5763,241,8,2,5100.0,0.0,0.293,600.0,400.0
2026-08-29 03:00,5764,241,8,3,5100.0,0.0,0.34,600.0,400.0
2026-08-29 04:00,5765,241,8,4,5325.5,0.0,0.449,600.0,400.0
2026-08-29 05:00,5766,241,8,5,5456.5,0.0,0.292,600.0,400.0
2026-08-29 06:00,5767,241,8,6,5959.8,0.076,0.449,600.0,400.0
2026-08-29 07:00,5768,241,8,7,6279.6,0.219,0.143,600.0,400.0
2026-08-29 08:00,5769,241,8,8,6637.7,0.264,0.172,600.0,400.0
2026-08-29 09:00,5770,241,8,9,6345.4,0.471,0.35,600.0,400.0
2026-08-29 10:00,5771,241,8,10,5964.0,0.502,0.344,600.0,400.0
2026-08-29 11:00,5772,241,8,11,5100.0,0.492,0.293,600.0,400.0
2026-08-29 12:00,5773,241,8,12,5100.0,0.292,0.25,600.0,400.0
2026-08-29 13:00,5774,241,8,13,5100.0,0.645,0.046,600.0,400.0
2026-08-29 14:00,5775,241,8,14,5100.0,0.528,0.194,600.0,400.0
2026-08-29 15:00,5776,241,8,15,5205.1,0.477,0.151,600.0,400.0
2026-08-29 16:00,5777,241,8,16,6837.8,0.332,0.09,600.0,400.0
2026-08-29 17:00,5778,241,8,17,7511.5,0.236,0.46,600.0,400.0
2026-08-29 18:00,5779,241,8,18,8118.8,0.083,0.154,600.0,400.0
2026-08-29 19:00,5780,241,8,19,8227.2,0.0,0.27,600.0,400.0
2026-08-29 20:00,5781,241,8,20,7374.7,0.0,0.755,600.0,400.0
2026-08-29 21:00,5782,241,8,21,6659.1,0.0,0.293,600.0,400.0
2026-08-29 22:00,5783,241,8,22,6115.4,0.0,0.16,600.0,400.0
2026-08-29 23:00,5784,241,8,23,5901.2,0.0,0.409,600.0,400.0
2026-08-30 00:00,5785,242,8,0,5155.3,0.0,0.465,600.0,400.0
2026-08-30 01:00,5786,242,8,1,5273.1,0.0,0.205,600.0,400.0
2026-08-30 02:00,5787,242,8,2,5167.5,0.0,0.42,600.0,400.0
2026-08-30 03:00,5788,242,8,3,5521.2,0.0,0.18,600.0,400.0
2026-08-30 04:00,5789,242,8,4,5100.0,0.0,0.319,600.0,400.0
2026-08-30 05:00,5790,242,8,5,5507.5,0.0,0.107,600.0,400.0
2026-08-30 06:00,5791,242,8,6,5584.3,0.056,0.204,600.0,400.0
2026-08-30 07:00,5792,242,8,7,5876.2,0.216,0.227,600.0,400.0
2026-08-30 08:00,5793,242,8,8,6637.3,0.23,0.294,600.0,400.0
2026-08-30 09:00,5794,242,8,9,6612.2,0.496,0.269,600.0,400.0
2026-08-30 10:00,5795,242,8,10,5601.1,0.487,0.367,600.0,400.0
2026-08-30 11:00,5796,242,8,11,5100.0,0.46,0.131,600.0,400.0
2026-08-30 12:00,5797,242,8,12,5100.0,0.538,0.306,600.0,400.0
2026-08-30 13:00,5798,242,8,13,5100.0,0.641,0.121,600.0,400.0
2026-08-30 14:00,5799,242,8,14,5100.0,0.536,0.269,600.0,400.0
2026-08-30 15:00,5800,242,8,15,5291.4,0.313,0.302,600.0,400.0
2026-08-30 16:00,5801,242,8,16,6792.2,0.299,0.066,600.0,400.0
2026-08-30 17:00,5802,242,8,17,7507.2,0.163,0.109,600.0,400.0
2026-08-30 18:00,5803,242,8,18,8023.2,0.042,0.521,600.0,400.0
2026-08-30 19:00,5804,242,8,19,8380.5,0.0,0.237,600.0,400.0
2026-08-30 20:00,5805,242,8,20,7735.0,0.0,0.266,600.0,400.0
2026-08-30 21:00,5806,242,8,21,6767.4,0.0,0.402,600.0,400.0
2026-08-30 22:00,5807,242,8,22,5653.0,0.0,0.202,600.0,400.0
2026-08-30 23:00,5808,242,8,23,5489.5,0.0,0.182,600.0,400.0
2026-08-31 00:00,5809,243,8,0,6048.7,0.0,0.274,600.0,400.0
2026-08-31 01:00,5810,243,8,1,5580.5,0.0,0.092,600.0,400.0
2026-08-31 02:00,5811,243,8,2,5800.6,0.0,0.509,600.0,400.0
2026-08-31 03:00,5812,243,8,3,5882.8,0.0,0.511,600.0,400.0
2026-08-31 04:00,5813,243,8,4,5777.1,0.0,0.23,600.0,400.0
2026-08-31 05:00,5814,243,8,5,5823.9,0.0,0.141,600.0,400.0
2026-08-31 06:00,5815,243,8,6,5951.6,0.072,0.217,600.0,400.0
2026-08-31 07:00,5816,243,8,7,6921.1,0.206,0.09,600.0,400.0
2026-08-31 08:00,5817,243,8,8,7020.9,0.382,0.188,600.0,400.0
2026-08-31 09:00,5818,243,8,9,7179.7,0.462,0.077,600.0,400.0
2026-08-31 10:00,5819,243,8,10,5926.3,0.223,0.297,600.0,400.0
2026-08-31 11:00,5820,243,8,11,5100.0,0.423,0.164,600.0,400.0
2026-08-31 12:00,5821,243,8,12,5100.0,0.713,0.255,600.0,400.0
2026-08-31 13:00,5822,243,8,13,5100.0,0.42,0.04,600.0,400.0
2026-08-31 14:00,5823,243,8,14,5100.0,0.444,0.287,600.0,400.0
2026-08-31 15:00,5824,243,8,15,6042.3,0.534,0.03,600.0,400.0
2026-08-31 16:00,5825,243,8,16,7220.7,0.358,0.575,600.0,400.0
2026-08-31 17:00,5826,243,8,17,7916.3,0.173,0.319,600.0,400.0
2026-08-31 18:00,5827,243,8,18,8756.0,0.07,0.134,600.0,400.0
2026-08-31 19:00,5828,243,8,19,8778.9,0.0,0.262,600.0,400.0
2026-08-31 20:00,5829,243,8,20,8209.7,0.0,0.093,600.0,400.0
2026-08-31 21:00,5830,243,8,21,7532.7,0.0,0.348,600.0,400.0
2026-08-31 22:00,5831,243,8,22,6492.2,0.0,0.148,600.0,400.0
2026-08-31 23:00,5832,243,8,23,5996.8,0.0,0.307,600.0,400.0
2026-09-01 00:00,5833,244,9,0,5439.7,0.0,0.226,600.0,400.0
2026-09-01 01:00,5834,244,9,1,5748.7,0.0,0.413,600.0,400.0
2026-09-01 02:00,5835,244,9,2,5653.5,0.0,0.27,600.0,400.0
2026-09-01 03:00,5836,244,9,3,5584.9,0.0,0.422,600.0,400.0
2026-09-01 04:00,5837,244,9,4,5437.3,0.0,0.485,600.0,400.0
2026-09-01 05:00,5838,244,9,5,6189.7,0.0,0.509,600.0,400.0
2026-09-01 06:00,5839,244,9,6,6144.8,0.049,0.152,600.0,400.0
2026-09-01 07:00,5840,244,9,7,6717.1,0.218,0.314,600.0,400.0
2026-09-01 08:00,5841,244,9,8,7208.6,0.286,0.2,600.0,400.0
2026-09-01 09:00,5842,244,9,9,6960.1,0.422,0.198,600.0,400.0
2026-09-01 10:00,5843,244,9,10,5887.3,0.421,0.377,600.0,400.0
2026-09-01 11:00,5844,244,9,11,5100.0,0.332,0.116,600.0,400.0
2026-09-01 12:00,5845,244,9,12,5100.0,0.498,0.24,600.0,400.0
2026-09-01 13:00,5846,244,9,13,5100.0,0.62,0.296,600.0,400.0
2026-09-01 14:00,5847,244,9,14,5282.0,0.619,0.092,600.0,400.0
2026-09-01 15:00,5848,244,9,15,5691.7,0.476,0.484,600.0,400.0
2026-09-01 16:00,5849,244,9,16,7168.8,0.402,0.229,600.0,400.0
2026-09-01 17:00,5850,244,9,17,8093.7,0.212,0.392,600.0,400.0
2026-09-01 18:00,5851,244,9,18,8812.3,0.065,0.619,600.0,400.0
2026-09-01 19:00,5852,244,9,19,8698.2,0.0,0.446,600.0,400.0
2026-09-01 20:00,5853,244,9,20,8282.0,0.0,0.579,600.0,400.0
2026-09-01 21:00,5854,244,9,21,7158.2,0.0,0.114,600.0,400.0
2026-09-01 22:00,5855,244,9,22,6308.9,0.0,0.325,600.0,400.0
2026-09-01 23:00,5856,244,9,23,5728.3,0.0,0.348,600.0,400.0
2026-09-02 00:00,5857,245,9,0,5260.4,0.0,0.393,600.0,400.0
2026-09-02 01:00,5858,245,9,1,5534.5,0.0,0.129,600.0,400.0
2026-09-02 02:00,5859,245,9,2,5575.9,0.0,0.341,600.0,400.0
2026-09-02 03:00,5860,245,9,3,5551.1,0.0,0.129,600.0,400.0
2026-09-02 04:00,5861,245,9,4,5941.0,0.0,0.083,600.0,400.0
2026-09-02 05:00,5862,245,9,5,6155.0,0.0,0.226,600.0,400.0
2026-09-02 06:00,5863,245,9,6,6287.6,0.047,0.259,600.0,400.0
2026-09-02 07:00,5864,245,9,7,6524.6,0.197,0.455,600.0,400.0
2026-09-02 08:00,5865,245,9,8,7060.6,0.343,0.284,600.0,400.0
2026-09-02 09:00,5866,245,9,9,7055.6,0.549,0.249,600.0,400.0
2026-09-02 10:00,5867,245,9,10,6021.1,0.439,0.137,600.0,400.0
2026-09-02 11:00,5868,245,9,11,5100.0,0.536,0.119,600.0,400.0
2026-09-02 12:00,5869,245,9,12,5100.0,0.556,0.286,600.0,400.0
2026-09-02 13:00,5870,245,9,13,5100.0,0.513,0.162,600.0,400.0
2026-09-02 14:00,5871,245,9,14,5100.0,0.615,0.364,600.0,400.0
2026-09-02 15:00,5872,245,9,15,5884.1,0.389,0.128,600.0,400.0
2026-09-02 16:00,5873,245,9,16,7373.8,0.391,0.24,600.0,400.0
2026-09-02 17:00,5874,245,9,17,8038.5,0.124,0.458,600.0,400.0
2026-09-02 18:00,5875,245,9,18,8976.8,0.062,0.514,600.0,400.0
2026-09-02 19:00,5876,245,9,19,8616.6,0.0,0.264,600.0,400.0
2026-09-02 20:00,5877,245,9,20,7925.2,0.0,0.199,600.0,400.0
2026-09-02 21:00,5878,245,9,21,7375.7,0.0,0.689,600.0,400.0
2026-09-02 22:00,5879,245,9,22,6399.2,0.0,0.463,600.0,400.0
2026-09-02 23:00,5880,245,9,23,6067.4,0.0,0.481,600.0,400.0
2026-09-03 00:00,5881,246,9,0,5231.6,0.0,0.189,600.0,400.0
2026-09-03 01:00,5882,246,9,1,5840.2,0.0,0.262,600.0,400.0
2026-09-03 02:00,5883,246,9,2,5731.6,0.0,0.093,600.0,400.0
2026-09-03 03:00,5884,246,9,3,5412.0,0.0,0.112,600.0,400.0
2026-09-03 04:00,5885,246,9,4,5505.4,0.0,0.152,600.0,400.0
2026-09-03 05:00,5886,246,9,5,6226.1,0.0,0.173,600.0,400.0
2026-09-03 06:00,5887,246,9,6,6223.2,0.076,0.626,600.0,400.0
2026-09-03 07:00,5888,246,9,7,6678.2,0.163,0.197,600.0,400.0
2026-09-03 08:00,5889,246,9,8,6788.7,0.356,0.283,600.0,400.0
2026-09-03 09:00,5890,246,9,9,7095.4,0.495,0.394,600.0,400.0
2026-09-03 10:00,5891,246,9,10,6089.8,0.405,0.148,600.0,400.0
2026-09-03 11:00,5892,246,9,11,5227.0,0.441,0.116,600.0,400.0
2026-09-03 12:00,5893,246,9,12,5100.0,0.701,0.161,600.0,400.0
2026-09-03 13:00,5894,246,9,13,5100.0,0.476,0.448,600.0,400.0
2026-09-03 14:00,5895,246,9,14,5100.0,0.451,0.345,600.0,400.0
2026-09-03 15:00,5896,246,9,15,6011.9,0.27,0.273,600.0,400.0
2026-09-03 16:00,5897,246,9,16,7064.8,0.375,0.472,600.0,400.0
2026-09-03 17:00,5898,246,9,17,8357.3,0.237,0.203,600.0,400.0
2026-09-03 18:00,5899,246,9,18,8779.4,0.06,0.211,600.0,400.0
2026-09-03 19:00,5900,246,9,19,8948.1,0.0,0.365,600.0,400.0
2026-09-03 20:00,5901,246,9,20,8172.8,0.0,0.494,600.0,400.0
2026-09-03 21:00,5902,246,9,21,6911.2,0.0,0.224,600.0,400.0
2026-09-03 22:00,5903,246,9,22,6505.7,0.0,0.196,600.0,400.0
2026-09-03 23:00,5904,246,9,23,6185.6,0.0,0.307,600.0,400.0
2026-09-04 00:00,5905,247,9,0,5473.2,0.0,0.145,600.0,400.0
2026-09-04 01:00,5906,247,9,1,5555.3,0.0,0.405,600.0,400.0
2026-09-04 02:00,5907,247,9,2,5595.9,0.0,0.307,600.0,400.0
2026-09-04 03:00,5908,247,9,3,5188.2,0.0,0.266,600.0,400.0
2026-09-04 04:00,5909,247,9,4,6009.4,0.0,0.416,600.0,400.0
2026-09-04 05:00,5910,247,9,5,5814.3,0.0,0.32,600.0,400.0
2026-09-04 06:00,5911,247,9,6,6422.1,0.043,0.113,600.0,400.0
2026-09-04 07:00,5912,247,9,7,6797.8,0.164,0.197,600.0,400.0
2026-09-04 08:00,5913,247,9,8,7352.5,0.35,0.166,600.0,400.0
2026-09-04 09:00,5914,247,9,9,7216.5,0.27,0.33,600.0,400.0
2026-09-04 10:00,5915,247,9,10,6088.7,0.531,0.302,600.0,400.0
2026-09-04 11:00,5916,247,9,11,5100.0,0.473,0.227,600.0,400.0
2026-09-04 12:00,5917,247,9,12,5100.0,0.619,0.384,600.0,400.0
2026-09-04 13:00,5918,247,9,13,5100.0,0.378,0.23,600.0,400.0
2026-09-04 14:00,5919,247,9,14,5100.0,0.467,0.416,600.0,400.0
2026-09-04 15:00,5920,247,9,15,5674.9,0.48,0.068,600.0,400.0
2026-09-04 16:00,5921,247,9,16,7516.5,0.256,0.145,600.0,400.0
2026-09-04 17:00,5922,247,9,17,8210.0,0.236,0.447,600.0,400.0
2026-09-04 18:00,5923,247,9,18,8876.5,0.053,0.143,600.0,400.0
2026-09-04 19:00,5924,247,9,19,8786.5,0.0,0.425,600.0,400.0
2026-09-04 20:00,5925,247,9,20,7903.6,0.0,0.451,600.0,400.0
2026-09-04 21:00,5926,247,9,21,7177.1,0.0,0.413,600.0,400.0
2026-09-04 22:00,5927,247,9,22,6637.6,0.0,0.504,600.0,400.0
2026-09-04 23:00,5928,247,9,23,6042.6,0.0,0.324,600.0,400.0
2026-09-05 00:00,5929,248,9,0,5355.9,0.0,0.54,600.0,400.0
2026-09-05 01:00,5930,248,9,1,5232.5,0.0,0.321,600.0,400.0
2026-09-05 02:00,5931,248,9,2,5100.0,0.0,0.28,600.0,400.0
2026-09-05 03:00,5932,248,9,3,5100.0,0.0,0.265,600.0,400.0
2026-09-05 04:00,5933,248,9,4,5299.1,0.0,0.45,600.0,400.0
2026-09-05 05:00,5934,248,9,5,5111.6,0.0,0.153,600.0,400.0
2026-09-05 06:00,5935,248,9,6,6101.7,0.074,0.292,600.0,400.0
2026-09-05 07:00,5936,248,9,7,6337.4,0.167,0.143,600.0,400.0
2026-09-05 08:00,5937,248,9,8,6775.5,0.324,0.085,600.0,400.0
2026-09-05 09:00,5938,248,9,9,6326.5,0.495,0.448,600.0,400.0
2026-09-05 10:00,5939,248,9,10,5835.3,0.404,0.105,600.0,400.0
2026-09-05 11:00,5940,248,9,11,5100.0,0.493,0.301,600.0,400.0
2026-09-05 12:00,5941,248,9,12,5100.0,0.569,0.222,600.0,400.0
2026-09-05 13:00,5942,248,9,13,5100.0,0.502,0.414,600.0,400.0
2026-09-05 14:00,5943,248,9,14,5100.0,0.218,0.398,600.0,400.0
2026-09-05 15:00,5944,248,9,15,5135.6,0.492,0.143,600.0,400.0
2026-09-05 16:00,5945,248,9,16,6809.7,0.353,0.293,600.0,400.0
2026-09-05 17:00,5946,248,9,17,7662.8,0.235,0.069,600.0,400.0
2026-09-05 18:00,5947,248,9,18,7975.4,0.084,0.297,600.0,400.0
2026-09-05 19:00,5948,248,9,19,8258.1,0.0,0.434,600.0,400.0
2026-09-05 20:00,5949,248,9,20,7262.6,0.0,0.212,600.0,400.0
2026-09-05 21:00,5950,248,9,21,6490.4,0.0,0.506,600.0,400.0
2026-09-05 22:00,5951,248,9,22,6029.5,0.0,0.098,600.0,400.0
2026-09-05 23:00,5952,248,9,23,5538.8,0.0,0.077,600.0,400.0
2026-09-06 00:00,5953,249,9,0,5100.0,0.0,0.066,600.0,400.0
2026-09-06 01:00,5954,249,9,1,5297.5,0.0,0.205,600.0,400.0
2026-09-06 02:00,5955,249,9,2,5259.1,0.0,0.265,600.0,400.0
2026-09-06 03:00,5956,249,9,3,5337.2,0.0,0.111,600.0,400.0
2026-09-06 04:00,5957,249,9,4,5263.0,0.0,0.677,600.0,400.0
2026-09-06 05:00,5958,249,9,5,5578.3,0.0,0.743,600.0,400.0
2026-09-06 06:00,5959,249,9,6,5762.6,0.054,0.232,600.0,400.0
2026-09-06 07:00,5960,249,9,7,6595.3,0.231,0.241,600.0,400.0
2026-09-06 08:00,5961,249,9,8,6449.2,0.257,0.411,600.0,400.0
2026-09-06 09:00,5962,249,9,9,6916.3,0.421,0.315,600.0,400.0
2026-09-06 10:00,5963,249,9,10,5641.7,0.568,0.12,600.0,400.0
2026-09-06 11:00,5964,249,9,11,5100.0,0.659,0.348,600.0,400.0
2026-09-06 12:00,5965,249,9,12,5100.0,0.464,0.156,600.0,400.0
2026-09-06 13:00,5966,249,9,13,5100.0,0.599,0.237,600.0,400.0
2026-09-06 14:00,5967,249,9,14,5100.0,0.481,0.29,600.0,400.0
2026-09-06 15:00,5968,249,9,15,5578.5,0.541,0.389,600.0,400.0
2026-09-06 16:00,5969,249,9,16,6785.0,0.406,0.154,600.0,400.0
2026-09-06 17:00,5970,249,9,17,7434.7,0.163,0.113,600.0,400.0
2026-09-06 18:00,5971,249,9,18,8227.7,0.066,0.545,600.0,400.0
2026-09-06 19:00,5972,249,9,19,8071.6,0.0,0.519,600.0,400.0
2026-09-06 20:00,5973,249,9,20,7639.0,0.0,0.347,600.0,400.0
2026-09-06 21:00,5974,249,9,21,6385.0,0.0,0.414,600.0,400.0
2026-09-06 22:00,5975,249,9,22,6079.1,0.0,0.438,600.0,400.0
2026-09-06 23:00,5976,249,9,23,5432.5,0.0,0.308,600.0,400.0
2026-09-07 00:00,5977,250,9,0,5880.7,0.0,0.205,600.0,400.0
2026-09-07 01:00,5978,250,9,1,5717.1,0.0,0.285,600.0,400.0
2026-09-07 02:00,5979,250,9,2,5662.4,0.0,0.558,600.0,400.0
2026-09-07 03:00,5980,250,9,3,5729.9,0.0,0.415,600.0,400.0
2026-09-07 04:00,5981,250,9,4,5582.3,0.0,0.236,600.0,400.0
2026-09-07 05:00,5982,250,9,5,6218.3,0.0,0.147,600.0,400.0
2026-09-07 06:00,5983,250,9,6,6659.8,0.049,0.392,600.0,400.0
2026-09-07 07:00,5984,250,9,7,6874.5,0.163,0.264,600.0,400.0
2026-09-07 08:00,5985,250,9,8,7405.8,0.397,0.19,600.0,400.0
2026-09-07 09:00,5986,250,9,9,7060.5,0.397,0.095,600.0,400.0
2026-09-07 10:00,5987,250,9,10,5998.7,0.526,0.315,600.0,400.0
2026-09-07 11:00,5988,250,9,11,5119.0,0.457,0.177,600.0,400.0
2026-09-07 12:00,5989,250,9,12,5100.0,0.438,0.285,600.0,400.0
2026-09-07 13:00,5990,250,9,13,5100.0,0.379,0.288,600.0,400.0
2026-09-07 14:00,5991,250,9,14,5100.0,0.586,0.36,600.0,400.0
2026-09-07 15:00,5992,250,9,15,5899.8,0.414,0.308,600.0,400.0
2026-09-07 16:00,5993,250,9,16,7156.5,0.336,0.364,600.0,400.0
2026-09-07 17:00,5994,250,9,17,8267.2,0.202,0.117,600.0,400.0
2026-09-07 18:00,5995,250,9,18,8911.6,0.086,0.408,600.0,400.0
2026-09-07 19:00,5996,250,9,19,8800.8,0.0,0.192,600.0,400.0
2026-09-07 20:00,5997,250,9,20,8368.4,0.0,0.287,600.0,400.0
2026-09-07 21:00,5998,250,9,21,7120.0,0.0,0.34,600.0,400.0
2026-09-07 22:00,5999,250,9,22,6604.9,0.0,0.419,600.0,400.0
2026-09-07 23:00,6000,250,9,23,5828.7,0.0,0.439,600.0,400.0
2026-09-08 00:00,6001,251,9,0,5437.9,0.0,0.401,600.0,400.0
2026-09-08 01:00,6002,251,9,1,5516.5,0.0,0.116,600.0,400.0
2026-09-08 02:00,6003,251,9,2,5473.3,0.0,0.235,600.0,400.0
2026-09-08 03:00,6004,251,9,3,5564.4,0.0,0.184,600.0,400.0
2026-09-08 04:00,6005,251,9,4,5707.8,0.0,0.214,600.0,400.0
2026-09-08 05:00,6006,251,9,5,6092.5,0.0,0.286,600.0,400.0
2026-09-08 06:00,6007,251,9,6,6289.8,0.083,0.129,600.0,400.0
2026-09-08 07:00,6008,251,9,7,6558.0,0.162,0.221,600.0,400.0
2026-09-08 08:00,6009,251,9,8,7333.7,0.381,0.375,600.0,400.0
2026-09-08 09:00,6010,251,9,9,7017.6,0.297,0.299,600.0,400.0
2026-09-08 10:00,6011,251,9,10,6116.9,0.315,0.304,600.0,400.0
2026-09-08 11:00,6012,251,9,11,5183.9,0.551,0.38,600.0,400.0
2026-09-08 12:00,6013,251,9,12,5100.0,0.458,0.214,600.0,400.0
2026-09-08 13:00,6014,251,9,13,5100.0,0.644,0.369,600.0,400.0
2026-09-08 14:00,6015,251,9,14,5100.0,0.565,0.087,600.0,400.0
2026-09-08 15:00,6016,251,9,15,5713.0,0.387,0.09,600.0,400.0
2026-09-08 16:00,6017,251,9,16,7664.8,0.373,0.237,600.0,400.0
2026-09-08 17:00,6018,251,9,17,8215.3,0.261,0.184,600.0,400.0
2026-09-08 18:00,6019,251,9,18,8749.8,0.082,0.336,600.0,400.0
2026-09-08 19:00,6020,251,9,19,8927.6,0.0,0.186,600.0,400.0
2026-09-08 20:00,6021,251,9,20,8223.9,0.0,0.747,600.0,400.0
2026-09-08 21:00,6022,251,9,21,7378.7,0.0,0.54,600.0,400.0
2026-09-08 22:00,6023,251,9,22,6928.8,0.0,0.76,600.0,400.0
2026-09-08 23:00,6024,251,9,23,5971.9,0.0,0.482,600.0,400.0
2026-09-09 00:00,6025,252,9,0,5565.3,0.0,0.618,600.0,400.0
2026-09-09 01:00,6026,252,9,1,5636.1,0.0,0.24,600.0,400.0
2026-09-09 02:00,6027,252,9,2,5795.5,0.0,0.276,600.0,400.0
2026-09-09 03:00,6028,252,9,3,5411.1,0.0,0.168,600.0,400.0
2026-09-09 04:00,6029,252,9,4,5427.5,0.0,0.296,600.0,400.0
2026-09-09 05:00,6030,252,9,5,5864.6,0.0,0.346,600.0,400.0
2026-09-09 06:00,6031,252,9,6,6079.8,0.062,0.226,600.0,400.0
2026-09-09 07:00,6032,252,9,7,6743.7,0.113,0.159,600.0,400.0
2026-09-09 08:00,6033,252,9,8,7231.7,0.346,0.221,600.0,400.0
2026-09-09 09:00,6034,252,9,9,7009.0,0.348,0.071,600.0,400.0
2026-09-09 10:00,6035,252,9,10,5898.0,0.254,0.303,600.0,400.0
2026-09-09 11:00,6036,252,9,11,5123.6,0.593,0.22,600.0,400.0
2026-09-09 12:00,6037,252,9,12,5100.0,0.568,0.437,600.0,400.0
2026-09-09 13:00,6038,252,9,13,5100.0,0.68,0.489,600.0,400.0
2026-09-09 14:00,6039,252,9,14,5100.0,0.597,0.127,600.0,400.0
2026-09-09 15:00,6040,252,9,15,5981.6,0.383,0.787,600.0,400.0
2026-09-09 16:00,6041,252,9,16,7468.8,0.391,0.663,600.0,400.0
2026-09-09 17:00,6042,252,9,17,8379.2,0.178,0.377,600.0,400.0
2026-09-09 18:00,6043,252,9,18,9125.7,0.074,0.509,600.0,400.0
2026-09-09 19:00,6044,252,9,19,8716.4,0.0,0.06,600.0,400.0
2026-09-09 20:00,6045,252,9,20,8201.6,0.0,0.728,600.0,400.0
2026-09-09 21:00,6046,252,9,21,7248.2,0.0,0.314,600.0,400.0
2026-09-09 22:00,6047,252,9,22,6530.3,0.0,0.593,600.0,400.0
2026-09-09 23:00,6048,252,9,23,6261.2,0.0,0.269,600.0,400.0
2026-09-10 00:00,6049,253,9,0,5401.0,0.0,0.45,600.0,400.0
2026-09-10 01:00,6050,253,9,1,5479.6,0.0,0.26,600.0,400.0
2026-09-10 02:00,6051,253,9,2,5844.4,0.0,0.226,600.0,400.0
2026-09-10 03:00,6052,253,9,3,5815.3,0.0,0.521,600.0,400.0
2026-09-10 04:00,6053,253,9,4,5683.9,0.0,0.322,600.0,400.0
2026-09-10 05:00,6054,253,9,5,6095.3,0.0,0.374,600.0,400.0
2026-09-10 06:00,6055,253,9,6,6395.8,0.035,0.24,600.0,400.0
2026-09-10 07:00,6056,253,9,7,7051.7,0.22,0.406,600.0,400.0
2026-09-10 08:00,6057,253,9,8,7163.2,0.32,0.3,600.0,400.0
2026-09-10 09:00,6058,253,9,9,7315.7,0.529,0.076,600.0,400.0
2026-09-10 10:00,6059,253,9,10,6549.0,0.507,0.322,600.0,400.0
2026-09-10 11:00,6060,253,9,11,5208.2,0.644,0.042,600.0,400.0
2026-09-10 12:00,6061,253,9,12,5100.0,0.686,0.387,600.0,400.0
2026-09-10 13:00,6062,253,9,13,5100.0,0.463,0.202,600.0,400.0
2026-09-10 14:00,6063,253,9,14,5100.0,0.465,0.316,600.0,400.0
2026-09-10 15:00,6064,253,9,15,6232.9,0.508,0.406,600.0,400.0
2026-09-10 16:00,6065,253,9,16,7345.0,0.354,0.367,600.0,400.0
2026-09-10 17:00,6066,253,9,17,8140.5,0.255,0.4,600.0,400.0
2026-09-10 18:00,6067,253,9,18,8639.7,0.073,0.573,600.0,400.0
2026-09-10 19:00,6068,253,9,19,8949.0,0.0,0.277,600.0,400.0
2026-09-10 20:00,6069,253,9,20,8322.8,0.0,0.358,600.0,400.0
2026-09-10 21:00,6070,253,9,21,7235.2,0.0,0.181,600.0,400.0
2026-09-10 22:00,6071,253,9,22,6622.2,0.0,0.314,600.0,400.0
2026-09-10 23:00,6072,253,9,23,5774.6,0.0,0.16,600.0,400.0
2026-09-11 00:00,6073,254,9,0,5645.8,0.0,0.366,600.0,400.0
2026-09-11 01:00,6074,254,9,1,5689.8,0.0,0.223,600.0,400.0
2026-09-11 02:00,6075,254,9,2,5897.2,0.0,0.455,600.0,400.0
2026-09-11 03:00,6076,254,9,3,5528.8,0.0,0.207,600.0,400.0
2026-09-11 04:00,6077,254,9,4,5537.5,0.0,0.176,600.0,400.0
2026-09-11 05:00,6078,254,9,5,5815.3,0.0,0.233,600.0,400.0
2026-09-11 06:00,6079,254,9,6,6127.4,0.087,0.123,600.0,400.0
2026-09-11 07:00,6080,254,9,7,7025.5,0.138,0.13,600.0,400.0
2026-09-11 08:00,6081,254,9,8,7399.1,0.264,0.318,600.0,400.0
2026-09-11 09:00,6082,254,9,9,7202.8,0.496,0.22,600.0,400.0
2026-09-11 10:00,6083,254,9,10,6321.7,0.661,0.134,600.0,400.0
2026-09-11 11:00,6084,254,9,11,5133.9,0.542,0.054,600.0,400.0
2026-09-11 12:00,6085,254,9,12,5100.0,0.64,0.236,600.0,400.0
2026-09-11 13:00,6086,254,9,13,5100.0,0.384,0.361,600.0,400.0
2026-09-11 14:00,6087,254,9,14,5100.0,0.577,0.221,600.0,400.0
2026-09-11 15:00,6088,254,9,15,5603.1,0.48,0.191,600.0,400.0
2026-09-11 16:00,6089,254,9,16,7358.5,0.304,0.264,600.0,400.0
2026-09-11 17:00,6090,254,9,17,8177.8,0.217,0.66,600.0,400.0
2026-09-11 18:00,6091,254,9,18,8892.7,0.068,0.294,600.0,400.0
2026-09-11 19:00,6092,254,9,19,8788.4,0.0,0.224,600.0,400.0
2026-09-11 20:00,6093,254,9,20,8158.0,0.0,0.369,600.0,400.0
2026-09-11 21:00,6094,254,9,21,7175.4,0.0,0.507,600.0,400.0
2026-09-11 22:00,6095,254,9,22,6541.5,0.0,0.064,600.0,400.0
2026-09-11 23:00,6096,254,9,23,6134.1,0.0,0.345,600.0,400.0
2026-09-12 00:00,6097,255,9,0,5100.0,0.0,0.484,600.0,400.0
2026-09-12 01:00,6098,255,9,1,5182.0,0.0,0.177,600.0,400.0
2026-09-12 02:00,6099,255,9,2,5211.4,0.0,0.515,600.0,400.0
2026-09-12 03:00,6100,255,9,3,5100.0,0.0,0.291,600.0,400.0
2026-09-12 04:00,6101,255,9,4,5188.6,0.0,0.253,600.0,400.0
2026-09-12 05:00,6102,255,9,5,5518.8,0.0,0.496,600.0,400.0
2026-09-12 06:00,6103,255,9,6,5652.6,0.05,0.105,600.0,400.0
2026-09-12 07:00,6104,255,9,7,6322.7,0.202,0.302,600.0,400.0
2026-09-12 08:00,6105,255,9,8,6435.9,0.3,0.335,600.0,400.0
2026-09-12 09:00,6106,255,9,9,6749.5,0.305,0.217,600.0,400.0
2026-09-12 10:00,6107,255,9,10,6010.2,0.426,0.03,600.0,400.0
2026-09-12 11:00,6108,255,9,11,5100.0,0.563,0.244,600.0,400.0
2026-09-12 12:00,6109,255,9,12,5100.0,0.535,0.126,600.0,400.0
2026-09-12 13:00,6110,255,9,13,5100.0,0.588,0.285,600.0,400.0
2026-09-12 14:00,6111,255,9,14,5100.0,0.321,0.38,600.0,400.0
2026-09-12 15:00,6112,255,9,15,5180.3,0.395,0.305,600.0,400.0
2026-09-12 16:00,6113,255,9,16,6807.8,0.35,0.364,600.0,400.0
2026-09-12 17:00,6114,255,9,17,7389.8,0.216,0.133,600.0,400.0
2026-09-12 18:00,6115,255,9,18,8038.4,0.091,0.132,600.0,400.0
2026-09-12 19:00,6116,255,9,19,7906.6,0.0,0.54,600.0,400.0
2026-09-12 20:00,6117,255,9,20,7660.9,0.0,0.097,600.0,400.0
2026-09-12 21:00,6118,255,9,21,6595.7,0.0,0.236,600.0,400.0
2026-09-12 22:00,6119,255,9,22,6095.9,0.0,0.635,600.0,400.0
2026-09-12 23:00,6120,255,9,23,5479.6,0.0,0.301,600.0,400.0
2026-09-13 00:00,6121,256,9,0,5148.6,0.0,0.386,600.0,400.0
2026-09-13 01:00,6122,256,9,1,5191.6,0.0,0.18,600.0,400.0
2026-09-13 02:00,6123,256,9,2,5100.0,0.0,0.19,600.0,400.0
2026-09-13 03:00,6124,256,9,3,5233.6,0.0,0.265,600.0,400.0
2026-09-13 04:00,6125,256,9,4,5527.5,0.0,0.297,600.0,400.0
2026-09-13 05:00,6126,256,9,5,5357.4,0.0,0.49,600.0,400.0
2026-09-13 06:00,6127,256,9,6,6021.4,0.045,0.25,600.0,400.0
2026-09-13 07:00,6128,256,9,7,6506.4,0.177,0.088,600.0,400.0
2026-09-13 08:00,6129,256,9,8,6448.6,0.347,0.179,600.0,400.0
2026-09-13 09:00,6130,256,9,9,6346.6,0.341,0.143,600.0,400.0
2026-09-13 10:00,6131,256,9,10,5684.5,0.245,0.15,600.0,400.0
2026-09-13 11:00,6132,256,9,11,5100.0,0.506,0.237,600.0,400.0
2026-09-13 12:00,6133,256,9,12,5100.0,0.707,0.186,600.0,400.0
2026-09-13 13:00,6134,256,9,13,5100.0,0.557,0.187,600.0,400.0
2026-09-13 14:00,6135,256,9,14,5100.0,0.339,0.595,600.0,400.0
2026-09-13 15:00,6136,256,9,15,5199.2,0.49,0.327,600.0,400.0
2026-09-13 16:00,6137,256,9,16,6905.3,0.267,0.207,600.0,400.0
2026-09-13 17:00,6138,256,9,17,7438.1,0.252,0.221,600.0,400.0
2026-09-13 18:00,6139,256,9,18,8078.6,0.053,0.498,600.0,400.0
2026-09-13 19:00,6140,256,9,19,8224.5,0.0,0.576,600.0,400.0
2026-09-13 20:00,6141,256,9,20,7451.8,0.0,0.425,600.0,400.0
2026-09-13 21:00,6142,256,9,21,6722.3,0.0,0.303,600.0,400.0
2026-09-13 22:00,6143,256,9,22,6005.0,0.0,0.466,600.0,400.0
2026-09-13 23:00,6144,256,9,23,5644.0,0.0,0.617,600.0,400.0
2026-09-14 00:00,6145,257,9,0,5710.7,0.0,0.162,600.0,400.0
2026-09-14 01:00,6146,257,9,1,5582.2,0.0,0.482,600.0,400.0
2026-09-14 02:00,6147,257,9,2,5634.2,0.0,0.447,600.0,400.0
2026-09-14 03:00,6148,257,9,3,5592.6,0.0,0.215,600.0,400.0
2026-09-14 04:00,6149,257,9,4,5505.6,0.0,0.178,600.0,400.0
2026-09-14 05:00,6150,257,9,5,5999.8,0.0,0.257,600.0,400.0
2026-09-14 06:00,6151,257,9,6,6644.0,0.093,0.156,600.0,400.0
2026-09-14 07:00,6152,257,9,7,6670.3,0.249,0.109,600.0,400.0
2026-09-14 08:00,6153,257,9,8,7027.6,0.302,0.443,600.0,400.0
2026-09-14 09:00,6154,257,9,9,7012.2,0.571,0.218,600.0,400.0
2026-09-14 10:00,6155,257,9,10,6242.2,0.309,0.218,600.0,400.0
2026-09-14 11:00,6156,257,9,11,5184.2,0.34,0.108,600.0,400.0
2026-09-14 12:00,6157,257,9,12,5100.0,0.574,0.249,600.0,400.0
2026-09-14 13:00,6158,257,9,13,5100.0,0.661,0.361,600.0,400.0
2026-09-14 14:00,6159,257,9,14,5100.0,0.664,0.182,600.0,400.0
2026-09-14 15:00,6160,257,9,15,5600.4,0.431,0.241,600.0,400.0
2026-09-14 16:00,6161,257,9,16,7339.1,0.357,0.168,600.0,400.0
2026-09-14 17:00,6162,257,9,17,8323.7,0.241,0.256,600.0,400.0
2026-09-14 18:00,6163,257,9,18,8573.2,0.087,0.54,600.0,400.0
2026-09-14 19:00,6164,257,9,19,8528.2,0.0,0.213,600.0,400.0
2026-09-14 20:00,6165,257,9,20,8436.7,0.0,0.075,600.0,400.0
2026-09-14 21:00,6166,257,9,21,7216.9,0.0,0.351,600.0,400.0
2026-09-14 22:00,6167,257,9,22,6711.8,0.0,0.365,600.0,400.0
2026-09-14 23:00,6168,257,9,23,5991.3,0.0,0.245,600.0,400.0
2026-09-15 00:00,6169,258,9,0,5590.3,0.0,0.369,600.0,400.0
2026-09-15 01:00,6170,258,9,1,5687.5,0.0,0.074,600.0,400.0
2026-09-15 02:00,6171,258,9,2,5482.6,0.0,0.217,600.0,400.0
2026-09-15 03:00,6172,258,9,3,5673.3,0.0,0.129,600.0,400.0
2026-09-15 04:00,6173,258,9,4,5681.0,0.0,0.156,600.0,400.0
2026-09-15 05:00,6174,258,9,5,5747.3,0.0,0.198,600.0,400.0
2026-09-15 06:00,6175,258,9,6,6395.2,0.068,0.224,600.0,400.0
2026-09-15 07:00,6176,258,9,7,6769.5,0.187,0.087,600.0,400.0
2026-09-15 08:00,6177,258,9,8,7126.2,0.269,0.09,600.0,400.0
2026-09-15 09:00,6178,258,9,9,6957.9,0.368,0.277,600.0,400.0
2026-09-15 10:00,6179,258,9,10,6380.9,0.403,0.197,600.0,400.0
2026-09-15 11:00,6180,258,9,11,5252.8,0.506,0.129,600.0,400.0
2026-09-15 12:00,6181,258,9,12,5100.0,0.55,0.158,600.0,400.0
2026-09-15 13:00,6182,258,9,13,5100.0,0.454,0.35,600.0,400.0
2026-09-15 14:00,6183,258,9,14,5100.0,0.538,0.082,600.0,400.0
2026-09-15 15:00,6184,258,9,15,6163.3,0.47,0.296,600.0,400.0
2026-09-15 16:00,6185,258,9,16,7306.4,0.297,0.249,600.0,400.0
2026-09-15 17:00,6186,258,9,17,8064.4,0.227,0.484,600.0,400.0
2026-09-15 18:00,6187,258,9,18,8840.1,0.077,0.483,600.0,400.0
2026-09-15 19:00,6188,258,9,19,8960.1,0.0,0.428,600.0,400.0
2026-09-15 20:00,6189,258,9,20,8180.3,0.0,0.284,600.0,400.0
2026-09-15 21:00,6190,258,9,21,7519.4,0.0,0.397,600.0,400.0
2026-09-15 22:00,6191,258,9,22,6703.3,0.0,0.395,600.0,400.0
2026-09-15 23:00,6192,258,9,23,5843.7,0.0,0.246,600.0,400.0
2026-09-16 00:00,6193,259,9,0,5508.4,0.0,0.522,600.0,400.0
2026-09-16 01:00,6194,259,9,1,5770.6,0.0,0.689,600.0,400.0
2026-09-16 02:00,6195,259,9,2,5190.0,0.0,0.208,600.0,400.0
2026-09-16 03:00,6196,259,9,3,5628.2,0.0,0.392,600.0,400.0
2026-09-16 04:00,6197,259,9,4,5513.1,0.0,0.248,600.0,400.0
2026-09-16 05:00,6198,259,9,5,5882.3,0.0,0.224,600.0,400.0
2026-09-16 06:00,6199,259,9,6,6293.4,0.08,0.192,600.0,400.0
2026-09-16 07:00,6200,259,9,7,6754.4,0.194,0.158,600.0,400.0
2026-09-16 08:00,6201,259,9,8,7062.9,0.376,0.404,600.0,400.0
2026-09-16 09:00,6202,259,9,9,6976.0,0.418,0.303,600.0,400.0
2026-09-16 10:00,6203,259,9,10,6493.0,0.358,0.208,600.0,400.0
2026-09-16 11:00,6204,259,9,11,5411.3,0.518,0.328,600.0,400.0
2026-09-16 12:00,6205,259,9,12,5100.0,0.744,0.33,600.0,400.0
2026-09-16 13:00,6206,259,9,13,5100.0,0.553,0.179,600.0,400.0
2026-09-16 14:00,6207,259,9,14,5100.0,0.573,0.151,600.0,400.0
2026-09-16 15:00,6208,259,9,15,5871.5,0.247,0.462,600.0,400.0
2026-09-16 16:00,6209,259,9,16,7306.1,0.4,0.466,600.0,400.0
2026-09-16 17:00,6210,259,9,17,8078.7,0.243,0.874,600.0,400.0
2026-09-16 18:00,6211,259,9,18,8930.8,0.029,0.06,600.0,400.0
2026-09-16 19:00,6212,259,9,19,8793.5,0.0,0.353,600.0,400.0
2026-09-16 20:00,6213,259,9,20,8107.8,0.0,0.438,600.0,400.0
2026-09-16 21:00,6214,259,9,21,7106.0,0.0,0.373,600.0,400.0
2026-09-16 22:00,6215,259,9,22,6387.0,0.0,0.433,600.0,400.0
2026-09-16 23:00,6216,259,9,23,5753.3,0.0,0.153,600.0,400.0
2026-09-17 00:00,6217,260,9,0,5618.1,0.0,0.03,600.0,400.0
2026-09-17 01:00,6218,260,9,1,5425.9,0.0,0.115,600.0,400.0
2026-09-17 02:00,6219,260,9,2,5581.6,0.0,0.232,600.0,400.0
2026-09-17 03:00,6220,260,9,3,5871.3,0.0,0.201,600.0,400.0
2026-09-17 04:00,6221,260,9,4,5933.9,0.0,0.417,600.0,400.0
2026-09-17 05:00,6222,260,9,5,5953.4,0.0,0.088,600.0,400.0
2026-09-17 06:00,6223,260,9,6,6327.3,0.058,0.209,600.0,400.0
2026-09-17 07:00,6224,260,9,7,7112.4,0.258,0.454,600.0,400.0
2026-09-17 08:00,6225,260,9,8,7234.6,0.358,0.219,600.0,400.0
2026-09-17 09:00,6226,260,9,9,7099.1,0.498,0.104,600.0,400.0
2026-09-17 10:00,6227,260,9,10,5898.1,0.553,0.162,600.0,400.0
2026-09-17 11:00,6228,260,9,11,5175.5,0.549,0.279,600.0,400.0
2026-09-17 12:00,6229,260,9,12,5100.0,0.637,0.036,600.0,400.0
2026-09-17 13:00,6230,260,9,13,5100.0,0.482,0.562,600.0,400.0
2026-09-17 14:00,6231,260,9,14,5100.0,0.58,0.303,600.0,400.0
2026-09-17 15:00,6232,260,9,15,5792.6,0.479,0.382,600.0,400.0
2026-09-17 16:00,6233,260,9,16,7286.7,0.275,0.306,600.0,400.0
2026-09-17 17:00,6234,260,9,17,7786.2,0.145,0.657,600.0,400.0
2026-09-17 18:00,6235,260,9,18,8737.9,0.079,0.369,600.0,400.0
2026-09-17 19:00,6236,260,9,19,8928.5,0.0,0.413,600.0,400.0
2026-09-17 20:00,6237,260,9,20,8083.0,0.0,0.553,600.0,400.0
2026-09-17 21:00,6238,260,9,21,7323.2,0.0,0.55,600.0,400.0
2026-09-17 22:00,6239,260,9,22,6409.0,0.0,0.072,600.0,400.0
2026-09-17 23:00,6240,260,9,23,6073.6,0.0,0.225,600.0,400.0
2026-09-18 00:00,6241,261,9,0,5581.5,0.0,0.2,600.0,400.0
2026-09-18 01:00,6242,261,9,1,5467.1,0.0,0.032,600.0,400.0
2026-09-18 02:00,6243,261,9,2,5837.3,0.0,0.469,600.0,400.0
2026-09-18 03:00,6244,261,9,3,5800.7,0.0,0.197,600.0,400.0
2026-09-18 04:00,6245,261,9,4,5645.2,0.0,0.197,600.0,400.0
2026-09-18 05:00,6246,261,9,5,6038.2,0.0,0.096,600.0,400.0
2026-09-18 06:00,6247,261,9,6,6427.2,0.075,0.556,600.0,400.0
2026-09-18 07:00,6248,261,9,7,6914.4,0.238,0.343,600.0,400.0
2026-09-18 08:00,6249,261,9,8,6880.2,0.374,0.24,600.0,400.0
2026-09-18 09:00,6250,261,9,9,7312.6,0.494,0.316,600.0,400.0
2026-09-18 10:00,6251,261,9,10,6035.1,0.421,0.327,600.0,400.0
2026-09-18 11:00,6252,261,9,11,5100.0,0.642,0.29,600.0,400.0
2026-09-18 12:00,6253,261,9,12,5100.0,0.67,0.134,600.0,400.0
2026-09-18 13:00,6254,261,9,13,5100.0,0.534,0.35,600.0,400.0
2026-09-18 14:00,6255,261,9,14,5100.0,0.637,0.304,600.0,400.0
2026-09-18 15:00,6256,261,9,15,5497.9,0.297,0.393,600.0,400.0
2026-09-18 16:00,6257,261,9,16,7538.5,0.387,0.325,600.0,400.0
2026-09-18 17:00,6258,261,9,17,7969.0,0.184,0.654,600.0,400.0
2026-09-18 18:00,6259,261,9,18,8612.9,0.06,0.388,600.0,400.0
2026-09-18 19:00,6260,261,9,19,8720.4,0.0,0.369,600.0,400.0
2026-09-18 20:00,6261,261,9,20,8410.6,0.0,0.536,600.0,400.0
2026-09-18 21:00,6262,261,9,21,7438.5,0.0,0.279,600.0,400.0
2026-09-18 22:00,6263,261,9,22,6504.7,0.0,0.246,600.0,400.0
2026-09-18 23:00,6264,261,9,23,6065.3,0.0,0.32,600.0,400.0
2026-09-19 00:00,6265,262,9,0,5100.0,0.0,0.343,600.0,400.0
2026-09-19 01:00,6266,262,9,1,5190.4,0.0,0.18,600.0,400.0
2026-09-19 02:00,6267,262,9,2,5185.9,0.0,0.352,600.0,400.0
2026-09-19 03:00,6268,262,9,3,5354.9,0.0,0.393,600.0,400.0
2026-09-19 04:00,6269,262,9,4,5437.4,0.0,0.275,600.0,400.0
2026-09-19 05:00,6270,262,9,5,5560.9,0.0,0.243,600.0,400.0
2026-09-19 06:00,6271,262,9,6,5775.9,0.093,0.163,600.0,400.0
2026-09-19 07:00,6272,262,9,7,6385.4,0.204,0.398,600.0,400.0
2026-09-19 08:00,6273,262,9,8,6564.5,0.387,0.306,600.0,400.0
2026-09-19 09:00,6274,262,9,9,6406.3,0.528,0.214,600.0,400.0
2026-09-19 10:00,6275,262,9,10,5571.6,0.477,0.279,600.0,400.0
2026-09-19 11:00,6276,262,9,11,5100.0,0.675,0.184,600.0,400.0
2026-09-19 12:00,6277,262,9,12,5100.0,0.593,0.078,600.0,400.0
2026-09-19 13:00,6278,262,9,13,5100.0,0.627,0.154,600.0,400.0
2026-09-19 14:00,6279,262,9,14,5100.0,0.574,0.101,600.0,400.0
2026-09-19 15:00,6280,262,9,15,5391.8,0.5,0.296,600.0,400.0
2026-09-19 16:00,6281,262,9,16,6749.0,0.203,0.36,600.0,400.0
2026-09-19 17:00,6282,262,9,17,7559.2,0.136,0.267,600.0,400.0
2026-09-19 18:00,6283,262,9,18,8218.7,0.083,0.342,600.0,400.0
2026-09-19 19:00,6284,262,9,19,8234.6,0.0,0.126,600.0,400.0
2026-09-19 20:00,6285,262,9,20,7434.2,0.0,0.48,600.0,400.0
2026-09-19 21:00,6286,262,9,21,6631.0,0.0,0.079,600.0,400.0
2026-09-19 22:00,6287,262,9,22,5841.2,0.0,0.392,600.0,400.0
2026-09-19 23:00,6288,262,9,23,5646.5,0.0,0.29,600.0,400.0
2026-09-20 00:00,6289,263,9,0,5398.7,0.0,0.171,600.0,400.0
2026-09-20 01:00,6290,263,9,1,5117.6,0.0,0.302,600.0,400.0
2026-09-20 02:00,6291,263,9,2,5135.5,0.0,0.403,600.0,400.0
2026-09-20 03:00,6292,263,9,3,5434.6,0.0,0.231,600.0,400.0
2026-09-20 04:00,6293,263,9,4,5363.5,0.0,0.203,600.0,400.0
2026-09-20 05:00,6294,263,9,5,5551.7,0.0,0.115,600.0,400.0
2026-09-20 06:00,6295,263,9,6,5643.4,0.091,0.257,600.0,400.0
2026-09-20 07:00,6296,263,9,7,6375.3,0.281,0.343,600.0,400.0
2026-09-20 08:00,6297,263,9,8,6430.5,0.362,0.237,600.0,400.0
2026-09-20 09:00,6298,263,9,9,6398.0,0.432,0.116,600.0,400.0
2026-09-20 10:00,6299,263,9,10,5580.7,0.558,0.28,600.0,400.0
2026-09-20 11:00,6300,263,9,11,5100.0,0.465,0.053,600.0,400.0
2026-09-20 12:00,6301,263,9,12,5100.0,0.692,0.392,600.0,400.0
2026-09-20 13:00,6302,263,9,13,5100.0,0.714,0.487,600.0,400.0
2026-09-20 14:00,6303,263,9,14,5100.0,0.602,0.315,600.0,400.0
2026-09-20 15:00,6304,263,9,15,5563.2,0.481,0.5,600.0,400.0
2026-09-20 16:00,6305,263,9,16,6419.3,0.404,0.115,600.0,400.0
2026-09-20 17:00,6306,263,9,17,7686.0,0.174,0.2,600.0,400.0
2026-09-20 18:00,6307,263,9,18,7941.9,0.059,0.247,600.0,400.0
2026-09-20 19:00,6308,263,9,19,8208.6,0.0,0.48,600.0,400.0
2026-09-20 20:00,6309,263,9,20,7518.3,0.0,0.329,600.0,400.0
2026-09-20 21:00,6310,263,9,21,6734.2,0.0,0.266,600.0,400.0
2026-09-20 22:00,6311,263,9,22,5978.0,0.0,0.169,600.0,400.0
2026-09-20 23:00,6312,263,9,23,5728.6,0.0,0.484,600.0,400.0
2026-09-21 00:00,6313,264,9,0,5417.9,0.0,0.058,600.0,400.0
2026-09-21 01:00,6314,264,9,1,5714.7,0.0,0.228,600.0,400.0
2026-09-21 02:00,6315,264,9,2,5800.3,0.0,0.179,600.0,400.0
2026-09-21 03:00,6316,264,9,3,5766.7,0.0,0.122,600.0,400.0
2026-09-21 04:00,6317,264,9,4,6114.0,0.0,0.133,600.0,400.0
2026-09-21 05:00,6318,264,9,5,5873.9,0.0,0.234,600.0,400.0
2026-09-21 06:00,6319,264,9,6,6494.4,0.076,0.204,600.0,400.0
2026-09-21 07:00,6320,264,9,7,6794.7,0.182,0.226,600.0,400.0
2026-09-21 08:00,6321,264,9,8,7348.6,0.324,0.295,600.0,400.0
2026-09-21 09:00,6322,264,9,9,7150.3,0.432,0.384,600.0,400.0
2026-09-21 10:00,6323,264,9,10,6064.2,0.522,0.1,600.0,400.0
2026-09-21 11:00,6324,264,9,11,5321.5,0.713,0.087,600.0,400.0
2026-09-21 12:00,6325,264,9,12,5100.0,0.663,0.188,600.0,400.0
2026-09-21 13:00,6326,264,9,13,5100.0,0.57,0.279,600.0,400.0
2026-09-21 14:00,6327,264,9,14,5100.0,0.377,0.113,600.0,400.0
2026-09-21 15:00,6328,264,9,15,5949.8,0.257,0.388,600.0,400.0
2026-09-21 16:00,6329,264,9,16,7538.9,0.421,0.331,600.0,400.0
2026-09-21 17:00,6330,264,9,17,8202.0,0.23,0.442,600.0,400.0
2026-09-21 18:00,6331,264,9,18,8984.3,0.065,0.265,600.0,400.0
2026-09-21 19:00,6332,264,9,19,8556.1,0.0,0.289,600.0,400.0
2026-09-21 20:00,6333,264,9,20,8113.1,0.0,0.507,600.0,400.0
2026-09-21 21:00,6334,264,9,21,7268.6,0.0,0.228,600.0,400.0
2026-09-21 22:00,6335,264,9,22,6511.7,0.0,0.275,600.0,400.0
2026-09-21 23:00,6336,264,9,23,6029.4,0.0,0.049,600.0,400.0
2026-09-22 00:00,6337,265,9,0,5726.7,0.0,0.33,600.0,400.0
2026-09-22 01:00,6338,265,9,1,5546.2,0.0,0.473,600.0,400.0
2026-09-22 02:00,6339,265,9,2,5646.3,0.0,0.06,600.0,400.0
2026-09-22 03:00,6340,265,9,3,5644.9,0.0,0.305,600.0,400.0
2026-09-22 04:00,6341,265,9,4,5593.9,0.0,0.397,600.0,400.0
2026-09-22 05:00,6342,265,9,5,5940.4,0.0,0.234,600.0,400.0
2026-09-22 06:00,6343,265,9,6,6318.2,0.07,0.169,600.0,400.0
2026-09-22 07:00,6344,265,9,7,6785.3,0.17,0.6,600.0,400.0
2026-09-22 08:00,6345,265,9,8,7156.4,0.217,0.072,600.0,400.0
2026-09-22 09:00,6346,265,9,9,7163.7,0.553,0.132,600.0,400.0
2026-09-22 10:00,6347,265,9,10,6057.1,0.629,0.389,600.0,400.0
2026-09-22 11:00,6348,265,9,11,5316.1,0.541,0.171,600.0,400.0
2026-09-22 12:00,6349,265,9,12,5100.0,0.619,0.381,600.0,400.0
2026-09-22 13:00,6350,265,9,13,5100.0,0.668,0.203,600.0,400.0
2026-09-22 14:00,6351,265,9,14,5258.4,0.667,0.421,600.0,400.0
2026-09-22 15:00,6352,265,9,15,5684.7,0.446,0.373,600.0,400.0
2026-09-22 16:00,6353,265,9,16,7099.6,0.222,0.293,600.0,400.0
2026-09-22 17:00,6354,265,9,17,8301.7,0.169,0.329,600.0,400.0
2026-09-22 18:00,6355,265,9,18,8441.1,0.059,0.18,600.0,400.0
2026-09-22 19:00,6356,265,9,19,8735.8,0.0,0.147,600.0,400.0
2026-09-22 20:00,6357,265,9,20,8527.4,0.0,0.447,600.0,400.0
2026-09-22 21:00,6358,265,9,21,7067.6,0.0,0.538,600.0,400.0
2026-09-22 22:00,6359,265,9,22,6212.9,0.0,0.439,600.0,400.0
2026-09-22 23:00,6360,265,9,23,5776.1,0.0,0.58,600.0,400.0
2026-09-23 00:00,6361,266,9,0,5759.9,0.0,0.532,600.0,400.0
2026-09-23 01:00,6362,266,9,1,5797.4,0.0,0.423,600.0,400.0
2026-09-23 02:00,6363,266,9,2,5542.0,0.0,0.489,600.0,400.0
2026-09-23 03:00,6364,266,9,3,5761.4,0.0,0.139,600.0,400.0
2026-09-23 04:00,6365,266,9,4,5964.5,0.0,0.336,600.0,400.0
2026-09-23 05:00,6366,266,9,5,6244.5,0.0,0.329,600.0,400.0
2026-09-23 06:00,6367,266,9,6,6301.8,0.085,0.115,600.0,400.0
2026-09-23 07:00,6368,266,9,7,6443.4,0.151,0.398,600.0,400.0
2026-09-23 08:00,6369,266,9,8,7020.0,0.202,0.03,600.0,400.0
2026-09-23 09:00,6370,266,9,9,7083.3,0.404,0.201,600.0,400.0
2026-09-23 10:00,6371,266,9,10,6084.8,0.664,0.043,600.0,400.0
2026-09-23 11:00,6372,266,9,11,5100.0,0.422,0.243,600.0,400.0
2026-09-23 12:00,6373,266,9,12,5100.0,0.75,0.218,600.0,400.0
2026-09-23 13:00,6374,266,9,13,5100.0,0.52,0.308,600.0,400.0
2026-09-23 14:00,6375,266,9,14,5100.0,0.398,0.394,600.0,400.0
2026-09-23 15:00,6376,266,9,15,6026.5,0.318,0.417,600.0,400.0
2026-09-23 16:00,6377,266,9,16,7373.4,0.415,0.411,600.0,400.0
2026-09-23 17:00,6378,266,9,17,8194.5,0.195,0.131,600.0,400.0
2026-09-23 18:00,6379,266,9,18,8918.5,0.085,0.291,600.0,400.0
2026-09-23 19:00,6380,266,9,19,8785.0,0.0,0.511,600.0,400.0
2026-09-23 20:00,6381,266,9,20,8513.3,0.0,0.412,600.0,400.0
2026-09-23 21:00,6382,266,9,21,7084.6,0.0,0.424,600.0,400.0
2026-09-23 22:00,6383,266,9,22,6447.6,0.0,0.205,600.0,400.0
2026-09-23 23:00,6384,266,9,23,5995.7,0.0,0.243,600.0,400.0
2026-09-24 00:00,6385,267,9,0,5686.5,0.0,0.627,600.0,400.0
2026-09-24 01:00,6386,267,9,1,5820.3,0.0,0.47,600.0,400.0
2026-09-24 02:00,6387,267,9,2,5620.2,0.0,0.146,600.0,400.0
2026-09-24 03:00,6388,267,9,3,5424.5,0.0,0.278,600.0,400.0
2026-09-24 04:00,6389,267,9,4,5876.8,0.0,0.245,600.0,400.0
2026-09-24 05:00,6390,267,9,5,6079.4,0.0,0.218,600.0,400.0
2026-09-24 06:00,6391,267,9,6,6030.5,0.05,0.217,600.0,400.0
2026-09-24 07:00,6392,267,9,7,6811.1,0.204,0.266,600.0,400.0
2026-09-24 08:00,6393,267,9,8,6896.9,0.365,0.467,600.0,400.0
2026-09-24 09:00,6394,267,9,9,7045.2,0.4,0.372,600.0,400.0
2026-09-24 10:00,6395,267,9,10,5981.8,0.475,0.382,600.0,400.0
2026-09-24 11:00,6396,267,9,11,5242.0,0.656,0.308,600.0,400.0
2026-09-24 12:00,6397,267,9,12,5100.0,0.747,0.043,600.0,400.0
2026-09-24 13:00,6398,267,9,13,5100.0,0.528,0.241,600.0,400.0
2026-09-24 14:00,6399,267,9,14,5100.0,0.422,0.281,600.0,400.0
2026-09-24 15:00,6400,267,9,15,5621.4,0.421,0.466,600.0,400.0
2026-09-24 16:00,6401,267,9,16,7369.0,0.302,0.571,600.0,400.0
2026-09-24 17:00,6402,267,9,17,8054.0,0.273,0.298,600.0,400.0
2026-09-24 18:00,6403,267,9,18,8714.9,0.093,0.239,600.0,400.0
2026-09-24 19:00,6404,267,9,19,8854.1,0.0,0.261,600.0,400.0
2026-09-24 20:00,6405,267,9,20,8267.5,0.0,0.373,600.0,400.0
2026-09-24 21:00,6406,267,9,21,7528.7,0.0,0.232,600.0,400.0
2026-09-24 22:00,6407,267,9,22,6516.8,0.0,0.595,600.0,400.0
2026-09-24 23:00,6408,267,9,23,6065.0,0.0,0.284,600.0,400.0
2026-09-25 00:00,6409,268,9,0,5546.2,0.0,0.756,600.0,400.0
2026-09-25 01:00,6410,268,9,1,5646.5,0.0,0.125,600.0,400.0
2026-09-25 02:00,6411,268,9,2,5694.4,0.0,0.156,600.0,400.0
2026-09-25 03:00,6412,268,9,3,5636.4,0.0,0.266,600.0,400.0
2026-09-25 04:00,6413,268,9,4,5453.4,0.0,0.413,600.0,400.0
2026-09-25 05:00,6414,268,9,5,6011.6,0.0,0.189,600.0,400.0
2026-09-25 06:00,6415,268,9,6,6399.5,0.072,0.358,600.0,400.0
2026-09-25 07:00,6416,268,9,7,6702.8,0.214,0.198,600.0,400.0
2026-09-25 08:00,6417,268,9,8,6945.8,0.436,0.354,600.0,400.0
2026-09-25 09:00,6418,268,9,9,7387.7,0.556,0.154,600.0,400.0
2026-09-25 10:00,6419,268,9,10,6204.9,0.656,0.218,600.0,400.0
2026-09-25 11:00,6420,268,9,11,5100.0,0.386,0.165,600.0,400.0
2026-09-25 12:00,6421,268,9,12,5100.0,0.703,0.15,600.0,400.0
2026-09-25 13:00,6422,268,9,13,5100.0,0.583,0.234,600.0,400.0
2026-09-25 14:00,6423,268,9,14,5100.0,0.601,0.215,600.0,400.0
2026-09-25 15:00,6424,268,9,15,5872.8,0.358,0.429,600.0,400.0
2026-09-25 16:00,6425,268,9,16,7228.1,0.248,0.425,600.0,400.0
2026-09-25 17:00,6426,268,9,17,8265.8,0.161,0.258,600.0,400.0
2026-09-25 18:00,6427,268,9,18,8643.1,0.083,0.83,600.0,400.0
2026-09-25 19:00,6428,268,9,19,9013.5,0.0,0.736,600.0,400.0
2026-09-25 20:00,6429,268,9,20,8400.5,0.0,0.619,600.0,400.0
2026-09-25 21:00,6430,268,9,21,7240.1,0.0,0.375,600.0,400.0
2026-09-25 22:00,6431,268,9,22,6429.4,0.0,0.289,600.0,400.0
2026-09-25 23:00,6432,268,9,23,5597.1,0.0,0.238,600.0,400.0
2026-09-26 00:00,6433,269,9,0,5100.0,0.0,0.05,600.0,400.0
2026-09-26 01:00,6434,269,9,1,5100.0,0.0,0.348,600.0,400.0
2026-09-26 02:00,6435,269,9,2,5195.8,0.0,0.298,600.0,400.0
2026-09-26 03:00,6436,269,9,3,5147.7,0.0,0.311,600.0,400.0
2026-09-26 04:00,6437,269,9,4,5100.0,0.0,0.274,600.0,400.0
2026-09-26 05:00,6438,269,9,5,5436.9,0.0,0.113,600.0,400.0
2026-09-26 06:00,6439,269,9,6,5914.8,0.08,0.292,600.0,400.0
2026-09-26 07:00,6440,269,9,7,6351.2,0.201,0.179,600.0,400.0
2026-09-26 08:00,6441,269,9,8,6275.3,0.327,0.223,600.0,400.0
2026-09-26 09:00,6442,269,9,9,6558.9,0.581,0.18,600.0,400.0
2026-09-26 10:00,6443,269,9,10,5414.8,0.301,0.044,600.0,400.0
2026-09-26 11:00,6444,269,9,11,5100.0,0.653,0.399,600.0,400.0
2026-09-26 12:00,6445,269,9,12,5100.0,0.738,0.124,600.0,400.0
2026-09-26 13:00,6446,269,9,13,5100.0,0.537,0.292,600.0,400.0
2026-09-26 14:00,6447,269,9,14,5100.0,0.601,0.475,600.0,400.0
2026-09-26 15:00,6448,269,9,15,5308.9,0.383,0.18,600.0,400.0
2026-09-26 16:00,6449,269,9,16,6370.4,0.405,0.27,600.0,400.0
2026-09-26 17:00,6450,269,9,17,7583.2,0.179,0.266,600.0,400.0
2026-09-26 18:00,6451,269,9,18,8027.9,0.055,0.126,600.0,400.0
2026-09-26 19:00,6452,269,9,19,8226.8,0.0,0.299,600.0,400.0
2026-09-26 20:00,6453,269,9,20,7353.6,0.0,0.327,600.0,400.0
2026-09-26 21:00,6454,269,9,21,6630.5,0.0,0.071,600.0,400.0
2026-09-26 22:00,6455,269,9,22,5766.6,0.0,0.323,600.0,400.0
2026-09-26 23:00,6456,269,9,23,5374.0,0.0,0.126,600.0,400.0
2026-09-27 00:00,6457,270,9,0,5100.0,0.0,0.535,600.0,400.0
2026-09-27 01:00,6458,270,9,1,5327.4,0.0,0.356,600.0,400.0
2026-09-27 02:00,6459,270,9,2,5100.0,0.0,0.085,600.0,400.0
2026-09-27 03:00,6460,270,9,3,5219.8,0.0,0.408,600.0,400.0
2026-09-27 04:00,6461,270,9,4,5221.7,0.0,0.201,600.0,400.0
2026-09-27 05:00,6462,270,9,5,5278.8,0.0,0.147,600.0,400.0
2026-09-27 06:00,6463,270,9,6,5807.0,0.084,0.15,600.0,400.0
2026-09-27 07:00,6464,270,9,7,6362.6,0.253,0.251,600.0,400.0
2026-09-27 08:00,6465,270,9,8,6386.0,0.365,0.08,600.0,400.0
2026-09-27 09:00,6466,270,9,9,6708.9,0.404,0.069,600.0,400.0
2026-09-27 10:00,6467,270,9,10,5500.2,0.446,0.268,600.0,400.0
2026-09-27 11:00,6468,270,9,11,5100.0,0.668,0.544,600.0,400.0
2026-09-27 12:00,6469,270,9,12,5100.0,0.689,0.242,600.0,400.0
2026-09-27 13:00,6470,270,9,13,5100.0,0.517,0.231,600.0,400.0
2026-09-27 14:00,6471,270,9,14,5100.0,0.586,0.552,600.0,400.0
2026-09-27 15:00,6472,270,9,15,5332.4,0.524,0.188,600.0,400.0
2026-09-27 16:00,6473,270,9,16,6751.6,0.295,0.197,600.0,400.0
2026-09-27 17:00,6474,270,9,17,7148.6,0.189,0.571,600.0,400.0
2026-09-27 18:00,6475,270,9,18,7778.8,0.076,0.398,600.0,400.0
2026-09-27 19:00,6476,270,9,19,8170.1,0.0,0.1,600.0,400.0
2026-09-27 20:00,6477,270,9,20,7695.2,0.0,0.422,600.0,400.0
2026-09-27 21:00,6478,270,9,21,6583.9,0.0,0.514,600.0,400.0
2026-09-27 22:00,6479,270,9,22,5968.6,0.0,0.227,600.0,400.0
2026-09-27 23:00,6480,270,9,23,5581.8,0.0,0.268,600.0,400.0
2026-09-28 00:00,6481,271,9,0,5727.1,0.0,0.178,600.0,400.0
2026-09-28 01:00,6482,271,9,1,5293.0,0.0,0.349,600.0,400.0
2026-09-28 02:00,6483,271,9,2,5482.3,0.0,0.344,600.0,400.0
2026-09-28 03:00,6484,271,9,3,5598.9,0.0,0.089,600.0,400.0
2026-09-28 04:00,6485,271,9,4,5854.5,0.0,0.313,600.0,400.0
2026-09-28 05:00,6486,271,9,5,6358.3,0.0,0.29,600.0,400.0
2026-09-28 06:00,6487,271,9,6,6304.7,0.087,0.055,600.0,400.0
2026-09-28 07:00,6488,271,9,7,6586.6,0.268,0.237,600.0,400.0
2026-09-28 08:00,6489,271,9,8,7215.7,0.371,0.254,600.0,400.0
2026-09-28 09:00,6490,271,9,9,7362.9,0.526,0.199,600.0,400.0
2026-09-28 10:00,6491,271,9,10,6143.5,0.393,0.402,600.0,400.0
2026-09-28 11:00,6492,271,9,11,5100.0,0.749,0.181,600.0,400.0
2026-09-28 12:00,6493,271,9,12,5100.0,0.776,0.083,600.0,400.0
2026-09-28 13:00,6494,271,9,13,5100.0,0.635,0.328,600.0,400.0
2026-09-28 14:00,6495,271,9,14,5100.0,0.688,0.319,600.0,400.0
2026-09-28 15:00,6496,271,9,15,5911.8,0.418,0.714,600.0,400.0
2026-09-28 16:00,6497,271,9,16,7475.7,0.198,0.193,600.0,400.0
2026-09-28 17:00,6498,271,9,17,8373.3,0.223,0.274,600.0,400.0
2026-09-28 18:00,6499,271,9,18,8762.8,0.048,0.311,600.0,400.0
2026-09-28 19:00,6500,271,9,19,8716.1,0.0,0.55,600.0,400.0
2026-09-28 20:00,6501,271,9,20,8380.4,0.0,0.297,600.0,400.0
2026-09-28 21:00,6502,271,9,21,7121.2,0.0,0.479,600.0,400.0
2026-09-28 22:00,6503,271,9,22,6600.2,0.0,0.168,600.0,400.0
2026-09-28 23:00,6504,271,9,23,5796.8,0.0,0.28,600.0,400.0
2026-09-29 00:00,6505,272,9,0,5786.6,0.0,0.156,600.0,400.0
2026-09-29 01:00,6506,272,9,1,5576.1,0.0,0.586,600.0,400.0
2026-09-29 02:00,6507,272,9,2,5827.0,0.0,0.152,600.0,400.0
2026-09-29 03:00,6508,272,9,3,5730.7,0.0,0.233,600.0,400.0
2026-09-29 04:00,6509,272,9,4,5546.3,0.0,0.092,600.0,400.0
2026-09-29 05:00,6510,272,9,5,6186.5,0.0,0.437,600.0,400.0
2026-09-29 06:00,6511,272,9,6,6589.4,0.091,0.266,600.0,400.0
2026-09-29 07:00,6512,272,9,7,6952.8,0.241,0.462,600.0,400.0
2026-09-29 08:00,6513,272,9,8,7029.4,0.412,0.058,600.0,400.0
2026-09-29 09:00,6514,272,9,9,7102.6,0.48,0.12,600.0,400.0
2026-09-29 10:00,6515,272,9,10,6149.5,0.636,0.19,600.0,400.0
2026-09-29 11:00,6516,272,9,11,5100.0,0.652,0.277,600.0,400.0
2026-09-29 12:00,6517,272,9,12,5100.0,0.781,0.191,600.0,400.0
2026-09-29 13:00,6518,272,9,13,5100.0,0.507,0.346,600.0,400.0
2026-09-29 14:00,6519,272,9,14,5100.0,0.571,0.146,600.0,400.0
2026-09-29 15:00,6520,272,9,15,5905.1,0.503,0.334,600.0,400.0
2026-09-29 16:00,6521,272,9,16,7260.5,0.459,0.264,600.0,400.0
2026-09-29 17:00,6522,272,9,17,8172.2,0.256,0.322,600.0,400.0
2026-09-29 18:00,6523,272,9,18,8714.4,0.065,0.36,600.0,400.0
2026-09-29 19:00,6524,272,9,19,8902.5,0.0,0.106,600.0,400.0
2026-09-29 20:00,6525,272,9,20,8363.2,0.0,0.628,600.0,400.0
2026-09-29 21:00,6526,272,9,21,7360.1,0.0,0.489,600.0,400.0
2026-09-29 22:00,6527,272,9,22,6475.7,0.0,0.302,600.0,400.0
2026-09-29 23:00,6528,272,9,23,6009.4,0.0,0.34,600.0,400.0
2026-09-30 00:00,6529,273,9,0,5619.3,0.0,0.072,600.0,400.0
2026-09-30 01:00,6530,273,9,1,5489.0,0.0,0.292,600.0,400.0
2026-09-30 02:00,6531,273,9,2,5716.7,0.0,0.249,600.0,400.0
2026-09-30 03:00,6532,273,9,3,5725.7,0.0,0.218,600.0,400.0
2026-09-30 04:00,6533,273,9,4,5988.5,0.0,0.379,600.0,400.0
2026-09-30 05:00,6534,273,9,5,6159.4,0.0,0.131,600.0,400.0
2026-09-30 06:00,6535,273,9,6,6231.5,0.062,0.123,600.0,400.0
2026-09-30 07:00,6536,273,9,7,6942.9,0.243,0.227,600.0,400.0
2026-09-30 08:00,6537,273,9,8,6999.1,0.336,0.279,600.0,400.0
2026-09-30 09:00,6538,273,9,9,7262.9,0.322,0.043,600.0,400.0
2026-09-30 10:00,6539,273,9,10,6043.6,0.598,0.241,600.0,400.0
2026-09-30 11:00,6540,273,9,11,5100.0,0.707,0.171,600.0,400.0
2026-09-30 12:00,6541,273,9,12,5100.0,0.664,0.348,600.0,400.0
2026-09-30 13:00,6542,273,9,13,5100.0,0.727,0.251,600.0,400.0
2026-09-30 14:00,6543,273,9,14,5100.0,0.547,0.436,600.0,400.0
2026-09-30 15:00,6544,273,9,15,5822.4,0.459,0.252,600.0,400.0
2026-09-30 16:00,6545,273,9,16,7329.4,0.44,0.477,600.0,400.0
2026-09-30 17:00,6546,273,9,17,8125.1,0.26,0.424,600.0,400.0
2026-09-30 18:00,6547,273,9,18,8520.7,0.091,0.512,600.0,400.0
2026-09-30 19:00,6548,273,9,19,8642.5,0.0,0.508,600.0,400.0
2026-09-30 20:00,6549,273,9,20,8246.6,0.0,0.33,600.0,400.0
2026-09-30 21:00,6550,273,9,21,7407.9,0.0,0.274,600.0,400.0
2026-09-30 22:00,6551,273,9,22,6527.4,0.0,0.466,600.0,400.0
2026-09-30 23:00,6552,273,9,23,6201.1,0.0,0.259,600.0,400.0
2026-10-01 00:00,6553,274,10,0,5679.8,0.0,0.118,600.0,400.0
2026-10-01 01:00,6554,274,10,1,5497.8,0.0,0.479,600.0,400.0
2026-10-01 02:00,6555,274,10,2,5579.2,0.0,0.239,600.0,400.0
2026-10-01 03:00,6556,274,10,3,5427.6,0.0,0.123,600.0,400.0
2026-10-01 04:00,6557,274,10,4,5724.7,0.0,0.301,600.0,400.0
2026-10-01 05:00,6558,274,10,5,6136.5,0.0,0.409,600.0,400.0
2026-10-01 06:00,6559,274,10,6,6450.9,0.076,0.372,600.0,400.0
2026-10-01 07:00,6560,274,10,7,7036.0,0.164,0.237,600.0,400.0
2026-10-01 08:00,6561,274,10,8,7102.8,0.373,0.084,600.0,400.0
2026-10-01 09:00,6562,274,10,9,7366.9,0.367,0.285,600.0,400.0
2026-10-01 10:00,6563,274,10,10,6095.3,0.636,0.261,600.0,400.0
2026-10-01 11:00,6564,274,10,11,5347.9,0.53,0.141,600.0,400.0
2026-10-01 12:00,6565,274,10,12,5100.0,0.632,0.439,600.0,400.0
2026-10-01 13:00,6566,274,10,13,5100.0,0.571,0.099,600.0,400.0
2026-10-01 14:00,6567,274,10,14,5100.0,0.502,0.23,600.0,400.0
2026-10-01 15:00,6568,274,10,15,5819.8,0.543,0.116,600.0,400.0
2026-10-01 16:00,6569,274,10,16,7351.1,0.379,0.557,600.0,400.0
2026-10-01 17:00,6570,274,10,17,8390.4,0.262,0.078,600.0,400.0
2026-10-01 18:00,6571,274,10,18,8752.1,0.093,0.295,600.0,400.0
2026-10-01 19:00,6572,274,10,19,8562.1,0.0,0.55,600.0,400.0
2026-10-01 20:00,6573,274,10,20,8526.9,0.0,0.222,600.0,400.0
2026-10-01 21:00,6574,274,10,21,7239.6,0.0,0.14,600.0,400.0
2026-10-01 22:00,6575,274,10,22,6555.4,0.0,0.151,600.0,400.0
2026-10-01 23:00,6576,274,10,23,6200.9,0.0,0.278,600.0,400.0
2026-10-02 00:00,6577,275,10,0,5518.8,0.0,0.277,600.0,400.0
2026-10-02 01:00,6578,275,10,1,5456.1,0.0,0.39,600.0,400.0
2026-10-02 02:00,6579,275,10,2,5664.7,0.0,0.177,600.0,400.0
2026-10-02 03:00,6580,275,10,3,5365.2,0.0,0.342,600.0,400.0
2026-10-02 04:00,6581,275,10,4,5696.0,0.0,0.739,600.0,400.0
2026-10-02 05:00,6582,275,10,5,5997.8,0.0,0.39,600.0,400.0
2026-10-02 06:00,6583,275,10,6,6298.0,0.038,0.271,600.0,400.0
2026-10-02 07:00,6584,275,10,7,6564.7,0.256,0.429,600.0,400.0
2026-10-02 08:00,6585,275,10,8,7406.4,0.374,0.545,600.0,400.0
2026-10-02 09:00,6586,275,10,9,7168.1,0.276,0.242,600.0,400.0
2026-10-02 10:00,6587,275,10,10,6355.2,0.437,0.157,600.0,400.0
2026-10-02 11:00,6588,275,10,11,5100.0,0.716,0.431,600.0,400.0
2026-10-02 12:00,6589,275,10,12,5100.0,0.628,0.396,600.0,400.0
2026-10-02 13:00,6590,275,10,13,5100.0,0.519,0.098,600.0,400.0
2026-10-02 14:00,6591,275,10,14,5100.0,0.562,0.535,600.0,400.0
2026-10-02 15:00,6592,275,10,15,5662.3,0.445,0.24,600.0,400.0
2026-10-02 16:00,6593,275,10,16,7551.3,0.457,0.233,600.0,400.0
2026-10-02 17:00,6594,275,10,17,8084.6,0.274,0.251,600.0,400.0
2026-10-02 18:00,6595,275,10,18,8479.0,0.065,0.248,600.0,400.0
2026-10-02 19:00,6596,275,10,19,8985.9,0.0,0.341,600.0,400.0
2026-10-02 20:00,6597,275,10,20,8103.3,0.0,0.374,600.0,400.0
2026-10-02 21:00,6598,275,10,21,7217.5,0.0,0.3,600.0,400.0
2026-10-02 22:00,6599,275,10,22,6247.5,0.0,0.289,600.0,400.0
2026-10-02 23:00,6600,275,10,23,6294.5,0.0,0.436,600.0,400.0
2026-10-03 00:00,6601,276,10,0,5100.0,0.0,0.03,600.0,400.0
2026-10-03 01:00,6602,276,10,1,5177.4,0.0,0.581,600.0,400.0
2026-10-03 02:00,6603,276,10,2,5320.2,0.0,0.367,600.0,400.0
2026-10-03 03:00,6604,276,10,3,5267.4,0.0,0.344,600.0,400.0
2026-10-03 04:00,6605,276,10,4,5273.1,0.0,0.222,600.0,400.0
2026-10-03 05:00,6606,276,10,5,5209.6,0.0,0.501,600.0,400.0
2026-10-03 06:00,6607,276,10,6,5704.4,0.091,0.03,600.0,400.0
2026-10-03 07:00,6608,276,10,7,6296.8,0.27,0.079,600.0,400.0
2026-10-03 08:00,6609,276,10,8,6453.3,0.451,0.328,600.0,400.0
2026-10-03 09:00,6610,276,10,9,6612.0,0.435,0.302,600.0,400.0
2026-10-03 10:00,6611,276,10,10,5745.2,0.596,0.156,600.0,400.0
2026-10-03 11:00,6612,276,10,11,5100.0,0.778,0.267,600.0,400.0
2026-10-03 12:00,6613,276,10,12,5100.0,0.69,0.259,600.0,400.0
2026-10-03 13:00,6614,276,10,13,5100.0,0.616,0.272,600.0,400.0
2026-10-03 14:00,6615,276,10,14,5100.0,0.654,0.315,600.0,400.0
2026-10-03 15:00,6616,276,10,15,5382.4,0.48,0.754,600.0,400.0
2026-10-03 16:00,6617,276,10,16,6905.2,0.382,0.737,600.0,400.0
2026-10-03 17:00,6618,276,10,17,7907.9,0.293,0.734,600.0,400.0
2026-10-03 18:00,6619,276,10,18,7841.3,0.096,0.35,600.0,400.0
2026-10-03 19:00,6620,276,10,19,8035.5,0.0,0.252,600.0,400.0
2026-10-03 20:00,6621,276,10,20,7148.7,0.0,0.364,600.0,400.0
2026-10-03 21:00,6622,276,10,21,6760.4,0.0,0.393,600.0,400.0
2026-10-03 22:00,6623,276,10,22,6066.1,0.0,0.244,600.0,400.0
2026-10-03 23:00,6624,276,10,23,5528.4,0.0,0.38,600.0,400.0
2026-10-04 00:00,6625,277,10,0,5100.0,0.0,0.36,600.0,400.0
2026-10-04 01:00,6626,277,10,1,5100.0,0.0,0.522,600.0,400.0
2026-10-04 02:00,6627,277,10,2,5233.9,0.0,0.177,600.0,400.0
2026-10-04 03:00,6628,277,10,3,5432.8,0.0,0.34,600.0,400.0
2026-10-04 04:00,6629,277,10,4,5188.1,0.0,0.231,600.0,400.0
2026-10-04 05:00,6630,277,10,5,5552.3,0.0,0.11,600.0,400.0
2026-10-04 06:00,6631,277,10,6,5583.0,0.065,0.17,600.0,400.0
2026-10-04 07:00,6632,277,10,7,6339.9,0.239,0.068,600.0,400.0
2026-10-04 08:00,6633,277,10,8,6516.3,0.268,0.165,600.0,400.0
2026-10-04 09:00,6634,277,10,9,6457.4,0.409,0.075,600.0,400.0
2026-10-04 10:00,6635,277,10,10,5514.5,0.689,0.424,600.0,400.0
2026-10-04 11:00,6636,277,10,11,5100.0,0.409,0.097,600.0,400.0
2026-10-04 12:00,6637,277,10,12,5100.0,0.719,0.38,600.0,400.0
2026-10-04 13:00,6638,277,10,13,5100.0,0.589,0.47,600.0,400.0
2026-10-04 14:00,6639,277,10,14,5100.0,0.63,0.265,600.0,400.0
2026-10-04 15:00,6640,277,10,15,5376.1,0.359,0.088,600.0,400.0
2026-10-04 16:00,6641,277,10,16,6555.0,0.413,0.348,600.0,400.0
2026-10-04 17:00,6642,277,10,17,7816.9,0.25,0.203,600.0,400.0
2026-10-04 18:00,6643,277,10,18,7935.0,0.082,0.179,600.0,400.0
2026-10-04 19:00,6644,277,10,19,7964.4,0.0,0.365,600.0,400.0
2026-10-04 20:00,6645,277,10,20,7372.8,0.0,0.271,600.0,400.0
2026-10-04 21:00,6646,277,10,21,7017.4,0.0,0.452,600.0,400.0
2026-10-04 22:00,6647,277,10,22,6096.1,0.0,0.37,600.0,400.0
2026-10-04 23:00,6648,277,10,23,5384.8,0.0,0.498,600.0,400.0
2026-10-05 00:00,6649,278,10,0,5793.2,0.0,0.096,600.0,400.0
2026-10-05 01:00,6650,278,10,1,5649.5,0.0,0.186,600.0,400.0
2026-10-05 02:00,6651,278,10,2,5665.2,0.0,0.303,600.0,400.0
2026-10-05 03:00,6652,278,10,3,5597.0,0.0,0.446,600.0,400.0
2026-10-05 04:00,6653,278,10,4,5622.1,0.0,0.378,600.0,400.0
2026-10-05 05:00,6654,278,10,5,6012.6,0.0,0.298,600.0,400.0
2026-10-05 06:00,6655,278,10,6,6254.0,0.082,0.25,600.0,400.0
2026-10-05 07:00,6656,278,10,7,7102.4,0.242,0.262,600.0,400.0
2026-10-05 08:00,6657,278,10,8,6948.2,0.454,0.132,600.0,400.0
2026-10-05 09:00,6658,278,10,9,7397.3,0.575,0.25,600.0,400.0
2026-10-05 10:00,6659,278,10,10,6108.4,0.475,0.224,600.0,400.0
2026-10-05 11:00,6660,278,10,11,5160.3,0.786,0.199,600.0,400.0
2026-10-05 12:00,6661,278,10,12,5100.0,0.823,0.428,600.0,400.0
2026-10-05 13:00,6662,278,10,13,5100.0,0.569,0.409,600.0,400.0
2026-10-05 14:00,6663,278,10,14,5100.0,0.715,0.099,600.0,400.0
2026-10-05 15:00,6664,278,10,15,5417.6,0.421,0.693,600.0,400.0
2026-10-05 16:00,6665,278,10,16,7201.0,0.411,0.193,600.0,400.0
2026-10-05 17:00,6666,278,10,17,8036.4,0.186,0.193,600.0,400.0
2026-10-05 18:00,6667,278,10,18,8572.9,0.099,0.646,600.0,400.0
2026-10-05 19:00,6668,278,10,19,8739.0,0.0,0.309,600.0,400.0
2026-10-05 20:00,6669,278,10,20,8245.7,0.0,0.506,600.0,400.0
2026-10-05 21:00,6670,278,10,21,7427.2,0.0,0.238,600.0,400.0
2026-10-05 22:00,6671,278,10,22,6568.5,0.0,0.552,600.0,400.0
2026-10-05 23:00,6672,278,10,23,5909.5,0.0,0.5,600.0,400.0
2026-10-06 00:00,6673,279,10,0,5675.2,0.0,0.315,600.0,400.0
2026-10-06 01:00,6674,279,10,1,5637.3,0.0,0.383,600.0,400.0
2026-10-06 02:00,6675,279,10,2,5773.8,0.0,0.585,600.0,400.0
2026-10-06 03:00,6676,279,10,3,5776.4,0.0,0.245,600.0,400.0
2026-10-06 04:00,6677,279,10,4,5746.9,0.0,0.246,600.0,400.0
2026-10-06 05:00,6678,279,10,5,5815.0,0.0,0.316,600.0,400.0
2026-10-06 06:00,6679,279,10,6,6236.7,0.089,0.192,600.0,400.0
2026-10-06 07:00,6680,279,10,7,6723.7,0.216,0.46,600.0,400.0
2026-10-06 08:00,6681,279,10,8,7100.9,0.365,0.057,600.0,400.0
2026-10-06 09:00,6682,279,10,9,7194.4,0.388,0.192,600.0,400.0
2026-10-06 10:00,6683,279,10,10,6240.7,0.542,0.3,600.0,400.0
2026-10-06 11:00,6684,279,10,11,5104.3,0.66,0.213,600.0,400.0
2026-10-06 12:00,6685,279,10,12,5100.0,0.587,0.166,600.0,400.0
2026-10-06 13:00,6686,279,10,13,5100.0,0.804,0.231,600.0,400.0
2026-10-06 14:00,6687,279,10,14,5100.0,0.313,0.473,600.0,400.0
2026-10-06 15:00,6688,279,10,15,5702.7,0.352,0.312,600.0,400.0
2026-10-06 16:00,6689,279,10,16,7035.3,0.391,0.238,600.0,400.0
2026-10-06 17:00,6690,279,10,17,8073.0,0.261,0.399,600.0,400.0
2026-10-06 18:00,6691,279,10,18,8849.1,0.064,0.38,600.0,400.0
2026-10-06 19:00,6692,279,10,19,8660.9,0.0,0.362,600.0,400.0
2026-10-06 20:00,6693,279,10,20,8146.0,0.0,0.287,600.0,400.0
2026-10-06 21:00,6694,279,10,21,7389.4,0.0,0.116,600.0,400.0
2026-10-06 22:00,6695,279,10,22,6613.3,0.0,0.385,600.0,400.0
2026-10-06 23:00,6696,279,10,23,5843.2,0.0,0.284,600.0,400.0
2026-10-07 00:00,6697,280,10,0,5775.7,0.0,0.277,600.0,400.0
2026-10-07 01:00,6698,280,10,1,5797.8,0.0,0.186,600.0,400.0
2026-10-07 02:00,6699,280,10,2,5443.3,0.0,0.182,600.0,400.0
2026-10-07 03:00,6700,280,10,3,5520.3,0.0,0.384,600.0,400.0
2026-10-07 04:00,6701,280,10,4,5932.6,0.0,0.241,600.0,400.0
2026-10-07 05:00,6702,280,10,5,5935.1,0.0,0.1,600.0,400.0
2026-10-07 06:00,6703,280,10,6,5986.0,0.063,0.063,600.0,400.0
2026-10-07 07:00,6704,280,10,7,6587.7,0.268,0.137,600.0,400.0
2026-10-07 08:00,6705,280,10,8,7111.4,0.33,0.215,600.0,400.0
2026-10-07 09:00,6706,280,10,9,6965.5,0.39,0.257,600.0,400.0
2026-10-07 10:00,6707,280,10,10,6060.1,0.581,0.111,600.0,400.0
2026-10-07 11:00,6708,280,10,11,5117.7,0.616,0.214,600.0,400.0
2026-10-07 12:00,6709,280,10,12,5100.0,0.692,0.086,600.0,400.0
2026-10-07 13:00,6710,280,10,13,5100.0,0.599,0.066,600.0,400.0
2026-10-07 14:00,6711,280,10,14,5100.0,0.447,0.458,600.0,400.0
2026-10-07 15:00,6712,280,10,15,6079.4,0.566,0.36,600.0,400.0
2026-10-07 16:00,6713,280,10,16,7545.7,0.419,0.445,600.0,400.0
2026-10-07 17:00,6714,280,10,17,8229.8,0.235,0.177,600.0,400.0
2026-10-07 18:00,6715,280,10,18,8459.3,0.085,0.249,600.0,400.0
2026-10-07 19:00,6716,280,10,19,8847.1,0.0,0.308,600.0,400.0
2026-10-07 20:00,6717,280,10,20,8351.8,0.0,0.414,600.0,400.0
2026-10-07 21:00,6718,280,10,21,7301.8,0.0,0.35,600.0,400.0
2026-10-07 22:00,6719,280,10,22,6809.1,0.0,0.352,600.0,400.0
2026-10-07 23:00,6720,280,10,23,6153.5,0.0,0.164,600.0,400.0
2026-10-08 00:00,6721,281,10,0,5707.1,0.0,0.296,600.0,400.0
2026-10-08 01:00,6722,281,10,1,5791.2,0.0,0.453,600.0,400.0
2026-10-08 02:00,6723,281,10,2,5677.4,0.0,0.281,600.0,400.0
2026-10-08 03:00,6724,281,10,3,5253.3,0.0,0.153,600.0,400.0
2026-10-08 04:00,6725,281,10,4,5662.2,0.0,0.219,600.0,400.0
2026-10-08 05:00,6726,281,10,5,6150.1,0.0,0.33,600.0,400.0
2026-10-08 06:00,6727,281,10,6,6212.0,0.091,0.107,600.0,400.0
2026-10-08 07:00,6728,281,10,7,6775.9,0.273,0.245,600.0,400.0
2026-10-08 08:00,6729,281,10,8,6984.1,0.346,0.463,600.0,400.0
2026-10-08 09:00,6730,281,10,9,7437.0,0.485,0.185,600.0,400.0
2026-10-08 10:00,6731,281,10,10,6395.3,0.456,0.061,600.0,400.0
2026-10-08 11:00,6732,281,10,11,5100.0,0.531,0.281,600.0,400.0
2026-10-08 12:00,6733,281,10,12,5100.0,0.698,0.07,600.0,400.0
2026-10-08 13:00,6734,281,10,13,5100.0,0.638,0.149,600.0,400.0
2026-10-08 14:00,6735,281,10,14,5100.0,0.467,0.079,600.0,400.0
2026-10-08 15:00,6736,281,10,15,5932.3,0.565,0.157,600.0,400.0
2026-10-08 16:00,6737,281,10,16,7446.1,0.405,0.499,600.0,400.0
2026-10-08 17:00,6738,281,10,17,8237.3,0.254,0.434,600.0,400.0
2026-10-08 18:00,6739,281,10,18,9243.1,0.076,0.258,600.0,400.0
2026-10-08 19:00,6740,281,10,19,8608.9,0.0,0.588,600.0,400.0
2026-10-08 20:00,6741,281,10,20,7910.3,0.0,0.418,600.0,400.0
2026-10-08 21:00,6742,281,10,21,7251.9,0.0,0.31,600.0,400.0
2026-10-08 22:00,6743,281,10,22,6279.1,0.0,0.111,600.0,400.0
2026-10-08 23:00,6744,281,10,23,5777.2,0.0,0.432,600.0,400.0
2026-10-09 00:00,6745,282,10,0,5456.0,0.0,0.255,600.0,400.0
2026-10-09 01:00,6746,282,10,1,5469.8,0.0,0.214,600.0,400.0
2026-10-09 02:00,6747,282,10,2,5471.3,0.0,0.197,600.0,400.0
2026-10-09 03:00,6748,282,10,3,5735.0,0.0,0.031,600.0,400.0
2026-10-09 04:00,6749,282,10,4,5661.0,0.0,0.341,600.0,400.0
2026-10-09 05:00,6750,282,10,5,5929.8,0.0,0.116,600.0,400.0
2026-10-09 06:00,6751,282,10,6,6484.3,0.051,0.233,600.0,400.0
2026-10-09 07:00,6752,282,10,7,6689.1,0.251,0.037,600.0,400.0
2026-10-09 08:00,6753,282,10,8,7109.0,0.479,0.259,600.0,400.0
2026-10-09 09:00,6754,282,10,9,7210.1,0.559,0.182,600.0,400.0
2026-10-09 10:00,6755,282,10,10,5815.6,0.618,0.269,600.0,400.0
2026-10-09 11:00,6756,282,10,11,5100.0,0.709,0.091,600.0,400.0
2026-10-09 12:00,6757,282,10,12,5100.0,0.651,0.169,600.0,400.0
2026-10-09 13:00,6758,282,10,13,5100.0,0.478,0.112,600.0,400.0
2026-10-09 14:00,6759,282,10,14,5143.9,0.668,0.336,600.0,400.0
2026-10-09 15:00,6760,282,10,15,5876.1,0.49,0.124,600.0,400.0
2026-10-09 16:00,6761,282,10,16,7447.3,0.207,0.358,600.0,400.0
2026-10-09 17:00,6762,282,10,17,8152.9,0.244,0.151,600.0,400.0
2026-10-09 18:00,6763,282,10,18,8821.0,0.098,0.645,600.0,400.0
2026-10-09 19:00,6764,282,10,19,9040.2,0.0,0.296,600.0,400.0
2026-10-09 20:00,6765,282,10,20,7844.2,0.0,0.154,600.0,400.0
2026-10-09 21:00,6766,282,10,21,7381.0,0.0,0.089,600.0,400.0
2026-10-09 22:00,6767,282,10,22,6871.7,0.0,0.252,600.0,400.0
2026-10-09 23:00,6768,282,10,23,6061.1,0.0,0.555,600.0,400.0
2026-10-10 00:00,6769,283,10,0,5431.0,0.0,0.15,600.0,400.0
2026-10-10 01:00,6770,283,10,1,5100.0,0.0,0.431,600.0,400.0
2026-10-10 02:00,6771,283,10,2,5169.0,0.0,0.246,600.0,400.0
2026-10-10 03:00,6772,283,10,3,5205.3,0.0,0.393,600.0,400.0
2026-10-10 04:00,6773,283,10,4,5100.0,0.0,0.418,600.0,400.0
2026-10-10 05:00,6774,283,10,5,5295.0,0.0,0.665,600.0,400.0
2026-10-10 06:00,6775,283,10,6,5658.4,0.071,0.076,600.0,400.0
2026-10-10 07:00,6776,283,10,7,6398.3,0.272,0.327,600.0,400.0
2026-10-10 08:00,6777,283,10,8,6718.7,0.297,0.074,600.0,400.0
2026-10-10 09:00,6778,283,10,9,6631.3,0.641,0.165,600.0,400.0
2026-10-10 10:00,6779,283,10,10,5768.0,0.429,0.274,600.0,400.0
2026-10-10 11:00,6780,283,10,11,5100.0,0.771,0.219,600.0,400.0
2026-10-10 12:00,6781,283,10,12,5100.0,0.41,0.27,600.0,400.0
2026-10-10 13:00,6782,283,10,13,5100.0,0.743,0.558,600.0,400.0
2026-10-10 14:00,6783,283,10,14,5100.0,0.621,0.426,600.0,400.0
2026-10-10 15:00,6784,283,10,15,5340.2,0.411,0.239,600.0,400.0
2026-10-10 16:00,6785,283,10,16,6840.4,0.347,0.35,600.0,400.0
2026-10-10 17:00,6786,283,10,17,7462.1,0.237,0.091,600.0,400.0
2026-10-10 18:00,6787,283,10,18,8227.8,0.071,0.307,600.0,400.0
2026-10-10 19:00,6788,283,10,19,7890.4,0.0,0.386,600.0,400.0
2026-10-10 20:00,6789,283,10,20,7353.5,0.0,0.446,600.0,400.0
2026-10-10 21:00,6790,283,10,21,6839.6,0.0,0.593,600.0,400.0
2026-10-10 22:00,6791,283,10,22,5993.4,0.0,0.231,600.0,400.0
2026-10-10 23:00,6792,283,10,23,5462.1,0.0,0.567,600.0,400.0
2026-10-11 00:00,6793,284,10,0,5309.3,0.0,0.379,600.0,400.0
2026-10-11 01:00,6794,284,10,1,5100.0,0.0,0.105,600.0,400.0
2026-10-11 02:00,6795,284,10,2,5142.1,0.0,0.232,600.0,400.0
2026-10-11 03:00,6796,284,10,3,5423.8,0.0,0.254,600.0,400.0
2026-10-11 04:00,6797,284,10,4,5528.9,0.0,0.198,600.0,400.0
2026-10-11 05:00,6798,284,10,5,5733.5,0.0,0.104,600.0,400.0
2026-10-11 06:00,6799,284,10,6,5788.8,0.057,0.243,600.0,400.0
2026-10-11 07:00,6800,284,10,7,6463.6,0.208,0.103,600.0,400.0
2026-10-11 08:00,6801,284,10,8,6427.4,0.448,0.4,600.0,400.0
2026-10-11 09:00,6802,284,10,9,6434.3,0.514,0.365,600.0,400.0
2026-10-11 10:00,6803,284,10,10,5260.1,0.729,0.219,600.0,400.0
2026-10-11 11:00,6804,284,10,11,5100.0,0.505,0.079,600.0,400.0
2026-10-11 12:00,6805,284,10,12,5100.0,0.463,0.266,600.0,400.0
2026-10-11 13:00,6806,284,10,13,5100.0,0.454,0.296,600.0,400.0
2026-10-11 14:00,6807,284,10,14,5100.0,0.578,0.48,600.0,400.0
2026-10-11 15:00,6808,284,10,15,5493.9,0.408,0.098,600.0,400.0
2026-10-11 16:00,6809,284,10,16,6670.8,0.407,0.395,600.0,400.0
2026-10-11 17:00,6810,284,10,17,7320.7,0.256,0.347,600.0,400.0
2026-10-11 18:00,6811,284,10,18,8142.2,0.077,0.178,600.0,400.0
2026-10-11 19:00,6812,284,10,19,7842.1,0.0,0.15,600.0,400.0
2026-10-11 20:00,6813,284,10,20,7395.3,0.0,0.434,600.0,400.0
2026-10-11 21:00,6814,284,10,21,6392.5,0.0,0.262,600.0,400.0
2026-10-11 22:00,6815,284,10,22,5779.8,0.0,0.95,600.0,400.0
2026-10-11 23:00,6816,284,10,23,5563.3,0.0,0.558,600.0,400.0
2026-10-12 00:00,6817,285,10,0,5301.9,0.0,0.335,600.0,400.0
2026-10-12 01:00,6818,285,10,1,5380.4,0.0,0.352,600.0,400.0
2026-10-12 02:00,6819,285,10,2,5623.7,0.0,0.143,600.0,400.0
2026-10-12 03:00,6820,285,10,3,5565.1,0.0,0.458,600.0,400.0
2026-10-12 04:00,6821,285,10,4,6060.7,0.0,0.234,600.0,400.0
2026-10-12 05:00,6822,285,10,5,6252.0,0.0,0.243,600.0,400.0
2026-10-12 06:00,6823,285,10,6,6202.3,0.102,0.38,600.0,400.0
2026-10-12 07:00,6824,285,10,7,6900.8,0.241,0.03,600.0,400.0
2026-10-12 08:00,6825,285,10,8,7271.2,0.442,0.217,600.0,400.0
2026-10-12 09:00,6826,285,10,9,7056.0,0.553,0.261,600.0,400.0
2026-10-12 10:00,6827,285,10,10,5887.0,0.696,0.117,600.0,400.0
2026-10-12 11:00,6828,285,10,11,5110.5,0.702,0.079,600.0,400.0
2026-10-12 12:00,6829,285,10,12,5100.0,0.617,0.26,600.0,400.0
2026-10-12 13:00,6830,285,10,13,5100.0,0.522,0.279,600.0,400.0
2026-10-12 14:00,6831,285,10,14,5100.0,0.568,0.214,600.0,400.0
2026-10-12 15:00,6832,285,10,15,5730.7,0.479,0.5,600.0,400.0
2026-10-12 16:00,6833,285,10,16,7131.9,0.476,0.224,600.0,400.0
2026-10-12 17:00,6834,285,10,17,8201.7,0.272,0.326,600.0,400.0
2026-10-12 18:00,6835,285,10,18,8835.2,0.096,0.184,600.0,400.0
2026-10-12 19:00,6836,285,10,19,8585.1,0.0,0.047,600.0,400.0
2026-10-12 20:00,6837,285,10,20,8332.5,0.0,0.302,600.0,400.0
2026-10-12 21:00,6838,285,10,21,7031.5,0.0,0.346,600.0,400.0
2026-10-12 22:00,6839,285,10,22,6437.5,0.0,0.466,600.0,400.0
2026-10-12 23:00,6840,285,10,23,5974.7,0.0,0.297,600.0,400.0
2026-10-13 00:00,6841,286,10,0,5514.4,0.0,0.214,600.0,400.0
2026-10-13 01:00,6842,286,10,1,5527.0,0.0,0.336,600.0,400.0
2026-10-13 02:00,6843,286,10,2,5923.4,0.0,0.233,600.0,400.0
2026-10-13 03:00,6844,286,10,3,5516.0,0.0,0.166,600.0,400.0
2026-10-13 04:00,6845,286,10,4,6132.6,0.0,0.449,600.0,400.0
2026-10-13 05:00,6846,286,10,5,6028.5,0.0,0.248,600.0,400.0
2026-10-13 06:00,6847,286,10,6,6355.9,0.096,0.132,600.0,400.0
2026-10-13 07:00,6848,286,10,7,6887.9,0.232,0.276,600.0,400.0
2026-10-13 08:00,6849,286,10,8,7556.1,0.414,0.328,600.0,400.0
2026-10-13 09:00,6850,286,10,9,6992.6,0.628,0.31,600.0,400.0
2026-10-13 10:00,6851,286,10,10,5947.0,0.604,0.258,600.0,400.0
2026-10-13 11:00,6852,286,10,11,5100.0,0.42,0.242,600.0,400.0
2026-10-13 12:00,6853,286,10,12,5100.0,0.742,0.358,600.0,400.0
2026-10-13 13:00,6854,286,10,13,5100.0,0.692,0.344,600.0,400.0
2026-10-13 14:00,6855,286,10,14,5100.0,0.605,0.305,600.0,400.0
2026-10-13 15:00,6856,286,10,15,6121.8,0.528,0.36,600.0,400.0
2026-10-13 16:00,6857,286,10,16,7340.4,0.416,0.163,600.0,400.0
2026-10-13 17:00,6858,286,10,17,8137.4,0.296,0.059,600.0,400.0
2026-10-13 18:00,6859,286,10,18,8674.5,0.09,0.624,600.0,400.0
2026-10-13 19:00,6860,286,10,19,8917.2,0.0,0.642,600.0,400.0
2026-10-13 20:00,6861,286,10,20,8051.9,0.0,0.493,600.0,400.0
2026-10-13 21:00,6862,286,10,21,7610.2,0.0,0.276,600.0,400.0
2026-10-13 22:00,6863,286,10,22,6839.3,0.0,0.165,600.0,400.0
2026-10-13 23:00,6864,286,10,23,6057.0,0.0,0.257,600.0,400.0
2026-10-14 00:00,6865,287,10,0,5614.3,0.0,0.413,600.0,400.0
2026-10-14 01:00,6866,287,10,1,5782.3,0.0,0.227,600.0,400.0
2026-10-14 02:00,6867,287,10,2,5799.2,0.0,0.411,600.0,400.0
2026-10-14 03:00,6868,287,10,3,5523.1,0.0,0.329,600.0,400.0
2026-10-14 04:00,6869,287,10,4,5657.8,0.0,0.294,600.0,400.0
2026-10-14 05:00,6870,287,10,5,5747.0,0.0,0.447,600.0,400.0
2026-10-14 06:00,6871,287,10,6,6406.7,0.077,0.395,600.0,400.0
2026-10-14 07:00,6872,287,10,7,6918.3,0.189,0.291,600.0,400.0
2026-10-14 08:00,6873,287,10,8,6935.3,0.241,0.127,600.0,400.0
2026-10-14 09:00,6874,287,10,9,7078.7,0.56,0.428,600.0,400.0
2026-10-14 10:00,6875,287,10,10,5910.7,0.478,0.141,600.0,400.0
2026-10-14 11:00,6876,287,10,11,5100.0,0.441,0.195,600.0,400.0
2026-10-14 12:00,6877,287,10,12,5100.0,0.724,0.385,600.0,400.0
2026-10-14 13:00,6878,287,10,13,5100.0,0.468,0.156,600.0,400.0
2026-10-14 14:00,6879,287,10,14,5100.0,0.709,0.333,600.0,400.0
2026-10-14 15:00,6880,287,10,15,5590.4,0.598,0.276,600.0,400.0
2026-10-14 16:00,6881,287,10,16,7346.1,0.466,0.361,600.0,400.0
2026-10-14 17:00,6882,287,10,17,8177.1,0.294,0.657,600.0,400.0
2026-10-14 18:00,6883,287,10,18,8656.8,0.066,0.496,600.0,400.0
2026-10-14 19:00,6884,287,10,19,8743.2,0.0,0.241,600.0,400.0
2026-10-14 20:00,6885,287,10,20,8212.9,0.0,0.104,600.0,400.0
2026-10-14 21:00,6886,287,10,21,7184.4,0.0,0.713,600.0,400.0
2026-10-14 22:00,6887,287,10,22,6293.8,0.0,0.368,600.0,400.0
2026-10-14 23:00,6888,287,10,23,6304.9,0.0,0.172,600.0,400.0
2026-10-15 00:00,6889,288,10,0,5514.9,0.0,0.363,600.0,400.0
2026-10-15 01:00,6890,288,10,1,5601.9,0.0,0.078,600.0,400.0
2026-10-15 02:00,6891,288,10,2,5785.8,0.0,0.156,600.0,400.0
2026-10-15 03:00,6892,288,10,3,6216.8,0.0,0.312,600.0,400.0
2026-10-15 04:00,6893,288,10,4,5542.9,0.0,0.215,600.0,400.0
2026-10-15 05:00,6894,288,10,5,6030.5,0.0,0.18,600.0,400.0
2026-10-15 06:00,6895,288,10,6,6228.0,0.095,0.278,600.0,400.0
2026-10-15 07:00,6896,288,10,7,6725.5,0.227,0.366,600.0,400.0
2026-10-15 08:00,6897,288,10,8,7036.1,0.198,0.276,600.0,400.0
2026-10-15 09:00,6898,288,10,9,6971.5,0.488,0.209,600.0,400.0
2026-10-15 10:00,6899,288,10,10,6119.6,0.612,0.279,600.0,400.0
2026-10-15 11:00,6900,288,10,11,5100.0,0.724,0.305,600.0,400.0
2026-10-15 12:00,6901,288,10,12,5100.0,0.641,0.357,600.0,400.0
2026-10-15 13:00,6902,288,10,13,5100.0,0.846,0.193,600.0,400.0
2026-10-15 14:00,6903,288,10,14,5100.0,0.499,0.121,600.0,400.0
2026-10-15 15:00,6904,288,10,15,5776.2,0.589,0.371,600.0,400.0
2026-10-15 16:00,6905,288,10,16,7257.4,0.383,0.138,600.0,400.0
2026-10-15 17:00,6906,288,10,17,8230.2,0.303,0.302,600.0,400.0
2026-10-15 18:00,6907,288,10,18,8587.2,0.095,0.207,600.0,400.0
2026-10-15 19:00,6908,288,10,19,8716.1,0.0,0.258,600.0,400.0
2026-10-15 20:00,6909,288,10,20,8046.5,0.0,0.322,600.0,400.0
2026-10-15 21:00,6910,288,10,21,7172.3,0.0,0.587,600.0,400.0
2026-10-15 22:00,6911,288,10,22,6192.4,0.0,0.416,600.0,400.0
2026-10-15 23:00,6912,288,10,23,6230.3,0.0,0.171,600.0,400.0
2026-10-16 00:00,6913,289,10,0,5506.3,0.0,0.522,600.0,400.0
2026-10-16 01:00,6914,289,10,1,5803.5,0.0,0.293,600.0,400.0
2026-10-16 02:00,6915,289,10,2,5795.1,0.0,0.163,600.0,400.0
2026-10-16 03:00,6916,289,10,3,5446.3,0.0,0.272,600.0,400.0
2026-10-16 04:00,6917,289,10,4,5567.9,0.0,0.141,600.0,400.0
2026-10-16 05:00,6918,289,10,5,6368.2,0.0,0.193,600.0,400.0
2026-10-16 06:00,6919,289,10,6,6621.4,0.097,0.341,600.0,400.0
2026-10-16 07:00,6920,289,10,7,6806.6,0.2,0.272,600.0,400.0
2026-10-16 08:00,6921,289,10,8,7192.5,0.476,0.212,600.0,400.0
2026-10-16 09:00,6922,289,10,9,7050.6,0.273,0.137,600.0,400.0
2026-10-16 10:00,6923,289,10,10,6195.4,0.509,0.159,600.0,400.0
2026-10-16 11:00,6924,289,10,11,5100.0,0.723,0.532,600.0,400.0
2026-10-16 12:00,6925,289,10,12,5100.0,0.644,0.195,600.0,400.0
2026-10-16 13:00,6926,289,10,13,5100.0,0.451,0.305,600.0,400.0
2026-10-16 14:00,6927,289,10,14,5100.0,0.536,0.277,600.0,400.0
2026-10-16 15:00,6928,289,10,15,5669.8,0.5,0.058,600.0,400.0
2026-10-16 16:00,6929,289,10,16,7305.4,0.431,0.605,600.0,400.0
2026-10-16 17:00,6930,289,10,17,8012.3,0.295,0.122,600.0,400.0
2026-10-16 18:00,6931,289,10,18,8648.2,0.057,0.404,600.0,400.0
2026-10-16 19:00,6932,289,10,19,8909.9,0.0,0.507,600.0,400.0
2026-10-16 20:00,6933,289,10,20,8223.6,0.0,0.467,600.0,400.0
2026-10-16 21:00,6934,289,10,21,7313.2,0.0,0.506,600.0,400.0
2026-10-16 22:00,6935,289,10,22,6670.6,0.0,0.45,600.0,400.0
2026-10-16 23:00,6936,289,10,23,6092.9,0.0,0.295,600.0,400.0
2026-10-17 00:00,6937,290,10,0,5398.3,0.0,0.539,600.0,400.0
2026-10-17 01:00,6938,290,10,1,5100.0,0.0,0.532,600.0,400.0
2026-10-17 02:00,6939,290,10,2,5105.4,0.0,0.253,600.0,400.0
2026-10-17 03:00,6940,290,10,3,5100.0,0.0,0.256,600.0,400.0
2026-10-17 04:00,6941,290,10,4,5214.0,0.0,0.243,600.0,400.0
2026-10-17 05:00,6942,290,10,5,5636.2,0.0,0.165,600.0,400.0
2026-10-17 06:00,6943,290,10,6,6041.9,0.103,0.099,600.0,400.0
2026-10-17 07:00,6944,290,10,7,6420.4,0.182,0.149,600.0,400.0
2026-10-17 08:00,6945,290,10,8,6292.1,0.276,0.349,600.0,400.0
2026-10-17 09:00,6946,290,10,9,6752.7,0.541,0.234,600.0,400.0
2026-10-17 10:00,6947,290,10,10,5342.0,0.695,0.366,600.0,400.0
2026-10-17 11:00,6948,290,10,11,5100.0,0.708,0.326,600.0,400.0
2026-10-17 12:00,6949,290,10,12,5100.0,0.697,0.197,600.0,400.0
2026-10-17 13:00,6950,290,10,13,5100.0,0.728,0.147,600.0,400.0
2026-10-17 14:00,6951,290,10,14,5100.0,0.694,0.303,600.0,400.0
2026-10-17 15:00,6952,290,10,15,5570.1,0.519,0.563,600.0,400.0
2026-10-17 16:00,6953,290,10,16,6496.5,0.346,0.487,600.0,400.0
2026-10-17 17:00,6954,290,10,17,7422.5,0.256,0.452,600.0,400.0
2026-10-17 18:00,6955,290,10,18,7911.8,0.082,0.465,600.0,400.0
2026-10-17 19:00,6956,290,10,19,7790.8,0.0,0.347,600.0,400.0
2026-10-17 20:00,6957,290,10,20,7544.4,0.0,0.179,600.0,400.0
2026-10-17 21:00,6958,290,10,21,7018.6,0.0,0.237,600.0,400.0
2026-10-17 22:00,6959,290,10,22,6434.3,0.0,0.364,600.0,400.0
2026-10-17 23:00,6960,290,10,23,5550.2,0.0,0.239,600.0,400.0
2026-10-18 00:00,6961,291,10,0,5345.6,0.0,0.446,600.0,400.0
2026-10-18 01:00,6962,291,10,1,5205.1,0.0,0.242,600.0,400.0
2026-10-18 02:00,6963,291,10,2,5254.0,0.0,0.121,600.0,400.0
2026-10-18 03:00,6964,291,10,3,5145.2,0.0,0.381,600.0,400.0
2026-10-18 04:00,6965,291,10,4,5313.9,0.0,0.321,600.0,400.0
2026-10-18 05:00,6966,291,10,5,5567.9,0.0,0.156,600.0,400.0
2026-10-18 06:00,6967,291,10,6,5741.4,0.066,0.519,600.0,400.0
2026-10-18 07:00,6968,291,10,7,6254.3,0.255,0.191,600.0,400.0
2026-10-18 08:00,6969,291,10,8,6569.8,0.295,0.277,600.0,400.0
2026-10-18 09:00,6970,291,10,9,6711.7,0.498,0.399,600.0,400.0
2026-10-18 10:00,6971,291,10,10,5465.6,0.701,0.116,600.0,400.0
2026-10-18 11:00,6972,291,10,11,5100.0,0.754,0.4,600.0,400.0
2026-10-18 12:00,6973,291,10,12,5100.0,0.818,0.324,600.0,400.0
2026-10-18 13:00,6974,291,10,13,5100.0,0.622,0.139,600.0,400.0
2026-10-18 14:00,6975,291,10,14,5100.0,0.63,0.344,600.0,400.0
2026-10-18 15:00,6976,291,10,15,5386.6,0.564,0.493,600.0,400.0
2026-10-18 16:00,6977,291,10,16,6782.2,0.29,0.457,600.0,400.0
2026-10-18 17:00,6978,291,10,17,7689.8,0.254,0.45,600.0,400.0
2026-10-18 18:00,6979,291,10,18,8321.2,0.073,0.171,600.0,400.0
2026-10-18 19:00,6980,291,10,19,7759.3,0.0,0.19,600.0,400.0
2026-10-18 20:00,6981,291,10,20,7318.8,0.0,0.358,600.0,400.0
2026-10-18 21:00,6982,291,10,21,6939.1,0.0,0.372,600.0,400.0
2026-10-18 22:00,6983,291,10,22,5963.3,0.0,0.646,600.0,400.0
2026-10-18 23:00,6984,291,10,23,5427.2,0.0,0.305,600.0,400.0
2026-10-19 00:00,6985,292,10,0,5415.5,0.0,0.224,600.0,400.0
2026-10-19 01:00,6986,292,10,1,5528.6,0.0,0.166,600.0,400.0
2026-10-19 02:00,6987,292,10,2,5399.7,0.0,0.083,600.0,400.0
2026-10-19 03:00,6988,292,10,3,5986.7,0.0,0.089,600.0,400.0
2026-10-19 04:00,6989,292,10,4,5738.4,0.0,0.274,600.0,400.0
2026-10-19 05:00,6990,292,10,5,5949.3,0.0,0.128,600.0,400.0
2026-10-19 06:00,6991,292,10,6,6435.3,0.088,0.366,600.0,400.0
2026-10-19 07:00,6992,292,10,7,6965.6,0.271,0.251,600.0,400.0
2026-10-19 08:00,6993,292,10,8,7302.6,0.457,0.362,600.0,400.0
2026-10-19 09:00,6994,292,10,9,7323.3,0.369,0.199,600.0,400.0
2026-10-19 10:00,6995,292,10,10,6025.3,0.558,0.257,600.0,400.0
2026-10-19 11:00,6996,292,10,11,5100.0,0.576,0.244,600.0,400.0
2026-10-19 12:00,6997,292,10,12,5100.0,0.655,0.592,600.0,400.0
2026-10-19 13:00,6998,292,10,13,5100.0,0.707,0.389,600.0,400.0
2026-10-19 14:00,6999,292,10,14,5100.0,0.773,0.315,600.0,400.0
2026-10-19 15:00,7000,292,10,15,5914.6,0.447,0.337,600.0,400.0
2026-10-19 16:00,7001,292,10,16,7441.8,0.435,0.201,600.0,400.0
2026-10-19 17:00,7002,292,10,17,7899.8,0.271,0.434,600.0,400.0
2026-10-19 18:00,7003,292,10,18,8887.8,0.091,0.762,600.0,400.0
2026-10-19 19:00,7004,292,10,19,8736.0,0.0,0.155,600.0,400.0
2026-10-19 20:00,7005,292,10,20,8297.2,0.0,0.403,600.0,400.0
2026-10-19 21:00,7006,292,10,21,7439.1,0.0,0.342,600.0,400.0
2026-10-19 22:00,7007,292,10,22,6787.3,0.0,0.53,600.0,400.0
2026-10-19 23:00,7008,292,10,23,6232.5,0.0,0.03,600.0,400.0
2026-10-20 00:00,7009,293,10,0,5831.6,0.0,0.146,600.0,400.0
2026-10-20 01:00,7010,293,10,1,5848.4,0.0,0.073,600.0,400.0
2026-10-20 02:00,7011,293,10,2,5670.7,0.0,0.145,600.0,400.0
2026-10-20 03:00,7012,293,10,3,5657.3,0.0,0.344,600.0,400.0
2026-10-20 04:00,7013,293,10,4,5881.7,0.0,0.12,600.0,400.0
2026-10-20 05:00,7014,293,10,5,6075.7,0.0,0.277,600.0,400.0
2026-10-20 06:00,7015,293,10,6,6291.8,0.079,0.377,600.0,400.0
2026-10-20 07:00,7016,293,10,7,6876.4,0.224,0.053,600.0,400.0
2026-10-20 08:00,7017,293,10,8,7145.7,0.345,0.047,600.0,400.0
2026-10-20 09:00,7018,293,10,9,7014.9,0.433,0.542,600.0,400.0
2026-10-20 10:00,7019,293,10,10,6332.7,0.668,0.284,600.0,400.0
2026-10-20 11:00,7020,293,10,11,5121.3,0.822,0.114,600.0,400.0
2026-10-20 12:00,7021,293,10,12,5100.0,0.663,0.183,600.0,400.0
2026-10-20 13:00,7022,293,10,13,5100.0,0.693,0.618,600.0,400.0
2026-10-20 14:00,7023,293,10,14,5100.0,0.441,0.173,600.0,400.0
2026-10-20 15:00,7024,293,10,15,5856.0,0.547,0.408,600.0,400.0
2026-10-20 16:00,7025,293,10,16,7498.2,0.429,0.198,600.0,400.0
2026-10-20 17:00,7026,293,10,17,8248.1,0.308,0.275,600.0,400.0
2026-10-20 18:00,7027,293,10,18,8823.1,0.092,0.559,600.0,400.0
2026-10-20 19:00,7028,293,10,19,8593.0,0.0,0.073,600.0,400.0
2026-10-20 20:00,7029,293,10,20,7998.9,0.0,0.248,600.0,400.0
2026-10-20 21:00,7030,293,10,21,7366.4,0.0,0.328,600.0,400.0
2026-10-20 22:00,7031,293,10,22,6311.7,0.0,0.387,600.0,400.0
2026-10-20 23:00,7032,293,10,23,5930.9,0.0,0.07,600.0,400.0
2026-10-21 00:00,7033,294,10,0,5696.3,0.0,0.269,600.0,400.0
2026-10-21 01:00,7034,294,10,1,5460.2,0.0,0.231,600.0,400.0
2026-10-21 02:00,7035,294,10,2,5880.9,0.0,0.059,600.0,400.0
2026-10-21 03:00,7036,294,10,3,5847.9,0.0,0.211,600.0,400.0
2026-10-21 04:00,7037,294,10,4,5490.6,0.0,0.472,600.0,400.0
2026-10-21 05:00,7038,294,10,5,5809.4,0.0,0.163,600.0,400.0
2026-10-21 06:00,7039,294,10,6,5975.5,0.082,0.254,600.0,400.0
2026-10-21 07:00,7040,294,10,7,6686.5,0.291,0.16,600.0,400.0
2026-10-21 08:00,7041,294,10,8,7273.9,0.329,0.092,600.0,400.0
2026-10-21 09:00,7042,294,10,9,7085.3,0.5,0.157,600.0,400.0
2026-10-21 10:00,7043,294,10,10,6200.0,0.549,0.217,600.0,400.0
2026-10-21 11:00,7044,294,10,11,5100.0,0.745,0.17,600.0,400.0
2026-10-21 12:00,7045,294,10,12,5100.0,0.614,0.292,600.0,400.0
2026-10-21 13:00,7046,294,10,13,5100.0,0.552,0.524,600.0,400.0
2026-10-21 14:00,7047,294,10,14,5100.0,0.751,0.094,600.0,400.0
2026-10-21 15:00,7048,294,10,15,5835.9,0.561,0.389,600.0,400.0
2026-10-21 16:00,7049,294,10,16,7112.7,0.414,0.03,600.0,400.0
2026-10-21 17:00,7050,294,10,17,7999.7,0.209,0.03,600.0,400.0
2026-10-21 18:00,7051,294,10,18,8928.3,0.09,0.155,600.0,400.0
2026-10-21 19:00,7052,294,10,19,8837.2,0.0,0.325,600.0,400.0
2026-10-21 20:00,7053,294,10,20,8352.0,0.0,0.095,600.0,400.0
2026-10-21 21:00,7054,294,10,21,7366.7,0.0,0.447,600.0,400.0
2026-10-21 22:00,7055,294,10,22,6552.9,0.0,0.073,600.0,400.0
2026-10-21 23:00,7056,294,10,23,5739.8,0.0,0.317,600.0,400.0
2026-10-22 00:00,7057,295,10,0,5572.9,0.0,0.386,600.0,400.0
2026-10-22 01:00,7058,295,10,1,5613.0,0.0,0.187,600.0,400.0
2026-10-22 02:00,7059,295,10,2,5936.6,0.0,0.308,600.0,400.0
2026-10-22 03:00,7060,295,10,3,5762.0,0.0,0.177,600.0,400.0
2026-10-22 04:00,7061,295,10,4,5987.8,0.0,0.15,600.0,400.0
2026-10-22 05:00,7062,295,10,5,6054.2,0.0,0.362,600.0,400.0
2026-10-22 06:00,7063,295,10,6,6227.4,0.084,0.175,600.0,400.0
2026-10-22 07:00,7064,295,10,7,6830.4,0.233,0.336,600.0,400.0
2026-10-22 08:00,7065,295,10,8,7189.1,0.272,0.133,600.0,400.0
2026-10-22 09:00,7066,295,10,9,7001.3,0.607,0.177,600.0,400.0
2026-10-22 10:00,7067,295,10,10,6064.8,0.726,0.093,600.0,400.0
2026-10-22 11:00,7068,295,10,11,5100.0,0.531,0.234,600.0,400.0
2026-10-22 12:00,7069,295,10,12,5100.0,0.584,0.208,600.0,400.0
2026-10-22 13:00,7070,295,10,13,5100.0,0.728,0.03,600.0,400.0
2026-10-22 14:00,7071,295,10,14,5100.0,0.779,0.264,600.0,400.0
2026-10-22 15:00,7072,295,10,15,5700.9,0.563,0.103,600.0,400.0
2026-10-22 16:00,7073,295,10,16,7096.7,0.288,0.485,600.0,400.0
2026-10-22 17:00,7074,295,10,17,8373.0,0.284,0.316,600.0,400.0
2026-10-22 18:00,7075,295,10,18,8890.5,0.061,0.421,600.0,400.0
2026-10-22 19:00,7076,295,10,19,8974.1,0.0,0.515,600.0,400.0
2026-10-22 20:00,7077,295,10,20,8312.1,0.0,0.098,600.0,400.0
2026-10-22 21:00,7078,295,10,21,7644.4,0.0,0.26,600.0,400.0
2026-10-22 22:00,7079,295,10,22,6619.4,0.0,0.068,600.0,400.0
2026-10-22 23:00,7080,295,10,23,5990.9,0.0,0.092,600.0,400.0
2026-10-23 00:00,7081,296,10,0,5671.1,0.0,0.077,600.0,400.0
2026-10-23 01:00,7082,296,10,1,5816.4,0.0,0.284,600.0,400.0
2026-10-23 02:00,7083,296,10,2,5499.4,0.0,0.259,600.0,400.0
2026-10-23 03:00,7084,296,10,3,5547.8,0.0,0.084,600.0,400.0
2026-10-23 04:00,7085,296,10,4,5692.6,0.0,0.167,600.0,400.0
2026-10-23 05:00,7086,296,10,5,5621.8,0.0,0.153,600.0,400.0
2026-10-23 06:00,7087,296,10,6,6363.3,0.098,0.164,600.0,400.0
2026-10-23 07:00,7088,296,10,7,6509.9,0.224,0.265,600.0,400.0
2026-10-23 08:00,7089,296,10,8,7159.8,0.491,0.283,600.0,400.0
2026-10-23 09:00,7090,296,10,9,7290.0,0.623,0.172,600.0,400.0
2026-10-23 10:00,7091,296,10,10,6050.0,0.38,0.332,600.0,400.0
2026-10-23 11:00,7092,296,10,11,5380.8,0.616,0.209,600.0,400.0
2026-10-23 12:00,7093,296,10,12,5100.0,0.697,0.255,600.0,400.0
2026-10-23 13:00,7094,296,10,13,5100.0,0.598,0.129,600.0,400.0
2026-10-23 14:00,7095,296,10,14,5100.0,0.66,0.175,600.0,400.0
2026-10-23 15:00,7096,296,10,15,5576.2,0.559,0.394,600.0,400.0
2026-10-23 16:00,7097,296,10,16,7749.9,0.364,0.687,600.0,400.0
2026-10-23 17:00,7098,296,10,17,8174.0,0.243,0.417,600.0,400.0
2026-10-23 18:00,7099,296,10,18,8633.0,0.109,0.099,600.0,400.0
2026-10-23 19:00,7100,296,10,19,8548.3,0.0,0.163,600.0,400.0
2026-10-23 20:00,7101,296,10,20,8148.8,0.0,0.311,600.0,400.0
2026-10-23 21:00,7102,296,10,21,7294.4,0.0,0.454,600.0,400.0
2026-10-23 22:00,7103,296,10,22,6546.4,0.0,0.173,600.0,400.0
2026-10-23 23:00,7104,296,10,23,5968.3,0.0,0.444,600.0,400.0
2026-10-24 00:00,7105,297,10,0,5268.2,0.0,0.33,600.0,400.0
2026-10-24 01:00,7106,297,10,1,5106.0,0.0,0.421,600.0,400.0
2026-10-24 02:00,7107,297,10,2,5100.0,0.0,0.299,600.0,400.0
2026-10-24 03:00,7108,297,10,3,5176.0,0.0,0.3,600.0,400.0
2026-10-24 04:00,7109,297,10,4,5100.0,0.0,0.163,600.0,400.0
2026-10-24 05:00,7110,297,10,5,5538.5,0.0,0.315,600.0,400.0
2026-10-24 06:00,7111,297,10,6,5677.2,0.059,0.362,600.0,400.0
2026-10-24 07:00,7112,297,10,7,6292.9,0.284,0.369,600.0,400.0
2026-10-24 08:00,7113,297,10,8,6789.4,0.427,0.049,600.0,400.0
2026-10-24 09:00,7114,297,10,9,6427.6,0.555,0.26,600.0,400.0
2026-10-24 10:00,7115,297,10,10,5806.0,0.738,0.555,600.0,400.0
2026-10-24 11:00,7116,297,10,11,5100.0,0.506,0.265,600.0,400.0
2026-10-24 12:00,7117,297,10,12,5100.0,0.714,0.133,600.0,400.0
2026-10-24 13:00,7118,297,10,13,5100.0,0.771,0.444,600.0,400.0
2026-10-24 14:00,7119,297,10,14,5100.0,0.627,0.188,600.0,400.0
2026-10-24 15:00,7120,297,10,15,5492.7,0.482,0.08,600.0,400.0
2026-10-24 16:00,7121,297,10,16,6661.2,0.336,0.278,600.0,400.0
2026-10-24 17:00,7122,297,10,17,7394.8,0.263,0.13,600.0,400.0
2026-10-24 18:00,7123,297,10,18,7995.1,0.056,0.144,600.0,400.0
2026-10-24 19:00,7124,297,10,19,8064.4,0.0,0.317,600.0,400.0
2026-10-24 20:00,7125,297,10,20,7744.0,0.0,0.39,600.0,400.0
2026-10-24 21:00,7126,297,10,21,6420.1,0.0,0.598,600.0,400.0
2026-10-24 22:00,7127,297,10,22,6011.3,0.0,0.43,600.0,400.0
2026-10-24 23:00,7128,297,10,23,5634.7,0.0,0.509,600.0,400.0
2026-10-25 00:00,7129,298,10,0,5197.8,0.0,0.27,600.0,400.0
2026-10-25 01:00,7130,298,10,1,5377.6,0.0,0.221,600.0,400.0
2026-10-25 02:00,7131,298,10,2,5162.2,0.0,0.314,600.0,400.0
2026-10-25 03:00,7132,298,10,3,5170.4,0.0,0.339,600.0,400.0
2026-10-25 04:00,7133,298,10,4,5377.4,0.0,0.271,600.0,400.0
2026-10-25 05:00,7134,298,10,5,5497.8,0.0,0.16,600.0,400.0
2026-10-25 06:00,7135,298,10,6,5771.4,0.091,0.186,600.0,400.0
2026-10-25 07:00,7136,298,10,7,6349.3,0.324,0.205,600.0,400.0
2026-10-25 08:00,7137,298,10,8,6474.8,0.438,0.034,600.0,400.0
2026-10-25 09:00,7138,298,10,9,6481.6,0.323,0.375,600.0,400.0
2026-10-25 10:00,7139,298,10,10,5551.7,0.608,0.23,600.0,400.0
2026-10-25 11:00,7140,298,10,11,5100.0,0.617,0.328,600.0,400.0
2026-10-25 12:00,7141,298,10,12,5100.0,0.856,0.133,600.0,400.0
2026-10-25 13:00,7142,298,10,13,5100.0,0.686,0.283,600.0,400.0
2026-10-25 14:00,7143,298,10,14,5100.0,0.737,0.521,600.0,400.0
2026-10-25 15:00,7144,298,10,15,5113.8,0.581,0.177,600.0,400.0
2026-10-25 16:00,7145,298,10,16,6780.4,0.453,0.243,600.0,400.0
2026-10-25 17:00,7146,298,10,17,7605.6,0.233,0.271,600.0,400.0
2026-10-25 18:00,7147,298,10,18,8165.9,0.091,0.276,600.0,400.0
2026-10-25 19:00,7148,298,10,19,7647.2,0.0,0.382,600.0,400.0
2026-10-25 20:00,7149,298,10,20,7747.9,0.0,0.288,600.0,400.0
2026-10-25 21:00,7150,298,10,21,6611.6,0.0,0.42,600.0,400.0
2026-10-25 22:00,7151,298,10,22,6117.5,0.0,0.321,600.0,400.0
2026-10-25 23:00,7152,298,10,23,5653.3,0.0,0.164,600.0,400.0
2026-10-26 00:00,7153,299,10,0,5475.9,0.0,0.613,600.0,400.0
2026-10-26 01:00,7154,299,10,1,5723.1,0.0,0.188,600.0,400.0
2026-10-26 02:00,7155,299,10,2,5562.4,0.0,0.301,600.0,400.0
2026-10-26 03:00,7156,299,10,3,5320.7,0.0,0.083,600.0,400.0
2026-10-26 04:00,7157,299,10,4,5928.9,0.0,0.457,600.0,400.0
2026-10-26 05:00,7158,299,10,5,5834.6,0.0,0.445,600.0,400.0
2026-10-26 06:00,7159,299,10,6,6204.5,0.107,0.185,600.0,400.0
2026-10-26 07:00,7160,299,10,7,6747.2,0.192,0.099,600.0,400.0
2026-10-26 08:00,7161,299,10,8,7194.9,0.374,0.312,600.0,400.0
2026-10-26 09:00,7162,299,10,9,7142.4,0.607,0.149,600.0,400.0
2026-10-26 10:00,7163,299,10,10,6213.9,0.686,0.295,600.0,400.0
2026-10-26 11:00,7164,299,10,11,5100.0,0.598,0.431,600.0,400.0
2026-10-26 12:00,7165,299,10,12,5100.0,0.361,0.279,600.0,400.0
2026-10-26 13:00,7166,299,10,13,5100.0,0.857,0.431,600.0,400.0
2026-10-26 14:00,7167,299,10,14,5117.3,0.65,0.172,600.0,400.0
2026-10-26 15:00,7168,299,10,15,5832.6,0.365,0.53,600.0,400.0
2026-10-26 16:00,7169,299,10,16,7489.8,0.495,0.191,600.0,400.0
2026-10-26 17:00,7170,299,10,17,8190.4,0.314,0.198,600.0,400.0
2026-10-26 18:00,7171,299,10,18,8696.0,0.103,0.559,600.0,400.0
2026-10-26 19:00,7172,299,10,19,8733.9,0.0,0.36,600.0,400.0
2026-10-26 20:00,7173,299,10,20,8157.1,0.0,0.501,600.0,400.0
2026-10-26 21:00,7174,299,10,21,7411.4,0.0,0.501,600.0,400.0
2026-10-26 22:00,7175,299,10,22,6749.9,0.0,0.398,600.0,400.0
2026-10-26 23:00,7176,299,10,23,6073.5,0.0,0.18,600.0,400.0
2026-10-27 00:00,7177,300,10,0,5806.1,0.0,0.395,600.0,400.0
2026-10-27 01:00,7178,300,10,1,5463.0,0.0,0.095,600.0,400.0
2026-10-27 02:00,7179,300,10,2,5557.7,0.0,0.162,600.0,400.0
2026-10-27 03:00,7180,300,10,3,5536.2,0.0,0.316,600.0,400.0
2026-10-27 04:00,7181,300,10,4,5792.3,0.0,0.446,600.0,400.0
2026-10-27 05:00,7182,300,10,5,5901.1,0.0,0.338,600.0,400.0
2026-10-27 06:00,7183,300,10,6,6458.0,0.041,0.175,600.0,400.0
2026-10-27 07:00,7184,300,10,7,6662.7,0.314,0.341,600.0,400.0
2026-10-27 08:00,7185,300,10,8,7158.2,0.434,0.466,600.0,400.0
2026-10-27 09:00,7186,300,10,9,7261.5,0.495,0.17,600.0,400.0
2026-10-27 10:00,7187,300,10,10,5795.8,0.604,0.127,600.0,400.0
2026-10-27 11:00,7188,300,10,11,5452.0,0.751,0.136,600.0,400.0
2026-10-27 12:00,7189,300,10,12,5100.0,0.724,0.214,600.0,400.0
2026-10-27 13:00,7190,300,10,13,5100.0,0.614,0.078,600.0,400.0
2026-10-27 14:00,7191,300,10,14,5100.0,0.617,0.273,600.0,400.0
2026-10-27 15:00,7192,300,10,15,5856.1,0.562,0.397,600.0,400.0
2026-10-27 16:00,7193,300,10,16,7303.1,0.245,0.319,600.0,400.0
2026-10-27 17:00,7194,300,10,17,8342.8,0.256,0.69,600.0,400.0
2026-10-27 18:00,7195,300,10,18,8893.0,0.097,0.311,600.0,400.0
2026-10-27 19:00,7196,300,10,19,8821.1,0.0,0.051,600.0,400.0
2026-10-27 20:00,7197,300,10,20,8256.0,0.0,0.322,600.0,400.0
2026-10-27 21:00,7198,300,10,21,7298.1,0.0,0.633,600.0,400.0
2026-10-27 22:00,7199,300,10,22,6814.1,0.0,0.131,600.0,400.0
2026-10-27 23:00,7200,300,10,23,5779.3,0.0,0.197,600.0,400.0
2026-10-28 00:00,7201,301,10,0,5638.5,0.0,0.407,600.0,400.0
2026-10-28 01:00,7202,301,10,1,5627.8,0.0,0.211,600.0,400.0
2026-10-28 02:00,7203,301,10,2,5754.2,0.0,0.394,600.0,400.0
2026-10-28 03:00,7204,301,10,3,5517.1,0.0,0.233,600.0,400.0
2026-10-28 04:00,7205,301,10,4,5463.0,0.0,0.368,600.0,400.0
2026-10-28 05:00,7206,301,10,5,5983.7,0.0,0.253,600.0,400.0
2026-10-28 06:00,7207,301,10,6,6386.2,0.085,0.084,600.0,400.0
2026-10-28 07:00,7208,301,10,7,7050.0,0.24,0.186,600.0,400.0
2026-10-28 08:00,7209,301,10,8,6948.0,0.452,0.169,600.0,400.0
2026-10-28 09:00,7210,301,10,9,7336.3,0.144,0.334,600.0,400.0
2026-10-28 10:00,7211,301,10,10,6505.0,0.655,0.267,600.0,400.0
2026-10-28 11:00,7212,301,10,11,5100.0,0.669,0.341,600.0,400.0
2026-10-28 12:00,7213,301,10,12,5100.0,0.725,0.205,600.0,400.0
2026-10-28 13:00,7214,301,10,13,5100.0,0.808,0.337,600.0,400.0
2026-10-28 14:00,7215,301,10,14,5100.0,0.745,0.091,600.0,400.0
2026-10-28 15:00,7216,301,10,15,5941.0,0.431,0.073,600.0,400.0
2026-10-28 16:00,7217,301,10,16,7221.6,0.503,0.218,600.0,400.0
2026-10-28 17:00,7218,301,10,17,8433.0,0.29,0.458,600.0,400.0
2026-10-28 18:00,7219,301,10,18,8595.1,0.087,0.344,600.0,400.0
2026-10-28 19:00,7220,301,10,19,8495.1,0.0,0.293,600.0,400.0
2026-10-28 20:00,7221,301,10,20,8361.1,0.0,0.591,600.0,400.0
2026-10-28 21:00,7222,301,10,21,6950.8,0.0,0.333,600.0,400.0
2026-10-28 22:00,7223,301,10,22,6497.3,0.0,0.381,600.0,400.0
2026-10-28 23:00,7224,301,10,23,6514.8,0.0,0.756,600.0,400.0
2026-10-29 00:00,7225,302,10,0,5614.3,0.0,0.316,600.0,400.0
2026-10-29 01:00,7226,302,10,1,5438.1,0.0,0.426,600.0,400.0
2026-10-29 02:00,7227,302,10,2,5614.9,0.0,0.245,600.0,400.0
2026-10-29 03:00,7228,302,10,3,5644.0,0.0,0.065,600.0,400.0
2026-10-29 04:00,7229,302,10,4,5767.7,0.0,0.39,600.0,400.0
2026-10-29 05:00,7230,302,10,5,6064.5,0.0,0.465,600.0,400.0
2026-10-29 06:00,7231,302,10,6,6175.0,0.083,0.206,600.0,400.0
2026-10-29 07:00,7232,302,10,7,7081.7,0.263,0.221,600.0,400.0
2026-10-29 08:00,7233,302,10,8,7190.5,0.462,0.196,600.0,400.0
2026-10-29 09:00,7234,302,10,9,7267.8,0.631,0.605,600.0,400.0
2026-10-29 10:00,7235,302,10,10,6025.7,0.645,0.404,600.0,400.0
2026-10-29 11:00,7236,302,10,11,5318.3,0.663,0.062,600.0,400.0
2026-10-29 12:00,7237,302,10,12,5100.0,0.582,0.359,600.0,400.0
2026-10-29 13:00,7238,302,10,13,5100.0,0.819,0.299,600.0,400.0
2026-10-29 14:00,7239,302,10,14,5100.0,0.656,0.057,600.0,400.0
2026-10-29 15:00,7240,302,10,15,5691.3,0.393,0.27,600.0,400.0
2026-10-29 16:00,7241,302,10,16,7426.3,0.356,0.153,600.0,400.0
2026-10-29 17:00,7242,302,10,17,8113.2,0.133,0.536,600.0,400.0
2026-10-29 18:00,7243,302,10,18,8636.8,0.078,0.049,600.0,400.0
2026-10-29 19:00,7244,302,10,19,8670.5,0.0,0.562,600.0,400.0
2026-10-29 20:00,7245,302,10,20,8295.9,0.0,0.656,600.0,400.0
2026-10-29 21:00,7246,302,10,21,7214.1,0.0,0.116,600.0,400.0
2026-10-29 22:00,7247,302,10,22,6511.2,0.0,0.438,600.0,400.0
2026-10-29 23:00,7248,302,10,23,6018.4,0.0,0.34,600.0,400.0
2026-10-30 00:00,7249,303,10,0,5309.4,0.0,0.624,600.0,400.0
2026-10-30 01:00,7250,303,10,1,5382.0,0.0,0.435,600.0,400.0
2026-10-30 02:00,7251,303,10,2,5677.9,0.0,0.358,600.0,400.0
2026-10-30 03:00,7252,303,10,3,5534.2,0.0,0.491,600.0,400.0
2026-10-30 04:00,7253,303,10,4,5911.1,0.0,0.129,600.0,400.0
2026-10-30 05:00,7254,303,10,5,6113.3,0.0,0.196,600.0,400.0
2026-10-30 06:00,7255,303,10,6,6456.3,0.066,0.361,600.0,400.0
2026-10-30 07:00,7256,303,10,7,7102.8,0.241,0.091,600.0,400.0
2026-10-30 08:00,7257,303,10,8,7138.0,0.455,0.42,600.0,400.0
2026-10-30 09:00,7258,303,10,9,7255.4,0.517,0.305,600.0,400.0
2026-10-30 10:00,7259,303,10,10,6032.7,0.579,0.208,600.0,400.0
2026-10-30 11:00,7260,303,10,11,5504.9,0.716,0.184,600.0,400.0
2026-10-30 12:00,7261,303,10,12,5100.0,0.742,0.123,600.0,400.0
2026-10-30 13:00,7262,303,10,13,5100.0,0.751,0.103,600.0,400.0
2026-10-30 14:00,7263,303,10,14,5100.0,0.621,0.248,600.0,400.0
2026-10-30 15:00,7264,303,10,15,6068.3,0.629,0.467,600.0,400.0
2026-10-30 16:00,7265,303,10,16,7292.6,0.482,0.32,600.0,400.0
2026-10-30 17:00,7266,303,10,17,8079.1,0.302,0.298,600.0,400.0
2026-10-30 18:00,7267,303,10,18,8913.3,0.098,0.248,600.0,400.0
2026-10-30 19:00,7268,303,10,19,8785.9,0.0,0.171,600.0,400.0
2026-10-30 20:00,7269,303,10,20,8213.3,0.0,0.829,600.0,400.0
2026-10-30 21:00,7270,303,10,21,7181.3,0.0,0.07,600.0,400.0
2026-10-30 22:00,7271,303,10,22,6255.2,0.0,0.244,600.0,400.0
2026-10-30 23:00,7272,303,10,23,6053.8,0.0,0.455,600.0,400.0
2026-10-31 00:00,7273,304,10,0,5311.7,0.0,0.315,600.0,400.0
2026-10-31 01:00,7274,304,10,1,5131.9,0.0,0.219,600.0,400.0
2026-10-31 02:00,7275,304,10,2,5404.0,0.0,0.705,600.0,400.0
2026-10-31 03:00,7276,304,10,3,5100.0,0.0,0.307,600.0,400.0
2026-10-31 04:00,7277,304,10,4,5113.9,0.0,0.179,600.0,400.0
2026-10-31 05:00,7278,304,10,5,5471.1,0.0,0.379,600.0,400.0
2026-10-31 06:00,7279,304,10,6,5820.7,0.081,0.113,600.0,400.0
2026-10-31 07:00,7280,304,10,7,6389.9,0.275,0.209,600.0,400.0
2026-10-31 08:00,7281,304,10,8,6455.2,0.329,0.347,600.0,400.0
2026-10-31 09:00,7282,304,10,9,6798.3,0.521,0.515,600.0,400.0
2026-10-31 10:00,7283,304,10,10,5950.9,0.663,0.19,600.0,400.0
2026-10-31 11:00,7284,304,10,11,5100.0,0.868,0.113,600.0,400.0
2026-10-31 12:00,7285,304,10,12,5100.0,0.617,0.271,600.0,400.0
2026-10-31 13:00,7286,304,10,13,5100.0,0.738,0.516,600.0,400.0
2026-10-31 14:00,7287,304,10,14,5100.0,0.645,0.345,600.0,400.0
2026-10-31 15:00,7288,304,10,15,5550.3,0.408,0.335,600.0,400.0
2026-10-31 16:00,7289,304,10,16,6869.0,0.36,0.227,600.0,400.0
2026-10-31 17:00,7290,304,10,17,7527.0,0.303,0.367,600.0,400.0
2026-10-31 18:00,7291,304,10,18,7598.9,0.106,0.564,600.0,400.0
2026-10-31 19:00,7292,304,10,19,7968.8,0.0,0.278,600.0,400.0
2026-10-31 20:00,7293,304,10,20,7429.2,0.0,0.217,600.0,400.0
2026-10-31 21:00,7294,304,10,21,6573.1,0.0,0.325,600.0,400.0
2026-10-31 22:00,7295,304,10,22,6027.2,0.0,0.273,600.0,400.0
2026-10-31 23:00,7296,304,10,23,5467.7,0.0,0.306,600.0,400.0
2026-11-01 00:00,7297,305,11,0,5100.0,0.0,0.122,600.0,400.0
2026-11-01 01:00,7298,305,11,1,5100.0,0.0,0.228,600.0,400.0
2026-11-01 02:00,7299,305,11,2,5100.0,0.0,0.431,600.0,400.0
2026-11-01 03:00,7300,305,11,3,5379.4,0.0,0.227,600.0,400.0
2026-11-01 04:00,7301,305,11,4,5176.9,0.0,0.531,600.0,400.0
2026-11-01 05:00,7302,305,11,5,5399.5,0.0,0.31,600.0,400.0
2026-11-01 06:00,7303,305,11,6,5760.8,0.101,0.185,600.0,400.0
2026-11-01 07:00,7304,305,11,7,6321.0,0.289,0.146,600.0,400.0
2026-11-01 08:00,7305,305,11,8,6652.2,0.507,0.279,600.0,400.0
2026-11-01 09:00,7306,305,11,9,6092.3,0.548,0.161,600.0,400.0
2026-11-01 10:00,7307,305,11,10,5799.6,0.742,0.426,600.0,400.0
2026-11-01 11:00,7308,305,11,11,5100.0,0.765,0.104,600.0,400.0
2026-11-01 12:00,7309,305,11,12,5100.0,0.723,0.055,600.0,400.0
2026-11-01 13:00,7310,305,11,13,5100.0,0.65,0.161,600.0,400.0
2026-11-01 14:00,7311,305,11,14,5100.0,0.291,0.319,600.0,400.0
2026-11-01 15:00,7312,305,11,15,5261.8,0.6,0.461,600.0,400.0
2026-11-01 16:00,7313,305,11,16,6766.7,0.448,0.164,600.0,400.0
2026-11-01 17:00,7314,305,11,17,7218.0,0.298,0.357,600.0,400.0
2026-11-01 18:00,7315,305,11,18,7892.7,0.092,0.161,600.0,400.0
2026-11-01 19:00,7316,305,11,19,8317.8,0.0,0.363,600.0,400.0
2026-11-01 20:00,7317,305,11,20,7380.8,0.0,0.06,600.0,400.0
2026-11-01 21:00,7318,305,11,21,6928.5,0.0,0.361,600.0,400.0
2026-11-01 22:00,7319,305,11,22,6064.5,0.0,0.338,600.0,400.0
2026-11-01 23:00,7320,305,11,23,5245.2,0.0,0.086,600.0,400.0
2026-11-02 00:00,7321,306,11,0,5717.8,0.0,0.393,600.0,400.0
2026-11-02 01:00,7322,306,11,1,5598.6,0.0,0.322,600.0,400.0
2026-11-02 02:00,7323,306,11,2,5551.2,0.0,0.326,600.0,400.0
2026-11-02 03:00,7324,306,11,3,5691.3,0.0,0.273,600.0,400.0
2026-11-02 04:00,7325,306,11,4,5818.0,0.0,0.332,600.0,400.0
2026-11-02 05:00,7326,306,11,5,6071.8,0.0,0.244,600.0,400.0
2026-11-02 06:00,7327,306,11,6,6529.7,0.083,0.421,600.0,400.0
2026-11-02 07:00,7328,306,11,7,6877.0,0.299,0.434,600.0,400.0
2026-11-02 08:00,7329,306,11,8,6931.2,0.517,0.294,600.0,400.0
2026-11-02 09:00,7330,306,11,9,7075.8,0.47,0.4,600.0,400.0
2026-11-02 10:00,7331,306,11,10,6597.1,0.451,0.422,600.0,400.0
2026-11-02 11:00,7332,306,11,11,5228.4,0.65,0.159,600.0,400.0
2026-11-02 12:00,7333,306,11,12,5100.0,0.894,0.641,600.0,400.0
2026-11-02 13:00,7334,306,11,13,5100.0,0.809,0.179,600.0,400.0
2026-11-02 14:00,7335,306,11,14,5100.0,0.604,0.05,600.0,400.0
2026-11-02 15:00,7336,306,11,15,5899.0,0.691,0.613,600.0,400.0
2026-11-02 16:00,7337,306,11,16,7310.3,0.444,0.19,600.0,400.0
2026-11-02 17:00,7338,306,11,17,7906.2,0.185,0.357,600.0,400.0
2026-11-02 18:00,7339,306,11,18,8776.3,0.059,0.712,600.0,400.0
2026-11-02 19:00,7340,306,11,19,8967.1,0.0,0.096,600.0,400.0
2026-11-02 20:00,7341,306,11,20,8088.1,0.0,0.23,600.0,400.0
2026-11-02 21:00,7342,306,11,21,7380.7,0.0,0.386,600.0,400.0
2026-11-02 22:00,7343,306,11,22,6666.3,0.0,0.464,600.0,400.0
2026-11-02 23:00,7344,306,11,23,5870.4,0.0,0.481,600.0,400.0
2026-11-03 00:00,7345,307,11,0,5544.0,0.0,0.526,600.0,400.0
2026-11-03 01:00,7346,307,11,1,5454.5,0.0,0.156,600.0,400.0
2026-11-03 02:00,7347,307,11,2,5492.5,0.0,0.228,600.0,400.0
2026-11-03 03:00,7348,307,11,3,5446.1,0.0,0.347,600.0,400.0
2026-11-03 04:00,7349,307,11,4,5598.0,0.0,0.329,600.0,400.0
2026-11-03 05:00,7350,307,11,5,6185.7,0.0,0.174,600.0,400.0
2026-11-03 06:00,7351,307,11,6,6194.7,0.109,0.166,600.0,400.0
2026-11-03 07:00,7352,307,11,7,6831.9,0.303,0.167,600.0,400.0
2026-11-03 08:00,7353,307,11,8,7070.8,0.465,0.381,600.0,400.0
2026-11-03 09:00,7354,307,11,9,7340.2,0.648,0.398,600.0,400.0
2026-11-03 10:00,7355,307,11,10,6336.0,0.494,0.036,600.0,400.0
2026-11-03 11:00,7356,307,11,11,5250.7,0.654,0.18,600.0,400.0
2026-11-03 12:00,7357,307,11,12,5100.0,0.833,0.212,600.0,400.0
2026-11-03 13:00,7358,307,11,13,5100.0,0.564,0.606,600.0,400.0
2026-11-03 14:00,7359,307,11,14,5100.0,0.5,0.547,600.0,400.0
2026-11-03 15:00,7360,307,11,15,6161.8,0.481,0.346,600.0,400.0
2026-11-03 16:00,7361,307,11,16,7194.6,0.451,0.085,600.0,400.0
2026-11-03 17:00,7362,307,11,17,8290.4,0.266,0.181,600.0,400.0
2026-11-03 18:00,7363,307,11,18,8942.9,0.109,0.299,600.0,400.0
2026-11-03 19:00,7364,307,11,19,8684.6,0.0,0.691,600.0,400.0
2026-11-03 20:00,7365,307,11,20,8350.1,0.0,0.133,600.0,400.0
2026-11-03 21:00,7366,307,11,21,7437.1,0.0,0.492,600.0,400.0
2026-11-03 22:00,7367,307,11,22,6806.5,0.0,0.187,600.0,400.0
2026-11-03 23:00,7368,307,11,23,5940.9,0.0,0.322,600.0,400.0
2026-11-04 00:00,7369,308,11,0,5410.5,0.0,0.437,600.0,400.0
2026-11-04 01:00,7370,308,11,1,5536.5,0.0,0.377,600.0,400.0
2026-11-04 02:00,7371,308,11,2,5657.5,0.0,0.4,600.0,400.0
2026-11-04 03:00,7372,308,11,3,5661.4,0.0,0.399,600.0,400.0
2026-11-04 04:00,7373,308,11,4,5679.1,0.0,0.183,600.0,400.0
2026-11-04 05:00,7374,308,11,5,5653.1,0.0,0.192,600.0,400.0
2026-11-04 06:00,7375,308,11,6,6416.5,0.111,0.346,600.0,400.0
2026-11-04 07:00,7376,308,11,7,7127.2,0.204,0.056,600.0,400.0
2026-11-04 08:00,7377,308,11,8,7225.6,0.404,0.223,600.0,400.0
2026-11-04 09:00,7378,308,11,9,7249.0,0.567,0.408,600.0,400.0
2026-11-04 10:00,7379,308,11,10,6217.8,0.676,0.389,600.0,400.0
2026-11-04 11:00,7380,308,11,11,5176.0,0.573,0.354,600.0,400.0
2026-11-04 12:00,7381,308,11,12,5100.0,0.581,0.048,600.0,400.0
2026-11-04 13:00,7382,308,11,13,5100.0,0.862,0.453,600.0,400.0
2026-11-04 14:00,7383,308,11,14,5100.0,0.65,0.503,600.0,400.0
2026-11-04 15:00,7384,308,11,15,5723.4,0.33,0.363,600.0,400.0
2026-11-04 16:00,7385,308,11,16,7276.3,0.382,0.223,600.0,400.0
2026-11-04 17:00,7386,308,11,17,8234.5,0.314,0.314,600.0,400.0
2026-11-04 18:00,7387,308,11,18,8722.8,0.112,0.464,600.0,400.0
2026-11-04 19:00,7388,308,11,19,8823.7,0.0,0.509,600.0,400.0
2026-11-04 20:00,7389,308,11,20,8254.3,0.0,0.265,600.0,400.0
2026-11-04 21:00,7390,308,11,21,7448.1,0.0,0.255,600.0,400.0
2026-11-04 22:00,7391,308,11,22,6735.2,0.0,0.448,600.0,400.0
2026-11-04 23:00,7392,308,11,23,6028.4,0.0,0.407,600.0,400.0
2026-11-05 00:00,7393,309,11,0,5406.9,0.0,0.312,600.0,400.0
2026-11-05 01:00,7394,309,11,1,5562.2,0.0,0.261,600.0,400.0
2026-11-05 02:00,7395,309,11,2,5631.1,0.0,0.341,600.0,400.0
2026-11-05 03:00,7396,309,11,3,5358.4,0.0,0.061,600.0,400.0
2026-11-05 04:00,7397,309,11,4,5964.2,0.0,0.088,600.0,400.0
2026-11-05 05:00,7398,309,11,5,5981.3,0.0,0.26,600.0,400.0
2026-11-05 06:00,7399,309,11,6,6402.2,0.1,0.135,600.0,400.0
2026-11-05 07:00,7400,309,11,7,7030.2,0.236,0.317,600.0,400.0
2026-11-05 08:00,7401,309,11,8,7050.5,0.32,0.313,600.0,400.0
2026-11-05 09:00,7402,309,11,9,7243.4,0.414,0.29,600.0,400.0
2026-11-05 10:00,7403,309,11,10,6108.7,0.487,0.404,600.0,400.0
2026-11-05 11:00,7404,309,11,11,5100.0,0.846,0.114,600.0,400.0
2026-11-05 12:00,7405,309,11,12,5100.0,0.42,0.166,600.0,400.0
2026-11-05 13:00,7406,309,11,13,5100.0,0.672,0.173,600.0,400.0
2026-11-05 14:00,7407,309,11,14,5100.0,0.685,0.403,600.0,400.0
2026-11-05 15:00,7408,309,11,15,5962.7,0.58,0.301,600.0,400.0
2026-11-05 16:00,7409,309,11,16,7016.2,0.487,0.203,600.0,400.0
2026-11-05 17:00,7410,309,11,17,8373.0,0.152,0.152,600.0,400.0
2026-11-05 18:00,7411,309,11,18,8941.8,0.081,0.573,600.0,400.0
2026-11-05 19:00,7412,309,11,19,8789.0,0.0,0.43,600.0,400.0
2026-11-05 20:00,7413,309,11,20,8147.7,0.0,0.349,600.0,400.0
2026-11-05 21:00,7414,309,11,21,7378.8,0.0,0.709,600.0,400.0
2026-11-05 22:00,7415,309,11,22,6896.2,0.0,0.53,600.0,400.0
2026-11-05 23:00,7416,309,11,23,5733.9,0.0,0.175,600.0,400.0
2026-11-06 00:00,7417,310,11,0,5741.3,0.0,0.31,600.0,400.0
2026-11-06 01:00,7418,310,11,1,5471.5,0.0,0.287,600.0,400.0
2026-11-06 02:00,7419,310,11,2,5620.9,0.0,0.443,600.0,400.0
2026-11-06 03:00,7420,310,11,3,5612.4,0.0,0.131,600.0,400.0
2026-11-06 04:00,7421,310,11,4,5673.5,0.0,0.232,600.0,400.0
2026-11-06 05:00,7422,310,11,5,5956.9,0.0,0.282,600.0,400.0
2026-11-06 06:00,7423,310,11,6,6159.7,0.104,0.448,600.0,400.0
2026-11-06 07:00,7424,310,11,7,6976.3,0.232,0.39,600.0,400.0
2026-11-06 08:00,7425,310,11,8,6864.2,0.439,0.229,600.0,400.0
2026-11-06 09:00,7426,310,11,9,7237.9,0.516,0.254,600.0,400.0
2026-11-06 10:00,7427,310,11,10,6074.0,0.761,0.367,600.0,400.0
2026-11-06 11:00,7428,310,11,11,5100.0,0.858,0.325,600.0,400.0
2026-11-06 12:00,7429,310,11,12,5100.0,0.645,0.421,600.0,400.0
2026-11-06 13:00,7430,310,11,13,5100.0,0.827,0.46,600.0,400.0
2026-11-06 14:00,7431,310,11,14,5100.0,0.547,0.435,600.0,400.0
2026-11-06 15:00,7432,310,11,15,5623.1,0.65,0.038,600.0,400.0
2026-11-06 16:00,7433,310,11,16,7390.0,0.444,0.228,600.0,400.0
2026-11-06 17:00,7434,310,11,17,8036.3,0.324,0.277,600.0,400.0
2026-11-06 18:00,7435,310,11,18,8701.3,0.113,0.415,600.0,400.0
2026-11-06 19:00,7436,310,11,19,8820.4,0.0,0.247,600.0,400.0
2026-11-06 20:00,7437,310,11,20,8060.4,0.0,0.256,600.0,400.0
2026-11-06 21:00,7438,310,11,21,7305.5,0.0,0.289,600.0,400.0
2026-11-06 22:00,7439,310,11,22,6287.8,0.0,0.67,600.0,400.0
2026-11-06 23:00,7440,310,11,23,6116.9,0.0,0.292,600.0,400.0
2026-11-07 00:00,7441,311,11,0,5449.3,0.0,0.149,600.0,400.0
2026-11-07 01:00,7442,311,11,1,5614.8,0.0,0.031,600.0,400.0
2026-11-07 02:00,7443,311,11,2,5188.7,0.0,0.177,600.0,400.0
2026-11-07 03:00,7444,311,11,3,5326.1,0.0,0.509,600.0,400.0
2026-11-07 04:00,7445,311,11,4,5100.0,0.0,0.506,600.0,400.0
2026-11-07 05:00,7446,311,11,5,5722.3,0.0,0.245,600.0,400.0
2026-11-07 06:00,7447,311,11,6,5958.1,0.098,0.274,600.0,400.0
2026-11-07 07:00,7448,311,11,7,6189.3,0.247,0.327,600.0,400.0
2026-11-07 08:00,7449,311,11,8,6777.1,0.504,0.067,600.0,400.0
2026-11-07 09:00,7450,311,11,9,6538.7,0.614,0.183,600.0,400.0
2026-11-07 10:00,7451,311,11,10,5562.9,0.8,0.273,600.0,400.0
2026-11-07 11:00,7452,311,11,11,5100.0,0.641,0.416,600.0,400.0
2026-11-07 12:00,7453,311,11,12,5100.0,0.61,0.334,600.0,400.0
2026-11-07 13:00,7454,311,11,13,5100.0,0.86,0.209,600.0,400.0
2026-11-07 14:00,7455,311,11,14,5100.0,0.569,0.501,600.0,400.0
2026-11-07 15:00,7456,311,11,15,5214.7,0.443,0.363,600.0,400.0
2026-11-07 16:00,7457,311,11,16,6585.3,0.258,0.479,600.0,400.0
2026-11-07 17:00,7458,311,11,17,7651.0,0.28,0.269,600.0,400.0
2026-11-07 18:00,7459,311,11,18,7972.9,0.099,0.03,600.0,400.0
2026-11-07 19:00,7460,311,11,19,7855.8,0.0,0.177,600.0,400.0
2026-11-07 20:00,7461,311,11,20,7432.4,0.0,0.633,600.0,400.0
2026-11-07 21:00,7462,311,11,21,6724.5,0.0,0.079,600.0,400.0
2026-11-07 22:00,7463,311,11,22,5818.6,0.0,0.373,600.0,400.0
2026-11-07 23:00,7464,311,11,23,5350.4,0.0,0.28,600.0,400.0
2026-11-08 00:00,7465,312,11,0,5504.7,0.0,0.277,600.0,400.0
2026-11-08 01:00,7466,312,11,1,5100.0,0.0,0.253,600.0,400.0
2026-11-08 02:00,7467,312,11,2,5122.4,0.0,0.093,600.0,400.0
2026-11-08 03:00,7468,312,11,3,5141.2,0.0,0.118,600.0,400.0
2026-11-08 04:00,7469,312,11,4,5215.2,0.0,0.08,600.0,400.0
2026-11-08 05:00,7470,312,11,5,5581.3,0.0,0.071,600.0,400.0
2026-11-08 06:00,7471,312,11,6,5985.6,0.089,0.085,600.0,400.0
2026-11-08 07:00,7472,312,11,7,6217.8,0.266,0.285,600.0,400.0
2026-11-08 08:00,7473,312,11,8,6381.4,0.257,0.095,600.0,400.0
2026-11-08 09:00,7474,312,11,9,6783.3,0.663,0.149,600.0,400.0
2026-11-08 10:00,7475,312,11,10,5620.9,0.749,0.278,600.0,400.0
2026-11-08 11:00,7476,312,11,11,5100.0,0.723,0.102,600.0,400.0
2026-11-08 12:00,7477,312,11,12,5100.0,0.871,0.449,600.0,400.0
2026-11-08 13:00,7478,312,11,13,5100.0,0.517,0.254,600.0,400.0
2026-11-08 14:00,7479,312,11,14,5100.0,0.794,0.583,600.0,400.0
2026-11-08 15:00,7480,312,11,15,5326.2,0.441,0.167,600.0,400.0
2026-11-08 16:00,7481,312,11,16,6694.8,0.381,0.07,600.0,400.0
2026-11-08 17:00,7482,312,11,17,7576.8,0.322,0.359,600.0,400.0
2026-11-08 18:00,7483,312,11,18,7982.1,0.043,0.252,600.0,400.0
2026-11-08 19:00,7484,312,11,19,8021.6,0.0,0.368,600.0,400.0
2026-11-08 20:00,7485,312,11,20,7475.2,0.0,0.324,600.0,400.0
2026-11-08 21:00,7486,312,11,21,6629.2,0.0,0.314,600.0,400.0
2026-11-08 22:00,7487,312,11,22,6204.2,0.0,0.531,600.0,400.0
2026-11-08 23:00,7488,312,11,23,5608.5,0.0,0.182,600.0,400.0
2026-11-09 00:00,7489,313,11,0,5656.3,0.0,0.306,600.0,400.0
2026-11-09 01:00,7490,313,11,1,5746.8,0.0,0.259,600.0,400.0
2026-11-09 02:00,7491,313,11,2,5581.8,0.0,0.348,600.0,400.0
2026-11-09 03:00,7492,313,11,3,5528.2,0.0,0.076,600.0,400.0
2026-11-09 04:00,7493,313,11,4,5645.6,0.0,0.258,600.0,400.0
2026-11-09 05:00,7494,313,11,5,5958.8,0.0,0.229,600.0,400.0
2026-11-09 06:00,7495,313,11,6,6171.7,0.06,0.498,600.0,400.0
2026-11-09 07:00,7496,313,11,7,6731.6,0.286,0.309,600.0,400.0
2026-11-09 08:00,7497,313,11,8,7068.7,0.439,0.111,600.0,400.0
2026-11-09 09:00,7498,313,11,9,7491.5,0.555,0.223,600.0,400.0
2026-11-09 10:00,7499,313,11,10,5682.4,0.795,0.33,600.0,400.0
2026-11-09 11:00,7500,313,11,11,5100.0,0.739,0.244,600.0,400.0
2026-11-09 12:00,7501,313,11,12,5100.0,0.884,0.2,600.0,400.0
2026-11-09 13:00,7502,313,11,13,5100.0,0.368,0.218,600.0,400.0
2026-11-09 14:00,7503,313,11,14,5100.0,0.642,0.227,600.0,400.0
2026-11-09 15:00,7504,313,11,15,5866.8,0.342,0.054,600.0,400.0
2026-11-09 16:00,7505,313,11,16,7209.4,0.353,0.415,600.0,400.0
2026-11-09 17:00,7506,313,11,17,7825.5,0.304,0.369,600.0,400.0
2026-11-09 18:00,7507,313,11,18,8806.3,0.095,0.225,600.0,400.0
2026-11-09 19:00,7508,313,11,19,8649.3,0.0,0.397,600.0,400.0
2026-11-09 20:00,7509,313,11,20,8056.0,0.0,0.249,600.0,400.0
2026-11-09 21:00,7510,313,11,21,7234.9,0.0,0.216,600.0,400.0
2026-11-09 22:00,7511,313,11,22,6809.2,0.0,0.451,600.0,400.0
2026-11-09 23:00,7512,313,11,23,6400.7,0.0,0.483,600.0,400.0
2026-11-10 00:00,7513,314,11,0,5650.9,0.0,0.362,600.0,400.0
2026-11-10 01:00,7514,314,11,1,5543.0,0.0,0.427,600.0,400.0
2026-11-10 02:00,7515,314,11,2,5435.7,0.0,0.227,600.0,400.0
2026-11-10 03:00,7516,314,11,3,5727.1,0.0,0.091,600.0,400.0
2026-11-10 04:00,7517,314,11,4,6027.3,0.0,0.285,600.0,400.0
2026-11-10 05:00,7518,314,11,5,5919.0,0.0,0.157,600.0,400.0
2026-11-10 06:00,7519,314,11,6,5960.6,0.109,0.327,600.0,400.0
2026-11-10 07:00,7520,314,11,7,6918.9,0.316,0.178,600.0,400.0
2026-11-10 08:00,7521,314,11,8,7309.0,0.479,0.273,600.0,400.0
2026-11-10 09:00,7522,314,11,9,6897.8,0.584,0.237,600.0,400.0
2026-11-10 10:00,7523,314,11,10,6154.5,0.626,0.347,600.0,400.0
2026-11-10 11:00,7524,314,11,11,5184.7,0.809,0.37,600.0,400.0
2026-11-10 12:00,7525,314,11,12,5100.0,0.944,0.084,600.0,400.0
2026-11-10 13:00,7526,314,11,13,5100.0,0.776,0.189,600.0,400.0
2026-11-10 14:00,7527,314,11,14,5100.0,0.831,0.464,600.0,400.0
2026-11-10 15:00,7528,314,11,15,5786.2,0.7,0.254,600.0,400.0
2026-11-10 16:00,7529,314,11,16,7078.6,0.295,0.313,600.0,400.0
2026-11-10 17:00,7530,314,11,17,7856.3,0.284,0.177,600.0,400.0
2026-11-10 18:00,7531,314,11,18,8975.1,0.081,0.352,600.0,400.0
2026-11-10 19:00,7532,314,11,19,8872.1,0.0,0.227,600.0,400.0
2026-11-10 20:00,7533,314,11,20,8198.1,0.0,0.525,600.0,400.0
2026-11-10 21:00,7534,314,11,21,7244.3,0.0,0.195,600.0,400.0
2026-11-10 22:00,7535,314,11,22,6445.4,0.0,0.266,600.0,400.0
2026-11-10 23:00,7536,314,11,23,5843.9,0.0,0.127,600.0,400.0
2026-11-11 00:00,7537,315,11,0,5556.7,0.0,0.345,600.0,400.0
2026-11-11 01:00,7538,315,11,1,5288.3,0.0,0.573,600.0,400.0
2026-11-11 02:00,7539,315,11,2,5517.0,0.0,0.15,600.0,400.0
2026-11-11 03:00,7540,315,11,3,5613.7,0.0,0.048,600.0,400.0
2026-11-11 04:00,7541,315,11,4,5851.5,0.0,0.222,600.0,400.0
2026-11-11 05:00,7542,315,11,5,5964.6,0.0,0.327,600.0,400.0
2026-11-11 06:00,7543,315,11,6,6481.3,0.111,0.502,600.0,400.0
2026-11-11 07:00,7544,315,11,7,7040.8,0.323,0.065,600.0,400.0
2026-11-11 08:00,7545,315,11,8,7334.2,0.442,0.32,600.0,400.0
2026-11-11 09:00,7546,315,11,9,7240.7,0.591,0.181,600.0,400.0
2026-11-11 10:00,7547,315,11,10,6142.3,0.745,0.115,600.0,400.0
2026-11-11 11:00,7548,315,11,11,5100.0,0.826,0.134,600.0,400.0
2026-11-11 12:00,7549,315,11,12,5100.0,0.684,0.463,600.0,400.0
2026-11-11 13:00,7550,315,11,13,5100.0,0.842,0.397,600.0,400.0
2026-11-11 14:00,7551,315,11,14,5100.0,0.744,0.206,600.0,400.0
2026-11-11 15:00,7552,315,11,15,6171.5,0.423,0.57,600.0,400.0
2026-11-11 16:00,7553,315,11,16,7085.7,0.392,0.128,600.0,400.0
2026-11-11 17:00,7554,315,11,17,8012.8,0.222,0.242,600.0,400.0
2026-11-11 18:00,7555,315,11,18,8923.1,0.108,0.401,600.0,400.0
2026-11-11 19:00,7556,315,11,19,8828.1,0.0,0.95,600.0,400.0
2026-11-11 20:00,7557,315,11,20,8406.1,0.0,0.32,600.0,400.0
2026-11-11 21:00,7558,315,11,21,7323.6,0.0,0.507,600.0,400.0
2026-11-11 22:00,7559,315,11,22,6401.9,0.0,0.601,600.0,400.0
2026-11-11 23:00,7560,315,11,23,5991.9,0.0,0.042,600.0,400.0
2026-11-12 00:00,7561,316,11,0,5409.9,0.0,0.219,600.0,400.0
2026-11-12 01:00,7562,316,11,1,5478.3,0.0,0.119,600.0,400.0
2026-11-12 02:00,7563,316,11,2,5823.6,0.0,0.4,600.0,400.0
2026-11-12 03:00,7564,316,11,3,5838.2,0.0,0.287,600.0,400.0
2026-11-12 04:00,7565,316,11,4,5848.8,0.0,0.099,600.0,400.0
2026-11-12 05:00,7566,316,11,5,5734.0,0.0,0.21,600.0,400.0
2026-11-12 06:00,7567,316,11,6,6336.6,0.072,0.231,600.0,400.0
2026-11-12 07:00,7568,316,11,7,6670.1,0.322,0.286,600.0,400.0
2026-11-12 08:00,7569,316,11,8,7395.4,0.285,0.317,600.0,400.0
2026-11-12 09:00,7570,316,11,9,7115.1,0.334,0.084,600.0,400.0
2026-11-12 10:00,7571,316,11,10,6010.3,0.612,0.222,600.0,400.0
2026-11-12 11:00,7572,316,11,11,5175.5,0.432,0.123,600.0,400.0
2026-11-12 12:00,7573,316,11,12,5100.0,0.888,0.346,600.0,400.0
2026-11-12 13:00,7574,316,11,13,5100.0,0.823,0.322,600.0,400.0
2026-11-12 14:00,7575,316,11,14,5100.0,0.714,0.372,600.0,400.0
2026-11-12 15:00,7576,316,11,15,5683.8,0.722,0.103,600.0,400.0
2026-11-12 16:00,7577,316,11,16,7027.5,0.494,0.311,600.0,400.0
2026-11-12 17:00,7578,316,11,17,8233.7,0.231,0.507,600.0,400.0
2026-11-12 18:00,7579,316,11,18,8736.2,0.078,0.434,600.0,400.0
2026-11-12 19:00,7580,316,11,19,8595.6,0.0,0.55,600.0,400.0
2026-11-12 20:00,7581,316,11,20,8423.0,0.0,0.199,600.0,400.0
2026-11-12 21:00,7582,316,11,21,7467.9,0.0,0.237,600.0,400.0
2026-11-12 22:00,7583,316,11,22,6569.5,0.0,0.302,600.0,400.0
2026-11-12 23:00,7584,316,11,23,6275.7,0.0,0.329,600.0,400.0
2026-11-13 00:00,7585,317,11,0,5797.3,0.0,0.203,600.0,400.0
2026-11-13 01:00,7586,317,11,1,5565.8,0.0,0.245,600.0,400.0
2026-11-13 02:00,7587,317,11,2,5542.6,0.0,0.354,600.0,400.0
2026-11-13 03:00,7588,317,11,3,5872.5,0.0,0.317,600.0,400.0
2026-11-13 04:00,7589,317,11,4,5899.3,0.0,0.106,600.0,400.0
2026-11-13 05:00,7590,317,11,5,6083.7,0.0,0.559,600.0,400.0
2026-11-13 06:00,7591,317,11,6,6307.5,0.105,0.246,600.0,400.0
2026-11-13 07:00,7592,317,11,7,7013.9,0.326,0.215,600.0,400.0
2026-11-13 08:00,7593,317,11,8,7138.1,0.511,0.467,600.0,400.0
2026-11-13 09:00,7594,317,11,9,7245.1,0.487,0.107,600.0,400.0
2026-11-13 10:00,7595,317,11,10,6469.2,0.728,0.24,600.0,400.0
2026-11-13 11:00,7596,317,11,11,5119.1,0.857,0.355,600.0,400.0
2026-11-13 12:00,7597,317,11,12,5100.0,0.819,0.214,600.0,400.0
2026-11-13 13:00,7598,317,11,13,5100.0,0.742,0.358,600.0,400.0
2026-11-13 14:00,7599,317,11,14,5100.0,0.377,0.49,600.0,400.0
2026-11-13 15:00,7600,317,11,15,6001.4,0.476,0.197,600.0,400.0
2026-11-13 16:00,7601,317,11,16,7403.2,0.397,0.198,600.0,400.0
2026-11-13 17:00,7602,317,11,17,8207.7,0.246,0.259,600.0,400.0
2026-11-13 18:00,7603,317,11,18,8952.8,0.084,0.292,600.0,400.0
2026-11-13 19:00,7604,317,11,19,8735.5,0.0,0.144,600.0,400.0
2026-11-13 20:00,7605,317,11,20,8326.8,0.0,0.212,600.0,400.0
2026-11-13 21:00,7606,317,11,21,7287.3,0.0,0.562,600.0,400.0
2026-11-13 22:00,7607,317,11,22,6471.2,0.0,0.359,600.0,400.0
2026-11-13 23:00,7608,317,11,23,5994.0,0.0,0.218,600.0,400.0
2026-11-14 00:00,7609,318,11,0,5222.5,0.0,0.604,600.0,400.0
2026-11-14 01:00,7610,318,11,1,5283.4,0.0,0.421,600.0,400.0
2026-11-14 02:00,7611,318,11,2,5342.5,0.0,0.226,600.0,400.0
2026-11-14 03:00,7612,318,11,3,5100.0,0.0,0.372,600.0,400.0
2026-11-14 04:00,7613,318,11,4,5298.1,0.0,0.282,600.0,400.0
2026-11-14 05:00,7614,318,11,5,5570.1,0.0,0.3,600.0,400.0
2026-11-14 06:00,7615,318,11,6,6231.3,0.094,0.172,600.0,400.0
2026-11-14 07:00,7616,318,11,7,6255.5,0.192,0.132,600.0,400.0
2026-11-14 08:00,7617,318,11,8,6771.0,0.373,0.145,600.0,400.0
2026-11-14 09:00,7618,318,11,9,6987.8,0.663,0.082,600.0,400.0
2026-11-14 10:00,7619,318,11,10,5597.6,0.771,0.217,600.0,400.0
2026-11-14 11:00,7620,318,11,11,5100.0,0.908,0.206,600.0,400.0
2026-11-14 12:00,7621,318,11,12,5100.0,0.945,0.03,600.0,400.0
2026-11-14 13:00,7622,318,11,13,5100.0,0.813,0.428,600.0,400.0
2026-11-14 14:00,7623,318,11,14,5100.0,0.746,0.352,600.0,400.0
2026-11-14 15:00,7624,318,11,15,5434.8,0.339,0.271,600.0,400.0
2026-11-14 16:00,7625,318,11,16,7332.2,0.269,0.655,600.0,400.0
2026-11-14 17:00,7626,318,11,17,7826.2,0.29,0.622,600.0,400.0
2026-11-14 18:00,7627,318,11,18,8404.4,0.11,0.13,600.0,400.0
2026-11-14 19:00,7628,318,11,19,8301.1,0.0,0.389,600.0,400.0
2026-11-14 20:00,7629,318,11,20,7416.9,0.0,0.515,600.0,400.0
2026-11-14 21:00,7630,318,11,21,6930.6,0.0,0.18,600.0,400.0
2026-11-14 22:00,7631,318,11,22,6309.9,0.0,0.152,600.0,400.0
2026-11-14 23:00,7632,318,11,23,5521.4,0.0,0.214,600.0,400.0
2026-11-15 00:00,7633,319,11,0,5480.9,0.0,0.215,600.0,400.0
2026-11-15 01:00,7634,319,11,1,5450.7,0.0,0.619,600.0,400.0
2026-11-15 02:00,7635,319,11,2,5650.7,0.0,0.402,600.0,400.0
2026-11-15 03:00,7636,319,11,3,5323.2,0.0,0.083,600.0,400.0
2026-11-15 04:00,7637,319,11,4,5306.5,0.0,0.363,600.0,400.0
2026-11-15 05:00,7638,319,11,5,5632.1,0.0,0.126,600.0,400.0
2026-11-15 06:00,7639,319,11,6,6279.6,0.096,0.183,600.0,400.0
2026-11-15 07:00,7640,319,11,7,6197.0,0.289,0.166,600.0,400.0
2026-11-15 08:00,7641,319,11,8,6476.9,0.518,0.151,600.0,400.0
2026-11-15 09:00,7642,319,11,9,6827.0,0.485,0.163,600.0,400.0
2026-11-15 10:00,7643,319,11,10,5802.0,0.688,0.317,600.0,400.0
2026-11-15 11:00,7644,319,11,11,5100.0,0.745,0.161,600.0,400.0
2026-11-15 12:00,7645,319,11,12,5100.0,0.515,0.37,600.0,400.0
2026-11-15 13:00,7646,319,11,13,5100.0,0.768,0.102,600.0,400.0
2026-11-15 14:00,7647,319,11,14,5100.0,0.767,0.315,600.0,400.0
2026-11-15 15:00,7648,319,11,15,5943.1,0.574,0.483,600.0,400.0
2026-11-15 16:00,7649,319,11,16,6800.0,0.453,0.111,600.0,400.0
2026-11-15 17:00,7650,319,11,17,7582.9,0.28,0.381,600.0,400.0
2026-11-15 18:00,7651,319,11,18,8464.1,0.106,0.333,600.0,400.0
2026-11-15 19:00,7652,319,11,19,8218.1,0.0,0.258,600.0,400.0
2026-11-15 20:00,7653,319,11,20,7718.6,0.0,0.137,600.0,400.0
2026-11-15 21:00,7654,319,11,21,6996.9,0.0,0.421,600.0,400.0
2026-11-15 22:00,7655,319,11,22,6361.2,0.0,0.243,600.0,400.0
2026-11-15 23:00,7656,319,11,23,5651.3,0.0,0.249,600.0,400.0
2026-11-16 00:00,7657,320,11,0,6065.4,0.0,0.408,600.0,400.0
2026-11-16 01:00,7658,320,11,1,5495.2,0.0,0.579,600.0,400.0
2026-11-16 02:00,7659,320,11,2,5978.4,0.0,0.215,600.0,400.0
2026-11-16 03:00,7660,320,11,3,5763.3,0.0,0.363,600.0,400.0
2026-11-16 04:00,7661,320,11,4,6219.2,0.0,0.508,600.0,400.0
2026-11-16 05:00,7662,320,11,5,6250.1,0.0,0.095,600.0,400.0
2026-11-16 06:00,7663,320,11,6,6512.5,0.102,0.235,600.0,400.0
2026-11-16 07:00,7664,320,11,7,7205.5,0.336,0.031,600.0,400.0
2026-11-16 08:00,7665,320,11,8,7589.5,0.523,0.339,600.0,400.0
2026-11-16 09:00,7666,320,11,9,7555.5,0.72,0.157,600.0,400.0
2026-11-16 10:00,7667,320,11,10,6267.1,0.762,0.175,600.0,400.0
2026-11-16 11:00,7668,320,11,11,5343.3,0.841,0.301,600.0,400.0
2026-11-16 12:00,7669,320,11,12,5100.0,0.759,0.364,600.0,400.0
2026-11-16 13:00,7670,320,11,13,5100.0,0.688,0.226,600.0,400.0
2026-11-16 14:00,7671,320,11,14,5239.2,0.629,0.345,600.0,400.0
2026-11-16 15:00,7672,320,11,15,5829.7,0.634,0.6,600.0,400.0
2026-11-16 16:00,7673,320,11,16,7665.0,0.497,0.529,600.0,400.0
2026-11-16 17:00,7674,320,11,17,8425.6,0.341,0.415,600.0,400.0
2026-11-16 18:00,7675,320,11,18,8918.2,0.115,0.645,600.0,400.0
2026-11-16 19:00,7676,320,11,19,8923.4,0.0,0.564,600.0,400.0
2026-11-16 20:00,7677,320,11,20,8407.3,0.0,0.454,600.0,400.0
2026-11-16 21:00,7678,320,11,21,6984.1,0.0,0.614,600.0,400.0
2026-11-16 22:00,7679,320,11,22,6650.5,0.0,0.503,600.0,400.0
2026-11-16 23:00,7680,320,11,23,6095.4,0.0,0.32,600.0,400.0
2026-11-17 00:00,7681,321,11,0,5956.2,0.0,0.308,600.0,400.0
2026-11-17 01:00,7682,321,11,1,5759.9,0.0,0.037,600.0,400.0
2026-11-17 02:00,7683,321,11,2,5877.3,0.0,0.063,600.0,400.0
2026-11-17 03:00,7684,321,11,3,6202.4,0.0,0.362,600.0,400.0
2026-11-17 04:00,7685,321,11,4,6219.5,0.0,0.267,600.0,400.0
2026-11-17 05:00,7686,321,11,5,6435.2,0.0,0.333,600.0,400.0
2026-11-17 06:00,7687,321,11,6,6606.0,0.113,0.454,600.0,400.0
2026-11-17 07:00,7688,321,11,7,7254.3,0.226,0.206,600.0,400.0
2026-11-17 08:00,7689,321,11,8,7478.9,0.378,0.084,600.0,400.0
2026-11-17 09:00,7690,321,11,9,7492.6,0.591,0.261,600.0,400.0
2026-11-17 10:00,7691,321,11,10,6569.6,0.734,0.092,600.0,400.0
2026-11-17 11:00,7692,321,11,11,5398.0,0.584,0.277,600.0,400.0
2026-11-17 12:00,7693,321,11,12,5100.0,0.732,0.257,600.0,400.0
2026-11-17 13:00,7694,321,11,13,5100.0,0.611,0.346,600.0,400.0
2026-11-17 14:00,7695,321,11,14,5290.4,0.453,0.221,600.0,400.0
2026-11-17 15:00,7696,321,11,15,6456.1,0.663,0.143,600.0,400.0
2026-11-17 16:00,7697,321,11,16,7846.3,0.459,0.195,600.0,400.0
2026-11-17 17:00,7698,321,11,17,8314.6,0.32,0.406,600.0,400.0
2026-11-17 18:00,7699,321,11,18,9189.4,0.108,0.318,600.0,400.0
2026-11-17 19:00,7700,321,11,19,9241.8,0.0,0.353,600.0,400.0
2026-11-17 20:00,7701,321,11,20,8645.1,0.0,0.255,600.0,400.0
2026-11-17 21:00,7702,321,11,21,7440.1,0.0,0.528,600.0,400.0
2026-11-17 22:00,7703,321,11,22,6712.6,0.0,0.95,600.0,400.0
2026-11-17 23:00,7704,321,11,23,6446.5,0.0,0.238,600.0,400.0
2026-11-18 00:00,7705,322,11,0,5799.5,0.0,0.409,600.0,400.0
2026-11-18 01:00,7706,322,11,1,5894.6,0.0,0.157,600.0,400.0
2026-11-18 02:00,7707,322,11,2,6220.9,0.0,0.382,600.0,400.0
2026-11-18 03:00,7708,322,11,3,6008.1,0.0,0.237,600.0,400.0
2026-11-18 04:00,7709,322,11,4,6007.3,0.0,0.285,600.0,400.0
2026-11-18 05:00,7710,322,11,5,6216.3,0.0,0.151,600.0,400.0
2026-11-18 06:00,7711,322,11,6,6807.6,0.117,0.366,600.0,400.0
2026-11-18 07:00,7712,322,11,7,7024.7,0.274,0.119,600.0,400.0
2026-11-18 08:00,7713,322,11,8,7549.1,0.558,0.413,600.0,400.0
2026-11-18 09:00,7714,322,11,9,7651.1,0.684,0.07,600.0,400.0
2026-11-18 10:00,7715,322,11,10,6786.8,0.786,0.161,600.0,400.0
2026-11-18 11:00,7716,322,11,11,5675.9,0.715,0.256,600.0,400.0
2026-11-18 12:00,7717,322,11,12,5100.0,0.879,0.406,600.0,400.0
2026-11-18 13:00,7718,322,11,13,5100.0,0.447,0.29,600.0,400.0
2026-11-18 14:00,7719,322,11,14,5218.4,0.654,0.168,600.0,400.0
2026-11-18 15:00,7720,322,11,15,6099.3,0.598,0.48,600.0,400.0
2026-11-18 16:00,7721,322,11,16,7726.1,0.507,0.348,600.0,400.0
2026-11-18 17:00,7722,322,11,17,8840.6,0.27,0.201,600.0,400.0
2026-11-18 18:00,7723,322,11,18,9213.0,0.098,0.356,600.0,400.0
2026-11-18 19:00,7724,322,11,19,9173.6,0.0,0.421,600.0,400.0
2026-11-18 20:00,7725,322,11,20,8827.5,0.0,0.426,600.0,400.0
2026-11-18 21:00,7726,322,11,21,7449.4,0.0,0.448,600.0,400.0
2026-11-18 22:00,7727,322,11,22,6669.0,0.0,0.576,600.0,400.0
2026-11-18 23:00,7728,322,11,23,6082.6,0.0,0.494,600.0,400.0
2026-11-19 00:00,7729,323,11,0,6033.1,0.0,0.354,600.0,400.0
2026-11-19 01:00,7730,323,11,1,6024.6,0.0,0.068,600.0,400.0
2026-11-19 02:00,7731,323,11,2,6274.4,0.0,0.385,600.0,400.0
2026-11-19 03:00,7732,323,11,3,6116.7,0.0,0.581,600.0,400.0
2026-11-19 04:00,7733,323,11,4,6124.0,0.0,0.182,600.0,400.0
2026-11-19 05:00,7734,323,11,5,6424.9,0.0,0.271,600.0,400.0
2026-11-19 06:00,7735,323,11,6,6843.7,0.098,0.323,600.0,400.0
2026-11-19 07:00,7736,323,11,7,7043.2,0.251,0.265,600.0,400.0
2026-11-19 08:00,7737,323,11,8,8097.0,0.468,0.407,600.0,400.0
2026-11-19 09:00,7738,323,11,9,7757.1,0.624,0.212,600.0,400.0
2026-11-19 10:00,7739,323,11,10,6689.7,0.47,0.236,600.0,400.0
2026-11-19 11:00,7740,323,11,11,5745.3,0.477,0.06,600.0,400.0
2026-11-19 12:00,7741,323,11,12,5104.9,0.572,0.439,600.0,400.0
2026-11-19 13:00,7742,323,11,13,5100.0,0.698,0.177,600.0,400.0
2026-11-19 14:00,7743,323,11,14,5242.5,0.738,0.626,600.0,400.0
2026-11-19 15:00,7744,323,11,15,6469.0,0.412,0.171,600.0,400.0
2026-11-19 16:00,7745,323,11,16,7889.9,0.475,0.203,600.0,400.0
2026-11-19 17:00,7746,323,11,17,8553.6,0.236,0.312,600.0,400.0
2026-11-19 18:00,7747,323,11,18,9484.1,0.119,0.405,600.0,400.0
2026-11-19 19:00,7748,323,11,19,9286.4,0.0,0.307,600.0,400.0
2026-11-19 20:00,7749,323,11,20,8747.4,0.0,0.269,600.0,400.0
2026-11-19 21:00,7750,323,11,21,7963.1,0.0,0.353,600.0,400.0
2026-11-19 22:00,7751,323,11,22,6937.0,0.0,0.677,600.0,400.0
2026-11-19 23:00,7752,323,11,23,6447.3,0.0,0.667,600.0,400.0
2026-11-20 00:00,7753,324,11,0,6156.4,0.0,0.235,600.0,400.0
2026-11-20 01:00,7754,324,11,1,5938.9,0.0,0.371,600.0,400.0
2026-11-20 02:00,7755,324,11,2,6096.5,0.0,0.371,600.0,400.0
2026-11-20 03:00,7756,324,11,3,6161.4,0.0,0.321,600.0,400.0
2026-11-20 04:00,7757,324,11,4,6102.4,0.0,0.107,600.0,400.0
2026-11-20 05:00,7758,324,11,5,6865.0,0.0,0.249,600.0,400.0
2026-11-20 06:00,7759,324,11,6,6671.9,0.095,0.321,600.0,400.0
2026-11-20 07:00,7760,324,11,7,7177.5,0.25,0.129,600.0,400.0
2026-11-20 08:00,7761,324,11,8,7950.1,0.525,0.174,600.0,400.0
2026-11-20 09:00,7762,324,11,9,7866.0,0.506,0.13,600.0,400.0
2026-11-20 10:00,7763,324,11,10,6571.1,0.802,0.39,600.0,400.0
2026-11-20 11:00,7764,324,11,11,5823.9,0.783,0.386,600.0,400.0
2026-11-20 12:00,7765,324,11,12,5306.3,0.435,0.132,600.0,400.0
2026-11-20 13:00,7766,324,11,13,5100.0,0.779,0.37,600.0,400.0
2026-11-20 14:00,7767,324,11,14,5838.4,0.722,0.226,600.0,400.0
2026-11-20 15:00,7768,324,11,15,6175.3,0.716,0.373,600.0,400.0
2026-11-20 16:00,7769,324,11,16,8015.7,0.415,0.304,600.0,400.0
2026-11-20 17:00,7770,324,11,17,8944.4,0.325,0.307,600.0,400.0
2026-11-20 18:00,7771,324,11,18,9471.9,0.078,0.56,600.0,400.0
2026-11-20 19:00,7772,324,11,19,9276.3,0.0,0.4,600.0,400.0
2026-11-20 20:00,7773,324,11,20,8650.9,0.0,0.214,600.0,400.0
2026-11-20 21:00,7774,324,11,21,7875.1,0.0,0.143,600.0,400.0
2026-11-20 22:00,7775,324,11,22,7124.3,0.0,0.628,600.0,400.0
2026-11-20 23:00,7776,324,11,23,6549.8,0.0,0.162,600.0,400.0
2026-11-21 00:00,7777,325,11,0,5798.4,0.0,0.417,600.0,400.0
2026-11-21 01:00,7778,325,11,1,5500.5,0.0,0.291,600.0,400.0
2026-11-21 02:00,7779,325,11,2,5663.0,0.0,0.134,600.0,400.0
2026-11-21 03:00,7780,325,11,3,5603.7,0.0,0.378,600.0,400.0
2026-11-21 04:00,7781,325,11,4,5802.3,0.0,0.443,600.0,400.0
2026-11-21 05:00,7782,325,11,5,6251.0,0.0,0.106,600.0,400.0
2026-11-21 06:00,7783,325,11,6,6480.8,0.094,0.076,600.0,400.0
2026-11-21 07:00,7784,325,11,7,7333.5,0.311,0.356,600.0,400.0
2026-11-21 08:00,7785,325,11,8,7276.7,0.425,0.219,600.0,400.0
2026-11-21 09:00,7786,325,11,9,7269.0,0.708,0.277,600.0,400.0
2026-11-21 10:00,7787,325,11,10,6342.9,0.719,0.208,600.0,400.0
2026-11-21 11:00,7788,325,11,11,5297.2,0.627,0.208,600.0,400.0
2026-11-21 12:00,7789,325,11,12,5100.0,0.549,0.18,600.0,400.0
2026-11-21 13:00,7790,325,11,13,5100.0,0.557,0.285,600.0,400.0
2026-11-21 14:00,7791,325,11,14,5136.6,0.618,0.144,600.0,400.0
2026-11-21 15:00,7792,325,11,15,5935.8,0.645,0.389,600.0,400.0
2026-11-21 16:00,7793,325,11,16,7249.4,0.42,0.328,600.0,400.0
2026-11-21 17:00,7794,325,11,17,8107.1,0.305,0.513,600.0,400.0
2026-11-21 18:00,7795,325,11,18,8713.0,0.099,0.609,600.0,400.0
2026-11-21 19:00,7796,325,11,19,8869.2,0.0,0.592,600.0,400.0
2026-11-21 20:00,7797,325,11,20,7896.3,0.0,0.384,600.0,400.0
2026-11-21 21:00,7798,325,11,21,7232.6,0.0,0.252,600.0,400.0
2026-11-21 22:00,7799,325,11,22,6556.0,0.0,0.265,600.0,400.0
2026-11-21 23:00,7800,325,11,23,5736.8,0.0,0.39,600.0,400.0
2026-11-22 00:00,7801,326,11,0,5554.1,0.0,0.405,600.0,400.0
2026-11-22 01:00,7802,326,11,1,5613.8,0.0,0.152,600.0,400.0
2026-11-22 02:00,7803,326,11,2,5634.7,0.0,0.786,600.0,400.0
2026-11-22 03:00,7804,326,11,3,5850.8,0.0,0.111,600.0,400.0
2026-11-22 04:00,7805,326,11,4,5907.7,0.0,0.286,600.0,400.0
2026-11-22 05:00,7806,326,11,5,6072.1,0.0,0.246,600.0,400.0
2026-11-22 06:00,7807,326,11,6,6607.0,0.093,0.255,600.0,400.0
2026-11-22 07:00,7808,326,11,7,7269.5,0.209,0.231,600.0,400.0
2026-11-22 08:00,7809,326,11,8,7587.5,0.479,0.068,600.0,400.0
2026-11-22 09:00,7810,326,11,9,7032.9,0.685,0.591,600.0,400.0
2026-11-22 10:00,7811,326,11,10,6500.5,0.492,0.52,600.0,400.0
2026-11-22 11:00,7812,326,11,11,5453.7,0.724,0.244,600.0,400.0
2026-11-22 12:00,7813,326,11,12,5100.0,0.577,0.148,600.0,400.0
2026-11-22 13:00,7814,326,11,13,5100.0,0.797,0.146,600.0,400.0
2026-11-22 14:00,7815,326,11,14,5219.4,0.713,0.086,600.0,400.0
2026-11-22 15:00,7816,326,11,15,6168.0,0.733,0.339,600.0,400.0
2026-11-22 16:00,7817,326,11,16,7384.3,0.539,0.297,600.0,400.0
2026-11-22 17:00,7818,326,11,17,8113.2,0.308,0.283,600.0,400.0
2026-11-22 18:00,7819,326,11,18,8704.4,0.104,0.34,600.0,400.0
2026-11-22 19:00,7820,326,11,19,8788.1,0.0,0.561,600.0,400.0
2026-11-22 20:00,7821,326,11,20,8275.9,0.0,0.115,600.0,400.0
2026-11-22 21:00,7822,326,11,21,7486.3,0.0,0.354,600.0,400.0
2026-11-22 22:00,7823,326,11,22,6516.5,0.0,0.427,600.0,400.0
2026-11-22 23:00,7824,326,11,23,6134.7,0.0,0.692,600.0,400.0
2026-11-23 00:00,7825,327,11,0,6347.1,0.0,0.42,600.0,400.0
2026-11-23 01:00,7826,327,11,1,6418.4,0.0,0.312,600.0,400.0
2026-11-23 02:00,7827,327,11,2,6266.2,0.0,0.395,600.0,400.0
2026-11-23 03:00,7828,327,11,3,6304.0,0.0,0.722,600.0,400.0
2026-11-23 04:00,7829,327,11,4,6493.7,0.0,0.429,600.0,400.0
2026-11-23 05:00,7830,327,11,5,6527.1,0.0,0.091,600.0,400.0
2026-11-23 06:00,7831,327,11,6,7091.0,0.09,0.25,600.0,400.0
2026-11-23 07:00,7832,327,11,7,7736.5,0.209,0.323,600.0,400.0
2026-11-23 08:00,7833,327,11,8,8080.7,0.502,0.274,600.0,400.0
2026-11-23 09:00,7834,327,11,9,7951.6,0.75,0.196,600.0,400.0
2026-11-23 10:00,7835,327,11,10,7016.6,0.745,0.172,600.0,400.0
2026-11-23 11:00,7836,327,11,11,5843.4,0.784,0.279,600.0,400.0
2026-11-23 12:00,7837,327,11,12,5433.3,0.93,0.218,600.0,400.0
2026-11-23 13:00,7838,327,11,13,5190.5,0.654,0.224,600.0,400.0
2026-11-23 14:00,7839,327,11,14,5625.0,0.836,0.438,600.0,400.0
2026-11-23 15:00,7840,327,11,15,6636.2,0.608,0.219,600.0,400.0
2026-11-23 16:00,7841,327,11,16,8132.8,0.498,0.371,600.0,400.0
2026-11-23 17:00,7842,327,11,17,8918.2,0.32,0.536,600.0,400.0
2026-11-23 18:00,7843,327,11,18,9659.5,0.105,0.385,600.0,400.0
2026-11-23 19:00,7844,327,11,19,9462.6,0.0,0.331,600.0,400.0
2026-11-23 20:00,7845,327,11,20,9160.0,0.0,0.082,600.0,400.0
2026-11-23 21:00,7846,327,11,21,8236.5,0.0,0.424,600.0,400.0
2026-11-23 22:00,7847,327,11,22,7038.9,0.0,0.917,600.0,400.0
2026-11-23 23:00,7848,327,11,23,6641.6,0.0,0.482,600.0,400.0
2026-11-24 00:00,7849,328,11,0,6145.9,0.0,0.366,600.0,400.0
2026-11-24 01:00,7850,328,11,1,6240.3,0.0,0.28,600.0,400.0
2026-11-24 02:00,7851,328,11,2,6660.3,0.0,0.172,600.0,400.0
2026-11-24 03:00,7852,328,11,3,6358.0,0.0,0.337,600.0,400.0
2026-11-24 04:00,7853,328,11,4,6591.9,0.0,0.135,600.0,400.0
2026-11-24 05:00,7854,328,11,5,6871.9,0.0,0.407,600.0,400.0
2026-11-24 06:00,7855,328,11,6,7039.0,0.098,0.182,600.0,400.0
2026-11-24 07:00,7856,328,11,7,7560.1,0.326,0.19,600.0,400.0
2026-11-24 08:00,7857,328,11,8,7866.6,0.472,0.133,600.0,400.0
2026-11-24 09:00,7858,328,11,9,7936.4,0.642,0.215,600.0,400.0
2026-11-24 10:00,7859,328,11,10,6610.2,0.742,0.287,600.0,400.0
2026-11-24 11:00,7860,328,11,11,6147.6,0.872,0.173,600.0,400.0
2026-11-24 12:00,7861,328,11,12,5734.9,0.82,0.323,600.0,400.0
2026-11-24 13:00,7862,328,11,13,5311.7,0.876,0.307,600.0,400.0
2026-11-24 14:00,7863,328,11,14,5527.0,0.827,0.229,600.0,400.0
2026-11-24 15:00,7864,328,11,15,6674.5,0.348,0.218,600.0,400.0
2026-11-24 16:00,7865,328,11,16,8151.0,0.444,0.505,600.0,400.0
2026-11-24 17:00,7866,328,11,17,8906.6,0.276,0.046,600.0,400.0
2026-11-24 18:00,7867,328,11,18,9768.9,0.084,0.436,600.0,400.0
2026-11-24 19:00,7868,328,11,19,9729.8,0.0,0.297,600.0,400.0
2026-11-24 20:00,7869,328,11,20,8791.4,0.0,0.447,600.0,400.0
2026-11-24 21:00,7870,328,11,21,8185.9,0.0,0.337,600.0,400.0
2026-11-24 22:00,7871,328,11,22,7490.1,0.0,0.123,600.0,400.0
2026-11-24 23:00,7872,328,11,23,6995.5,0.0,0.736,600.0,400.0
2026-11-25 00:00,7873,329,11,0,6765.9,0.0,0.116,600.0,400.0
2026-11-25 01:00,7874,329,11,1,6209.5,0.0,0.151,600.0,400.0
2026-11-25 02:00,7875,329,11,2,6856.7,0.0,0.247,600.0,400.0
2026-11-25 03:00,7876,329,11,3,6419.0,0.0,0.517,600.0,400.0
2026-11-25 04:00,7877,329,11,4,6511.4,0.0,0.178,600.0,400.0
2026-11-25 05:00,7878,329,11,5,6912.6,0.0,0.258,600.0,400.0
2026-11-25 06:00,7879,329,11,6,7183.8,0.109,0.233,600.0,400.0
2026-11-25 07:00,7880,329,11,7,7841.0,0.295,0.17,600.0,400.0
2026-11-25 08:00,7881,329,11,8,7930.7,0.551,0.283,600.0,400.0
2026-11-25 09:00,7882,329,11,9,8124.0,0.648,0.221,600.0,400.0
2026-11-25 10:00,7883,329,11,10,7357.1,0.618,0.251,600.0,400.0
2026-11-25 11:00,7884,329,11,11,6137.4,0.787,0.141,600.0,400.0
2026-11-25 12:00,7885,329,11,12,5515.1,0.644,0.466,600.0,400.0
2026-11-25 13:00,7886,329,11,13,5450.1,0.86,0.112,600.0,400.0
2026-11-25 14:00,7887,329,11,14,6026.1,0.481,0.356,600.0,400.0
2026-11-25 15:00,7888,329,11,15,6596.6,0.604,0.504,600.0,400.0
2026-11-25 16:00,7889,329,11,16,8400.4,0.397,0.115,600.0,400.0
2026-11-25 17:00,7890,329,11,17,9106.8,0.304,0.071,600.0,400.0
2026-11-25 18:00,7891,329,11,18,9735.8,0.096,0.254,600.0,400.0
2026-11-25 19:00,7892,329,11,19,9844.7,0.0,0.491,600.0,400.0
2026-11-25 20:00,7893,329,11,20,8857.1,0.0,0.447,600.0,400.0
2026-11-25 21:00,7894,329,11,21,7976.3,0.0,0.516,600.0,400.0
2026-11-25 22:00,7895,329,11,22,7001.1,0.0,0.283,600.0,400.0
2026-11-25 23:00,7896,329,11,23,6664.5,0.0,0.823,600.0,400.0
2026-11-26 00:00,7897,330,11,0,6578.3,0.0,0.251,600.0,400.0
2026-11-26 01:00,7898,330,11,1,6396.3,0.0,0.44,600.0,400.0
2026-11-26 02:00,7899,330,11,2,6255.9,0.0,0.221,600.0,400.0
2026-11-26 03:00,7900,330,11,3,6467.0,0.0,0.16,600.0,400.0
2026-11-26 04:00,7901,330,11,4,6440.5,0.0,0.193,600.0,400.0
2026-11-26 05:00,7902,330,11,5,6755.8,0.0,0.135,600.0,400.0
2026-11-26 06:00,7903,330,11,6,7417.6,0.104,0.105,600.0,400.0
2026-11-26 07:00,7904,330,11,7,7670.3,0.278,0.18,600.0,400.0
2026-11-26 08:00,7905,330,11,8,8403.0,0.28,0.108,600.0,400.0
2026-11-26 09:00,7906,330,11,9,8235.5,0.535,0.221,600.0,400.0
2026-11-26 10:00,7907,330,11,10,7251.1,0.723,0.055,600.0,400.0
2026-11-26 11:00,7908,330,11,11,6188.6,0.864,0.214,600.0,400.0
2026-11-26 12:00,7909,330,11,12,5703.0,0.856,0.511,600.0,400.0
2026-11-26 13:00,7910,330,11,13,5586.1,0.866,0.212,600.0,400.0
2026-11-26 14:00,7911,330,11,14,5978.4,0.777,0.133,600.0,400.0
2026-11-26 15:00,7912,330,11,15,7036.5,0.63,0.215,600.0,400.0
2026-11-26 16:00,7913,330,11,16,8355.9,0.51,0.452,600.0,400.0
2026-11-26 17:00,7914,330,11,17,9317.4,0.204,0.238,600.0,400.0
2026-11-26 18:00,7915,330,11,18,9733.5,0.112,0.276,600.0,400.0
2026-11-26 19:00,7916,330,11,19,9751.1,0.0,0.491,600.0,400.0
2026-11-26 20:00,7917,330,11,20,9076.6,0.0,0.226,600.0,400.0
2026-11-26 21:00,7918,330,11,21,8134.2,0.0,0.324,600.0,400.0
2026-11-26 22:00,7919,330,11,22,7266.0,0.0,0.106,600.0,400.0
2026-11-26 23:00,7920,330,11,23,6889.0,0.0,0.173,600.0,400.0
2026-11-27 00:00,7921,331,11,0,6633.4,0.0,0.183,600.0,400.0
2026-11-27 01:00,7922,331,11,1,6665.0,0.0,0.278,600.0,400.0
2026-11-27 02:00,7923,331,11,2,6335.1,0.0,0.427,600.0,400.0
2026-11-27 03:00,7924,331,11,3,6820.4,0.0,0.21,600.0,400.0
2026-11-27 04:00,7925,331,11,4,6700.6,0.0,0.208,600.0,400.0
2026-11-27 05:00,7926,331,11,5,7108.0,0.0,0.172,600.0,400.0
2026-11-27 06:00,7927,331,11,6,7289.3,0.079,0.171,600.0,400.0
2026-11-27 07:00,7928,331,11,7,7962.3,0.191,0.192,600.0,400.0
2026-11-27 08:00,7929,331,11,8,8358.7,0.365,0.386,600.0,400.0
2026-11-27 09:00,7930,331,11,9,8094.6,0.553,0.045,600.0,400.0
2026-11-27 10:00,7931,331,11,10,7421.1,0.826,0.267,600.0,400.0
2026-11-27 11:00,7932,331,11,11,6535.7,0.887,0.407,600.0,400.0
2026-11-27 12:00,7933,331,11,12,5638.9,0.738,0.22,600.0,400.0
2026-11-27 13:00,7934,331,11,13,5765.6,0.584,0.32,600.0,400.0
2026-11-27 14:00,7935,331,11,14,5980.9,0.747,0.311,600.0,400.0
2026-11-27 15:00,7936,331,11,15,7167.3,0.675,0.229,600.0,400.0
2026-11-27 16:00,7937,331,11,16,8118.4,0.435,0.147,600.0,400.0
2026-11-27 17:00,7938,331,11,17,9699.1,0.317,0.195,600.0,400.0
2026-11-27 18:00,7939,331,11,18,10105.8,0.082,0.102,600.0,400.0
2026-11-27 19:00,7940,331,11,19,9781.2,0.0,0.474,600.0,400.0
2026-11-27 20:00,7941,331,11,20,8877.9,0.0,0.351,600.0,400.0
2026-11-27 21:00,7942,331,11,21,8322.9,0.0,0.488,600.0,400.0
2026-11-27 22:00,7943,331,11,22,7211.0,0.0,0.235,600.0,400.0
2026-11-27 23:00,7944,331,11,23,6947.4,0.0,0.479,600.0,400.0
2026-11-28 00:00,7945,332,11,0,6098.8,0.0,0.227,600.0,400.0
2026-11-28 01:00,7946,332,11,1,5940.0,0.0,0.131,600.0,400.0
2026-11-28 02:00,7947,332,11,2,6331.7,0.0,0.29,600.0,400.0
2026-11-28 03:00,7948,332,11,3,6360.7,0.0,0.518,600.0,400.0
2026-11-28 04:00,7949,332,11,4,6521.4,0.0,0.219,600.0,400.0
2026-11-28 05:00,7950,332,11,5,6613.0,0.0,0.241,600.0,400.0
2026-11-28 06:00,7951,332,11,6,6779.7,0.095,0.211,600.0,400.0
2026-11-28 07:00,7952,332,11,7,7632.9,0.265,0.208,600.0,400.0
2026-11-28 08:00,7953,332,11,8,7777.1,0.444,0.132,600.0,400.0
2026-11-28 09:00,7954,332,11,9,7623.3,0.745,0.197,600.0,400.0
2026-11-28 10:00,7955,332,11,10,7136.9,0.744,0.225,600.0,400.0
2026-11-28 11:00,7956,332,11,11,6334.8,0.83,0.325,600.0,400.0
2026-11-28 12:00,7957,332,11,12,5391.6,0.519,0.12,600.0,400.0
2026-11-28 13:00,7958,332,11,13,5633.8,0.816,0.288,600.0,400.0
2026-11-28 14:00,7959,332,11,14,5727.6,0.696,0.343,600.0,400.0
2026-11-28 15:00,7960,332,11,15,6588.0,0.627,0.246,600.0,400.0
2026-11-28 16:00,7961,332,11,16,7871.1,0.429,0.328,600.0,400.0
2026-11-28 17:00,7962,332,11,17,9001.1,0.236,0.421,600.0,400.0
2026-11-28 18:00,7963,332,11,18,9119.0,0.073,0.312,600.0,400.0
2026-11-28 19:00,7964,332,11,19,9318.9,0.0,0.259,600.0,400.0
2026-11-28 20:00,7965,332,11,20,8522.5,0.0,0.521,600.0,400.0
2026-11-28 21:00,7966,332,11,21,7687.8,0.0,0.813,600.0,400.0
2026-11-28 22:00,7967,332,11,22,7150.6,0.0,0.2,600.0,400.0
2026-11-28 23:00,7968,332,11,23,6396.5,0.0,0.553,600.0,400.0
2026-11-29 00:00,7969,333,11,0,6026.9,0.0,0.326,600.0,400.0
2026-11-29 01:00,7970,333,11,1,6334.4,0.0,0.272,600.0,400.0
2026-11-29 02:00,7971,333,11,2,6474.2,0.0,0.484,600.0,400.0
2026-11-29 03:00,7972,333,11,3,6404.9,0.0,0.474,600.0,400.0
2026-11-29 04:00,7973,333,11,4,6333.9,0.0,0.171,600.0,400.0
2026-11-29 05:00,7974,333,11,5,6606.5,0.0,0.191,600.0,400.0
2026-11-29 06:00,7975,333,11,6,7098.5,0.085,0.367,600.0,400.0
2026-11-29 07:00,7976,333,11,7,7609.7,0.265,0.218,600.0,400.0
2026-11-29 08:00,7977,333,11,8,7746.4,0.506,0.155,600.0,400.0
2026-11-29 09:00,7978,333,11,9,8047.1,0.536,0.462,600.0,400.0
2026-11-29 10:00,7979,333,11,10,7021.3,0.622,0.138,600.0,400.0
2026-11-29 11:00,7980,333,11,11,5812.2,0.924,0.273,600.0,400.0
2026-11-29 12:00,7981,333,11,12,5337.6,0.765,0.224,600.0,400.0
2026-11-29 13:00,7982,333,11,13,5295.5,0.515,0.245,600.0,400.0
2026-11-29 14:00,7983,333,11,14,5788.4,0.754,0.116,600.0,400.0
2026-11-29 15:00,7984,333,11,15,7037.0,0.553,0.195,600.0,400.0
2026-11-29 16:00,7985,333,11,16,8094.3,0.536,0.162,600.0,400.0
2026-11-29 17:00,7986,333,11,17,8686.6,0.315,0.443,600.0,400.0
2026-11-29 18:00,7987,333,11,18,9358.6,0.115,0.425,600.0,400.0
2026-11-29 19:00,7988,333,11,19,9221.5,0.0,0.494,600.0,400.0
2026-11-29 20:00,7989,333,11,20,8737.3,0.0,0.437,600.0,400.0
2026-11-29 21:00,7990,333,11,21,7924.3,0.0,0.155,600.0,400.0
2026-11-29 22:00,7991,333,11,22,7245.6,0.0,0.742,600.0,400.0
2026-11-29 23:00,7992,333,11,23,6516.0,0.0,0.18,600.0,400.0
2026-11-30 00:00,7993,334,11,0,6862.0,0.0,0.245,600.0,400.0
2026-11-30 01:00,7994,334,11,1,6810.5,0.0,0.384,600.0,400.0
2026-11-30 02:00,7995,334,11,2,6621.8,0.0,0.134,600.0,400.0
2026-11-30 03:00,7996,334,11,3,7177.5,0.0,0.14,600.0,400.0
2026-11-30 04:00,7997,334,11,4,7023.8,0.0,0.419,600.0,400.0
2026-11-30 05:00,7998,334,11,5,7107.9,0.0,0.182,600.0,400.0
2026-11-30 06:00,7999,334,11,6,7937.0,0.076,0.281,600.0,400.0
2026-11-30 07:00,8000,334,11,7,8517.9,0.326,0.361,600.0,400.0
2026-11-30 08:00,8001,334,11,8,8555.5,0.556,0.48,600.0,400.0
2026-11-30 09:00,8002,334,11,9,8508.9,0.655,0.132,600.0,400.0
2026-11-30 10:00,8003,334,11,10,7557.3,0.692,0.102,600.0,400.0
2026-11-30 11:00,8004,334,11,11,6698.0,0.875,0.324,600.0,400.0
2026-11-30 12:00,8005,334,11,12,6135.4,0.98,0.14,600.0,400.0
2026-11-30 13:00,8006,334,11,13,5902.6,0.87,0.292,600.0,400.0
2026-11-30 14:00,8007,334,11,14,6288.6,0.855,0.29,600.0,400.0
2026-11-30 15:00,8008,334,11,15,7528.4,0.696,0.317,600.0,400.0
2026-11-30 16:00,8009,334,11,16,8675.6,0.36,0.373,600.0,400.0
2026-11-30 17:00,8010,334,11,17,9722.9,0.165,0.516,600.0,400.0
2026-11-30 18:00,8011,334,11,18,10058.7,0.098,0.226,600.0,400.0
2026-11-30 19:00,8012,334,11,19,10125.4,0.0,0.36,600.0,400.0
2026-11-30 20:00,8013,334,11,20,9395.4,0.0,0.262,600.0,400.0
2026-11-30 21:00,8014,334,11,21,8477.7,0.0,0.252,600.0,400.0
2026-11-30 22:00,8015,334,11,22,7580.5,0.0,0.062,600.0,400.0
2026-11-30 23:00,8016,334,11,23,7278.9,0.0,0.364,600.0,400.0
2026-12-01 00:00,8017,335,12,0,6541.3,0.0,0.671,600.0,400.0
2026-12-01 01:00,8018,335,12,1,6609.4,0.0,0.413,600.0,400.0
2026-12-01 02:00,8019,335,12,2,7140.7,0.0,0.179,600.0,400.0
2026-12-01 03:00,8020,335,12,3,7050.4,0.0,0.348,600.0,400.0
2026-12-01 04:00,8021,335,12,4,6663.4,0.0,0.18,600.0,400.0
2026-12-01 05:00,8022,335,12,5,7227.8,0.0,0.329,600.0,400.0
2026-12-01 06:00,8023,335,12,6,7462.2,0.072,0.368,600.0,400.0
2026-12-01 07:00,8024,335,12,7,8115.4,0.278,0.171,600.0,400.0
2026-12-01 08:00,8025,335,12,8,8142.9,0.236,0.03,600.0,400.0
2026-12-01 09:00,8026,335,12,9,8653.6,0.517,0.162,600.0,400.0
2026-12-01 10:00,8027,335,12,10,7489.4,0.795,0.134,600.0,400.0
2026-12-01 11:00,8028,335,12,11,6681.2,0.796,0.276,600.0,400.0
2026-12-01 12:00,8029,335,12,12,5759.1,0.545,0.177,600.0,400.0
2026-12-01 13:00,8030,335,12,13,5912.5,0.784,0.065,600.0,400.0
2026-12-01 14:00,8031,335,12,14,6293.1,0.773,0.289,600.0,400.0
2026-12-01 15:00,8032,335,12,15,7615.0,0.288,0.493,600.0,400.0
2026-12-01 16:00,8033,335,12,16,9035.8,0.506,0.286,600.0,400.0
2026-12-01 17:00,8034,335,12,17,9765.8,0.271,0.265,600.0,400.0
2026-12-01 18:00,8035,335,12,18,10132.1,0.095,0.18,600.0,400.0
2026-12-01 19:00,8036,335,12,19,10450.7,0.0,0.283,600.0,400.0
2026-12-01 20:00,8037,335,12,20,9238.5,0.0,0.259,600.0,400.0
2026-12-01 21:00,8038,335,12,21,8332.1,0.0,0.878,600.0,400.0
2026-12-01 22:00,8039,335,12,22,7693.9,0.0,0.075,600.0,400.0
2026-12-01 23:00,8040,335,12,23,7487.0,0.0,0.204,600.0,400.0
2026-12-02 00:00,8041,336,12,0,6684.9,0.0,0.104,600.0,400.0
2026-12-02 01:00,8042,336,12,1,6761.1,0.0,0.478,600.0,400.0
2026-12-02 02:00,8043,336,12,2,6637.0,0.0,0.246,600.0,400.0
2026-12-02 03:00,8044,336,12,3,7115.3,0.0,0.389,600.0,400.0
2026-12-02 04:00,8045,336,12,4,7270.9,0.0,0.319,600.0,400.0
2026-12-02 05:00,8046,336,12,5,7521.1,0.0,0.445,600.0,400.0
2026-12-02 06:00,8047,336,12,6,7730.9,0.089,0.046,600.0,400.0
2026-12-02 07:00,8048,336,12,7,8236.5,0.19,0.131,600.0,400.0
2026-12-02 08:00,8049,336,12,8,8522.3,0.472,0.285,600.0,400.0
2026-12-02 09:00,8050,336,12,9,8774.7,0.502,0.247,600.0,400.0
2026-12-02 10:00,8051,336,12,10,7586.3,0.655,0.292,600.0,400.0
2026-12-02 11:00,8052,336,12,11,6571.1,0.586,0.261,600.0,400.0
2026-12-02 12:00,8053,336,12,12,6039.4,0.641,0.276,600.0,400.0
2026-12-02 13:00,8054,336,12,13,5908.8,0.629,0.5,600.0,400.0
2026-12-02 14:00,8055,336,12,14,6360.5,0.801,0.515,600.0,400.0
2026-12-02 15:00,8056,336,12,15,7535.2,0.41,0.074,600.0,400.0
2026-12-02 16:00,8057,336,12,16,8906.7,0.525,0.271,600.0,400.0
2026-12-02 17:00,8058,336,12,17,9676.0,0.301,0.323,600.0,400.0
2026-12-02 18:00,8059,336,12,18,10293.1,0.11,0.265,600.0,400.0
2026-12-02 19:00,8060,336,12,19,10051.0,0.0,0.096,600.0,400.0
2026-12-02 20:00,8061,336,12,20,9577.3,0.0,0.323,600.0,400.0
2026-12-02 21:00,8062,336,12,21,8650.7,0.0,0.743,600.0,400.0
2026-12-02 22:00,8063,336,12,22,7533.1,0.0,0.114,600.0,400.0
2026-12-02 23:00,8064,336,12,23,7348.3,0.0,0.488,600.0,400.0
2026-12-03 00:00,8065,337,12,0,6634.8,0.0,0.177,600.0,400.0
2026-12-03 01:00,8066,337,12,1,6867.2,0.0,0.324,600.0,400.0
2026-12-03 02:00,8067,337,12,2,7120.1,0.0,0.235,600.0,400.0
2026-12-03 03:00,8068,337,12,3,7181.8,0.0,0.208,600.0,400.0
2026-12-03 04:00,8069,337,12,4,7197.1,0.0,0.415,600.0,400.0
2026-12-03 05:00,8070,337,12,5,7413.2,0.0,0.518,600.0,400.0
2026-12-03 06:00,8071,337,12,6,8062.5,0.123,0.192,600.0,400.0
2026-12-03 07:00,8072,337,12,7,8539.3,0.348,0.265,600.0,400.0
2026-12-03 08:00,8073,337,12,8,8714.2,0.302,0.236,600.0,400.0
2026-12-03 09:00,8074,337,12,9,8719.8,0.636,0.079,600.0,400.0
2026-12-03 10:00,8075,337,12,10,7514.4,0.793,0.06,600.0,400.0
2026-12-03 11:00,8076,337,12,11,6871.7,0.641,0.339,600.0,400.0
2026-12-03 12:00,8077,337,12,12,6181.8,0.86,0.212,600.0,400.0
2026-12-03 13:00,8078,337,12,13,6256.4,0.942,0.194,600.0,400.0
2026-12-03 14:00,8079,337,12,14,6590.9,0.624,0.656,600.0,400.0
2026-12-03 15:00,8080,337,12,15,7759.7,0.676,0.11,600.0,400.0
2026-12-03 16:00,8081,337,12,16,8866.4,0.284,0.21,600.0,400.0
2026-12-03 17:00,8082,337,12,17,9986.0,0.223,0.521,600.0,400.0
2026-12-03 18:00,8083,337,12,18,10258.5,0.073,0.29,600.0,400.0
2026-12-03 19:00,8084,337,12,19,10410.5,0.0,0.374,600.0,400.0
2026-12-03 20:00,8085,337,12,20,9400.2,0.0,0.096,600.0,400.0
2026-12-03 21:00,8086,337,12,21,8734.0,0.0,0.619,600.0,400.0
2026-12-03 22:00,8087,337,12,22,7522.2,0.0,0.157,600.0,400.0
2026-12-03 23:00,8088,337,12,23,7208.6,0.0,0.192,600.0,400.0
2026-12-04 00:00,8089,338,12,0,6904.7,0.0,0.157,600.0,400.0
2026-12-04 01:00,8090,338,12,1,6831.6,0.0,0.291,600.0,400.0
2026-12-04 02:00,8091,338,12,2,6831.7,0.0,0.425,600.0,400.0
2026-12-04 03:00,8092,338,12,3,7238.6,0.0,0.179,600.0,400.0
2026-12-04 04:00,8093,338,12,4,7248.0,0.0,0.121,600.0,400.0
2026-12-04 05:00,8094,338,12,5,7469.0,0.0,0.207,600.0,400.0
2026-12-04 06:00,8095,338,12,6,7996.6,0.106,0.521,600.0,400.0
2026-12-04 07:00,8096,338,12,7,8934.7,0.292,0.031,600.0,400.0
2026-12-04 08:00,8097,338,12,8,9081.3,0.571,0.22,600.0,400.0
2026-12-04 09:00,8098,338,12,9,9118.3,0.44,0.275,600.0,400.0
2026-12-04 10:00,8099,338,12,10,8002.2,0.708,0.341,600.0,400.0
2026-12-04 11:00,8100,338,12,11,6961.0,0.838,0.326,600.0,400.0
2026-12-04 12:00,8101,338,12,12,5899.2,0.764,0.087,600.0,400.0
2026-12-04 13:00,8102,338,12,13,6053.3,0.747,0.248,600.0,400.0
2026-12-04 14:00,8103,338,12,14,6543.1,0.747,0.1,600.0,400.0
2026-12-04 15:00,8104,338,12,15,7331.5,0.723,0.343,600.0,400.0
2026-12-04 16:00,8105,338,12,16,8876.5,0.465,0.11,600.0,400.0
2026-12-04 17:00,8106,338,12,17,9568.5,0.227,0.091,600.0,400.0
2026-12-04 18:00,8107,338,12,18,10416.0,0.092,0.242,600.0,400.0
2026-12-04 19:00,8108,338,12,19,10493.2,0.0,0.649,600.0,400.0
2026-12-04 20:00,8109,338,12,20,9883.7,0.0,0.443,600.0,400.0
2026-12-04 21:00,8110,338,12,21,8832.2,0.0,0.03,600.0,400.0
2026-12-04 22:00,8111,338,12,22,7751.5,0.0,0.232,600.0,400.0
2026-12-04 23:00,8112,338,12,23,7004.4,0.0,0.056,600.0,400.0
2026-12-05 00:00,8113,339,12,0,6161.9,0.0,0.221,600.0,400.0
2026-12-05 01:00,8114,339,12,1,6324.4,0.0,0.373,600.0,400.0
2026-12-05 02:00,8115,339,12,2,6473.2,0.0,0.391,600.0,400.0
2026-12-05 03:00,8116,339,12,3,6694.7,0.0,0.394,600.0,400.0
2026-12-05 04:00,8117,339,12,4,6715.5,0.0,0.448,600.0,400.0
2026-12-05 05:00,8118,339,12,5,7200.7,0.0,0.193,600.0,400.0
2026-12-05 06:00,8119,339,12,6,7524.0,0.098,0.373,600.0,400.0
2026-12-05 07:00,8120,339,12,7,8050.7,0.269,0.297,600.0,400.0
2026-12-05 08:00,8121,339,12,8,8590.3,0.524,0.23,600.0,400.0
2026-12-05 09:00,8122,339,12,9,8256.2,0.656,0.449,600.0,400.0
2026-12-05 10:00,8123,339,12,10,7595.6,0.541,0.451,600.0,400.0
2026-12-05 11:00,8124,339,12,11,6610.0,0.742,0.415,600.0,400.0
2026-12-05 12:00,8125,339,12,12,5959.9,0.894,0.145,600.0,400.0
2026-12-05 13:00,8126,339,12,13,6043.2,0.868,0.156,600.0,400.0
2026-12-05 14:00,8127,339,12,14,6461.6,0.78,0.492,600.0,400.0
2026-12-05 15:00,8128,339,12,15,7096.9,0.636,0.252,600.0,400.0
2026-12-05 16:00,8129,339,12,16,8530.4,0.381,0.456,600.0,400.0
2026-12-05 17:00,8130,339,12,17,9356.8,0.172,0.408,600.0,400.0
2026-12-05 18:00,8131,339,12,18,9755.1,0.115,0.464,600.0,400.0
2026-12-05 19:00,8132,339,12,19,9829.7,0.0,0.071,600.0,400.0
2026-12-05 20:00,8133,339,12,20,9169.4,0.0,0.304,600.0,400.0
2026-12-05 21:00,8134,339,12,21,8543.1,0.0,0.546,600.0,400.0
2026-12-05 22:00,8135,339,12,22,7204.0,0.0,0.324,600.0,400.0
2026-12-05 23:00,8136,339,12,23,6874.5,0.0,0.409,600.0,400.0
2026-12-06 00:00,8137,340,12,0,6355.4,0.0,0.43,600.0,400.0
2026-12-06 01:00,8138,340,12,1,6685.6,0.0,0.131,600.0,400.0
2026-12-06 02:00,8139,340,12,2,6421.8,0.0,0.142,600.0,400.0
2026-12-06 03:00,8140,340,12,3,6844.4,0.0,0.352,600.0,400.0
2026-12-06 04:00,8141,340,12,4,6849.2,0.0,0.075,600.0,400.0
2026-12-06 05:00,8142,340,12,5,7104.3,0.0,0.185,600.0,400.0
2026-12-06 06:00,8143,340,12,6,7407.9,0.083,0.417,600.0,400.0
2026-12-06 07:00,8144,340,12,7,8055.3,0.321,0.243,600.0,400.0
2026-12-06 08:00,8145,340,12,8,8664.1,0.417,0.396,600.0,400.0
2026-12-06 09:00,8146,340,12,9,8525.4,0.595,0.163,600.0,400.0
2026-12-06 10:00,8147,340,12,10,7714.6,0.49,0.271,600.0,400.0
2026-12-06 11:00,8148,340,12,11,6964.9,0.628,0.167,600.0,400.0
2026-12-06 12:00,8149,340,12,12,6142.0,0.907,0.107,600.0,400.0
2026-12-06 13:00,8150,340,12,13,5898.5,0.649,0.65,600.0,400.0
2026-12-06 14:00,8151,340,12,14,6481.4,0.667,0.151,600.0,400.0
2026-12-06 15:00,8152,340,12,15,7245.6,0.331,0.165,600.0,400.0
2026-12-06 16:00,8153,340,12,16,8561.6,0.506,0.489,600.0,400.0
2026-12-06 17:00,8154,340,12,17,9149.2,0.285,0.478,600.0,400.0
2026-12-06 18:00,8155,340,12,18,10025.2,0.116,0.738,600.0,400.0
2026-12-06 19:00,8156,340,12,19,9749.6,0.0,0.115,600.0,400.0
2026-12-06 20:00,8157,340,12,20,9225.7,0.0,0.133,600.0,400.0
2026-12-06 21:00,8158,340,12,21,8152.9,0.0,0.311,600.0,400.0
2026-12-06 22:00,8159,340,12,22,7583.8,0.0,0.371,600.0,400.0
2026-12-06 23:00,8160,340,12,23,6833.7,0.0,0.081,600.0,400.0
2026-12-07 00:00,8161,341,12,0,6984.7,0.0,0.158,600.0,400.0
2026-12-07 01:00,8162,341,12,1,7239.8,0.0,0.382,600.0,400.0
2026-12-07 02:00,8163,341,12,2,7321.8,0.0,0.346,600.0,400.0
2026-12-07 03:00,8164,341,12,3,7305.9,0.0,0.101,600.0,400.0
2026-12-07 04:00,8165,341,12,4,7198.1,0.0,0.472,600.0,400.0
2026-12-07 05:00,8166,341,12,5,8252.0,0.0,0.157,600.0,400.0
2026-12-07 06:00,8167,341,12,6,8503.6,0.109,0.391,600.0,400.0
2026-12-07 07:00,8168,341,12,7,8870.3,0.242,0.411,600.0,400.0
2026-12-07 08:00,8169,341,12,8,9024.4,0.523,0.215,600.0,400.0
2026-12-07 09:00,8170,341,12,9,9167.2,0.736,0.194,600.0,400.0
2026-12-07 10:00,8171,341,12,10,8102.4,0.736,0.158,600.0,400.0
2026-12-07 11:00,8172,341,12,11,7395.5,0.904,0.356,600.0,400.0
2026-12-07 12:00,8173,341,12,12,6584.2,0.807,0.143,600.0,400.0
2026-12-07 13:00,8174,341,12,13,6295.4,0.68,0.308,600.0,400.0
2026-12-07 14:00,8175,341,12,14,6801.4,0.62,0.303,600.0,400.0
2026-12-07 15:00,8176,341,12,15,8064.0,0.549,0.192,600.0,400.0
2026-12-07 16:00,8177,341,12,16,9565.8,0.495,0.713,600.0,400.0
2026-12-07 17:00,8178,341,12,17,10371.8,0.297,0.512,600.0,400.0
2026-12-07 18:00,8179,341,12,18,10777.6,0.11,0.062,600.0,400.0
2026-12-07 19:00,8180,341,12,19,10547.6,0.0,0.299,600.0,400.0
2026-12-07 20:00,8181,341,12,20,9404.3,0.0,0.272,600.0,400.0
2026-12-07 21:00,8182,341,12,21,9019.7,0.0,0.572,600.0,400.0
2026-12-07 22:00,8183,341,12,22,8100.9,0.0,0.223,600.0,400.0
2026-12-07 23:00,8184,341,12,23,7520.3,0.0,0.923,600.0,400.0
2026-12-08 00:00,8185,342,12,0,7072.8,0.0,0.179,600.0,400.0
2026-12-08 01:00,8186,342,12,1,6947.7,0.0,0.19,600.0,400.0
2026-12-08 02:00,8187,342,12,2,7348.7,0.0,0.345,600.0,400.0
2026-12-08 03:00,8188,342,12,3,7478.4,0.0,0.136,600.0,400.0
2026-12-08 04:00,8189,342,12,4,7661.2,0.0,0.429,600.0,400.0
2026-12-08 05:00,8190,342,12,5,7998.8,0.0,0.101,600.0,400.0
2026-12-08 06:00,8191,342,12,6,8397.8,0.116,0.527,600.0,400.0
2026-12-08 07:00,8192,342,12,7,8768.5,0.273,0.372,600.0,400.0
2026-12-08 08:00,8193,342,12,8,9215.0,0.341,0.347,600.0,400.0
2026-12-08 09:00,8194,342,12,9,9283.1,0.729,0.193,600.0,400.0
2026-12-08 10:00,8195,342,12,10,8290.9,0.886,0.23,600.0,400.0
2026-12-08 11:00,8196,342,12,11,7438.1,0.849,0.222,600.0,400.0
2026-12-08 12:00,8197,342,12,12,6730.5,0.855,0.596,600.0,400.0
2026-12-08 13:00,8198,342,12,13,6838.3,0.866,0.064,600.0,400.0
2026-12-08 14:00,8199,342,12,14,7314.1,0.819,0.233,600.0,400.0
2026-12-08 15:00,8200,342,12,15,7980.5,0.611,0.628,600.0,400.0
2026-12-08 16:00,8201,342,12,16,8777.4,0.476,0.252,600.0,400.0
2026-12-08 17:00,8202,342,12,17,10404.5,0.278,0.275,600.0,400.0
2026-12-08 18:00,8203,342,12,18,10646.9,0.121,0.39,600.0,400.0
2026-12-08 19:00,8204,342,12,19,10533.9,0.0,0.601,600.0,400.0
2026-12-08 20:00,8205,342,12,20,9930.3,0.0,0.242,600.0,400.0
2026-12-08 21:00,8206,342,12,21,8968.4,0.0,0.665,600.0,400.0
2026-12-08 22:00,8207,342,12,22,8263.4,0.0,0.231,600.0,400.0
2026-12-08 23:00,8208,342,12,23,7309.0,0.0,0.487,600.0,400.0
2026-12-09 00:00,8209,343,12,0,6948.1,0.0,0.213,600.0,400.0
2026-12-09 01:00,8210,343,12,1,7274.9,0.0,0.102,600.0,400.0
2026-12-09 02:00,8211,343,12,2,7422.8,0.0,0.422,600.0,400.0
2026-12-09 03:00,8212,343,12,3,7547.0,0.0,0.244,600.0,400.0
2026-12-09 04:00,8213,343,12,4,7496.6,0.0,0.211,600.0,400.0
2026-12-09 05:00,8214,343,12,5,7764.3,0.0,0.213,600.0,400.0
2026-12-09 06:00,8215,343,12,6,8296.4,0.123,0.262,600.0,400.0
2026-12-09 07:00,8216,343,12,7,8951.2,0.356,0.149,600.0,400.0
2026-12-09 08:00,8217,343,12,8,9544.8,0.476,0.14,600.0,400.0
2026-12-09 09:00,8218,343,12,9,9023.3,0.72,0.215,600.0,400.0
2026-12-09 10:00,8219,343,12,10,8321.9,0.685,0.056,600.0,400.0
2026-12-09 11:00,8220,343,12,11,7149.4,0.806,0.284,600.0,400.0
2026-12-09 12:00,8221,343,12,12,6447.7,0.703,0.383,600.0,400.0
2026-12-09 13:00,8222,343,12,13,6744.9,0.71,0.353,600.0,400.0
2026-12-09 14:00,8223,343,12,14,7131.7,0.746,0.266,600.0,400.0
2026-12-09 15:00,8224,343,12,15,8122.0,0.603,0.319,600.0,400.0
2026-12-09 16:00,8225,343,12,16,9619.3,0.551,0.065,600.0,400.0
2026-12-09 17:00,8226,343,12,17,10208.6,0.309,0.58,600.0,400.0
2026-12-09 18:00,8227,343,12,18,10740.4,0.114,0.355,600.0,400.0
2026-12-09 19:00,8228,343,12,19,11085.4,0.0,0.251,600.0,400.0
2026-12-09 20:00,8229,343,12,20,10025.0,0.0,0.242,600.0,400.0
2026-12-09 21:00,8230,343,12,21,9224.6,0.0,0.412,600.0,400.0
2026-12-09 22:00,8231,343,12,22,8230.1,0.0,0.367,600.0,400.0
2026-12-09 23:00,8232,343,12,23,7322.8,0.0,0.18,600.0,400.0
2026-12-10 00:00,8233,344,12,0,6849.2,0.0,0.269,600.0,400.0
2026-12-10 01:00,8234,344,12,1,7186.7,0.0,0.369,600.0,400.0
2026-12-10 02:00,8235,344,12,2,7555.1,0.0,0.201,600.0,400.0
2026-12-10 03:00,8236,344,12,3,7636.9,0.0,0.265,600.0,400.0
2026-12-10 04:00,8237,344,12,4,7838.4,0.0,0.165,600.0,400.0
2026-12-10 05:00,8238,344,12,5,7835.7,0.0,0.081,600.0,400.0
2026-12-10 06:00,8239,344,12,6,8711.5,0.102,0.192,600.0,400.0
2026-12-10 07:00,8240,344,12,7,8836.3,0.287,0.299,600.0,400.0
2026-12-10 08:00,8241,344,12,8,9421.1,0.457,0.132,600.0,400.0
2026-12-10 09:00,8242,344,12,9,9430.7,0.383,0.308,600.0,400.0
2026-12-10 10:00,8243,344,12,10,8412.1,0.757,0.283,600.0,400.0
2026-12-10 11:00,8244,344,12,11,7660.2,0.876,0.238,600.0,400.0
2026-12-10 12:00,8245,344,12,12,6682.9,0.864,0.54,600.0,400.0
2026-12-10 13:00,8246,344,12,13,6457.7,0.98,0.449,600.0,400.0
2026-12-10 14:00,8247,344,12,14,7130.5,0.74,0.302,600.0,400.0
2026-12-10 15:00,8248,344,12,15,8067.6,0.611,0.316,600.0,400.0
2026-12-10 16:00,8249,344,12,16,10092.3,0.464,0.214,600.0,400.0
2026-12-10 17:00,8250,344,12,17,10471.5,0.33,0.59,600.0,400.0
2026-12-10 18:00,8251,344,12,18,10819.7,0.117,0.576,600.0,400.0
2026-12-10 19:00,8252,344,12,19,10639.4,0.0,0.46,600.0,400.0
2026-12-10 20:00,8253,344,12,20,9833.3,0.0,0.155,600.0,400.0
2026-12-10 21:00,8254,344,12,21,9009.4,0.0,0.436,600.0,400.0
2026-12-10 22:00,8255,344,12,22,8310.4,0.0,0.217,600.0,400.0
2026-12-10 23:00,8256,344,12,23,7906.3,0.0,0.18,600.0,400.0
2026-12-11 00:00,8257,345,12,0,7410.9,0.0,0.432,600.0,400.0
2026-12-11 01:00,8258,345,12,1,7374.8,0.0,0.607,600.0,400.0
2026-12-11 02:00,8259,345,12,2,7396.7,0.0,0.118,600.0,400.0
2026-12-11 03:00,8260,345,12,3,7619.5,0.0,0.138,600.0,400.0
2026-12-11 04:00,8261,345,12,4,7678.1,0.0,0.152,600.0,400.0
2026-12-11 05:00,8262,345,12,5,8340.4,0.0,0.495,600.0,400.0
2026-12-11 06:00,8263,345,12,6,8497.3,0.115,0.293,600.0,400.0
2026-12-11 07:00,8264,345,12,7,9053.9,0.354,0.279,600.0,400.0
2026-12-11 08:00,8265,345,12,8,9111.5,0.491,0.22,600.0,400.0
2026-12-11 09:00,8266,345,12,9,9481.7,0.497,0.232,600.0,400.0
2026-12-11 10:00,8267,345,12,10,8655.5,0.692,0.162,600.0,400.0
2026-12-11 11:00,8268,345,12,11,7357.7,0.794,0.12,600.0,400.0
2026-12-11 12:00,8269,345,12,12,6758.3,0.826,0.36,600.0,400.0
2026-12-11 13:00,8270,345,12,13,6882.9,0.752,0.251,600.0,400.0
2026-12-11 14:00,8271,345,12,14,6972.8,0.576,0.185,600.0,400.0
2026-12-11 15:00,8272,345,12,15,8381.5,0.647,0.348,600.0,400.0
2026-12-11 16:00,8273,345,12,16,9545.8,0.483,0.183,600.0,400.0
2026-12-11 17:00,8274,345,12,17,10378.1,0.274,0.314,600.0,400.0
2026-12-11 18:00,8275,345,12,18,10780.0,0.098,0.186,600.0,400.0
2026-12-11 19:00,8276,345,12,19,10940.8,0.0,0.471,600.0,400.0
2026-12-11 20:00,8277,345,12,20,10596.7,0.0,0.254,600.0,400.0
2026-12-11 21:00,8278,345,12,21,9364.2,0.0,0.307,600.0,400.0
2026-12-11 22:00,8279,345,12,22,8216.0,0.0,0.459,600.0,400.0
2026-12-11 23:00,8280,345,12,23,7918.4,0.0,0.393,600.0,400.0
2026-12-12 00:00,8281,346,12,0,6786.0,0.0,0.265,600.0,400.0
2026-12-12 01:00,8282,346,12,1,7166.6,0.0,0.101,600.0,400.0
2026-12-12 02:00,8283,346,12,2,7189.0,0.0,0.515,600.0,400.0
2026-12-12 03:00,8284,346,12,3,6718.3,0.0,0.031,600.0,400.0
2026-12-12 04:00,8285,346,12,4,7209.2,0.0,0.337,600.0,400.0
2026-12-12 05:00,8286,346,12,5,7811.0,0.0,0.466,600.0,400.0
2026-12-12 06:00,8287,346,12,6,8118.3,0.122,0.167,600.0,400.0
2026-12-12 07:00,8288,346,12,7,8435.0,0.362,0.078,600.0,400.0
2026-12-12 08:00,8289,346,12,8,8870.6,0.489,0.144,600.0,400.0
2026-12-12 09:00,8290,346,12,9,8715.5,0.688,0.165,600.0,400.0
2026-12-12 10:00,8291,346,12,10,8098.2,0.862,0.211,600.0,400.0
2026-12-12 11:00,8292,346,12,11,7554.7,0.913,0.244,600.0,400.0
2026-12-12 12:00,8293,346,12,12,6732.5,0.597,0.333,600.0,400.0
2026-12-12 13:00,8294,346,12,13,6840.8,0.98,0.465,600.0,400.0
2026-12-12 14:00,8295,346,12,14,7045.9,0.801,0.264,600.0,400.0
2026-12-12 15:00,8296,346,12,15,7988.2,0.628,0.405,600.0,400.0
2026-12-12 16:00,8297,346,12,16,9439.5,0.549,0.141,600.0,400.0
2026-12-12 17:00,8298,346,12,17,9921.9,0.3,0.245,600.0,400.0
2026-12-12 18:00,8299,346,12,18,10301.7,0.09,0.145,600.0,400.0
2026-12-12 19:00,8300,346,12,19,10414.7,0.0,0.43,600.0,400.0
2026-12-12 20:00,8301,346,12,20,9849.1,0.0,0.605,600.0,400.0
2026-12-12 21:00,8302,346,12,21,8642.0,0.0,0.579,600.0,400.0
2026-12-12 22:00,8303,346,12,22,7778.0,0.0,0.251,600.0,400.0
2026-12-12 23:00,8304,346,12,23,7335.6,0.0,0.202,600.0,400.0
2026-12-13 00:00,8305,347,12,0,7023.4,0.0,0.212,600.0,400.0
2026-12-13 01:00,8306,347,12,1,7131.7,0.0,0.208,600.0,400.0
2026-12-13 02:00,8307,347,12,2,6892.8,0.0,0.102,600.0,400.0
2026-12-13 03:00,8308,347,12,3,7559.0,0.0,0.124,600.0,400.0
2026-12-13 04:00,8309,347,12,4,7334.4,0.0,0.15,600.0,400.0
2026-12-13 05:00,8310,347,12,5,7687.5,0.0,0.03,600.0,400.0
2026-12-13 06:00,8311,347,12,6,8022.3,0.111,0.064,600.0,400.0
2026-12-13 07:00,8312,347,12,7,9105.6,0.265,0.286,600.0,400.0
2026-12-13 08:00,8313,347,12,8,9087.7,0.455,0.256,600.0,400.0
2026-12-13 09:00,8314,347,12,9,8962.9,0.748,0.436,600.0,400.0
2026-12-13 10:00,8315,347,12,10,8330.2,0.706,0.196,600.0,400.0
2026-12-13 11:00,8316,347,12,11,7404.4,0.938,0.218,600.0,400.0
2026-12-13 12:00,8317,347,12,12,6654.2,0.627,0.083,600.0,400.0
2026-12-13 13:00,8318,347,12,13,6705.2,0.488,0.132,600.0,400.0
2026-12-13 14:00,8319,347,12,14,6852.4,0.28,0.357,600.0,400.0
2026-12-13 15:00,8320,347,12,15,7823.5,0.745,0.186,600.0,400.0
2026-12-13 16:00,8321,347,12,16,8879.0,0.587,0.44,600.0,400.0
2026-12-13 17:00,8322,347,12,17,9724.8,0.317,0.418,600.0,400.0
2026-12-13 18:00,8323,347,12,18,10693.6,0.104,0.455,600.0,400.0
2026-12-13 19:00,8324,347,12,19,10582.2,0.0,0.429,600.0,400.0
2026-12-13 20:00,8325,347,12,20,9694.2,0.0,0.441,600.0,400.0
2026-12-13 21:00,8326,347,12,21,9048.9,0.0,0.356,600.0,400.0
2026-12-13 22:00,8327,347,12,22,7928.5,0.0,0.415,600.0,400.0
2026-12-13 23:00,8328,347,12,23,7331.7,0.0,0.33,600.0,400.0
2026-12-14 00:00,8329,348,12,0,7401.7,0.0,0.182,600.0,400.0
2026-12-14 01:00,8330,348,12,1,7489.8,0.0,0.178,600.0,400.0
2026-12-14 02:00,8331,348,12,2,7596.0,0.0,0.242,600.0,400.0
2026-12-14 03:00,8332,348,12,3,7951.4,0.0,0.041,600.0,400.0
2026-12-14 04:00,8333,348,12,4,7986.6,0.0,0.43,600.0,400.0
2026-12-14 05:00,8334,348,12,5,8389.7,0.0,0.161,600.0,400.0
2026-12-14 06:00,8335,348,12,6,8910.7,0.102,0.066,600.0,400.0
2026-12-14 07:00,8336,348,12,7,9354.9,0.264,0.198,600.0,400.0
2026-12-14 08:00,8337,348,12,8,9541.7,0.508,0.334,600.0,400.0
2026-12-14 09:00,8338,348,12,9,9532.1,0.717,0.19,600.0,400.0
2026-12-14 10:00,8339,348,12,10,8784.5,0.821,0.153,600.0,400.0
2026-12-14 11:00,8340,348,12,11,7742.2,0.916,0.25,600.0,400.0
2026-12-14 12:00,8341,348,12,12,7134.1,0.668,0.274,600.0,400.0
2026-12-14 13:00,8342,348,12,13,6994.6,0.961,0.369,600.0,400.0
2026-12-14 14:00,8343,348,12,14,7861.4,0.846,0.414,600.0,400.0
2026-12-14 15:00,8344,348,12,15,8235.0,0.539,0.383,600.0,400.0
2026-12-14 16:00,8345,348,12,16,9543.5,0.485,0.03,600.0,400.0
2026-12-14 17:00,8346,348,12,17,10718.5,0.338,0.03,600.0,400.0
2026-12-14 18:00,8347,348,12,18,11117.7,0.116,0.737,600.0,400.0
2026-12-14 19:00,8348,348,12,19,11141.1,0.0,0.227,600.0,400.0
2026-12-14 20:00,8349,348,12,20,10498.0,0.0,0.237,600.0,400.0
2026-12-14 21:00,8350,348,12,21,9636.6,0.0,0.453,600.0,400.0
2026-12-14 22:00,8351,348,12,22,8295.2,0.0,0.366,600.0,400.0
2026-12-14 23:00,8352,348,12,23,7819.3,0.0,0.303,600.0,400.0
2026-12-15 00:00,8353,349,12,0,7513.4,0.0,0.135,600.0,400.0
2026-12-15 01:00,8354,349,12,1,7688.6,0.0,0.108,600.0,400.0
2026-12-15 02:00,8355,349,12,2,8040.2,0.0,0.362,600.0,400.0
2026-12-15 03:00,8356,349,12,3,7983.5,0.0,0.119,600.0,400.0
2026-12-15 04:00,8357,349,12,4,8018.7,0.0,0.226,600.0,400.0
2026-12-15 05:00,8358,349,12,5,8201.3,0.0,0.322,600.0,400.0
2026-12-15 06:00,8359,349,12,6,8726.0,0.082,0.422,600.0,400.0
2026-12-15 07:00,8360,349,12,7,9270.8,0.329,0.371,600.0,400.0
2026-12-15 08:00,8361,349,12,8,9876.5,0.33,0.361,600.0,400.0
2026-12-15 09:00,8362,349,12,9,9866.0,0.73,0.178,600.0,400.0
2026-12-15 10:00,8363,349,12,10,8626.2,0.65,0.426,600.0,400.0
2026-12-15 11:00,8364,349,12,11,7777.8,0.831,0.3,600.0,400.0
2026-12-15 12:00,8365,349,12,12,7338.8,0.842,0.427,600.0,400.0
2026-12-15 13:00,8366,349,12,13,7131.4,0.698,0.101,600.0,400.0
2026-12-15 14:00,8367,349,12,14,7616.4,0.799,0.072,600.0,400.0
2026-12-15 15:00,8368,349,12,15,8585.3,0.345,0.264,600.0,400.0
2026-12-15 16:00,8369,349,12,16,10196.8,0.374,0.478,600.0,400.0
2026-12-15 17:00,8370,349,12,17,10775.9,0.268,0.279,600.0,400.0
2026-12-15 18:00,8371,349,12,18,11186.7,0.078,0.564,600.0,400.0
2026-12-15 19:00,8372,349,12,19,11012.0,0.0,0.212,600.0,400.0
2026-12-15 20:00,8373,349,12,20,10509.7,0.0,0.087,600.0,400.0
2026-12-15 21:00,8374,349,12,21,9102.7,0.0,0.472,600.0,400.0
2026-12-15 22:00,8375,349,12,22,8565.7,0.0,0.388,600.0,400.0
2026-12-15 23:00,8376,349,12,23,7931.0,0.0,0.293,600.0,400.0
2026-12-16 00:00,8377,350,12,0,7277.7,0.0,0.491,600.0,400.0
2026-12-16 01:00,8378,350,12,1,7471.4,0.0,0.453,600.0,400.0
2026-12-16 02:00,8379,350,12,2,7876.7,0.0,0.211,600.0,400.0
2026-12-16 03:00,8380,350,12,3,7928.6,0.0,0.415,600.0,400.0
2026-12-16 04:00,8381,350,12,4,8108.1,0.0,0.196,600.0,400.0
2026-12-16 05:00,8382,350,12,5,8459.6,0.0,0.277,600.0,400.0
2026-12-16 06:00,8383,350,12,6,8900.5,0.12,0.129,600.0,400.0
2026-12-16 07:00,8384,350,12,7,9636.1,0.246,0.149,600.0,400.0
2026-12-16 08:00,8385,350,12,8,9864.9,0.561,0.203,600.0,400.0
2026-12-16 09:00,8386,350,12,9,9666.5,0.433,0.165,600.0,400.0
2026-12-16 10:00,8387,350,12,10,9174.8,0.816,0.105,600.0,400.0
2026-12-16 11:00,8388,350,12,11,7983.5,0.812,0.23,600.0,400.0
2026-12-16 12:00,8389,350,12,12,7181.0,0.847,0.252,600.0,400.0
2026-12-16 13:00,8390,350,12,13,6951.3,0.871,0.135,600.0,400.0
2026-12-16 14:00,8391,350,12,14,7664.8,0.867,0.15,600.0,400.0
2026-12-16 15:00,8392,350,12,15,8580.3,0.654,0.065,600.0,400.0
2026-12-16 16:00,8393,350,12,16,10261.9,0.554,0.07,600.0,400.0
2026-12-16 17:00,8394,350,12,17,10754.4,0.237,0.258,600.0,400.0
2026-12-16 18:00,8395,350,12,18,11183.9,0.096,0.163,600.0,400.0
2026-12-16 19:00,8396,350,12,19,11368.8,0.0,0.617,600.0,400.0
2026-12-16 20:00,8397,350,12,20,10681.9,0.0,0.196,600.0,400.0
2026-12-16 21:00,8398,350,12,21,9581.3,0.0,0.111,600.0,400.0
2026-12-16 22:00,8399,350,12,22,8761.3,0.0,0.286,600.0,400.0
2026-12-16 23:00,8400,350,12,23,8012.5,0.0,0.182,600.0,400.0
2026-12-17 00:00,8401,351,12,0,7583.8,0.0,0.098,600.0,400.0
2026-12-17 01:00,8402,351,12,1,7860.0,0.0,0.408,600.0,400.0
2026-12-17 02:00,8403,351,12,2,7904.1,0.0,0.299,600.0,400.0
2026-12-17 03:00,8404,351,12,3,7924.6,0.0,0.081,600.0,400.0
2026-12-17 04:00,8405,351,12,4,8371.2,0.0,0.237,600.0,400.0
2026-12-17 05:00,8406,351,12,5,8097.9,0.0,0.06,600.0,400.0
2026-12-17 06:00,8407,351,12,6,9282.2,0.076,0.182,600.0,400.0
2026-12-17 07:00,8408,351,12,7,9234.6,0.318,0.18,600.0,400.0
2026-12-17 08:00,8409,351,12,8,9817.0,0.572,0.338,600.0,400.0
2026-12-17 09:00,8410,351,12,9,9966.9,0.781,0.3,600.0,400.0
2026-12-17 10:00,8411,351,12,10,8965.3,0.824,0.398,600.0,400.0
2026-12-17 11:00,8412,351,12,11,8160.6,0.672,0.114,600.0,400.0
2026-12-17 12:00,8413,351,12,12,7181.6,0.98,0.259,600.0,400.0
2026-12-17 13:00,8414,351,12,13,7268.9,0.822,0.049,600.0,400.0
2026-12-17 14:00,8415,351,12,14,7583.6,0.686,0.43,600.0,400.0
2026-12-17 15:00,8416,351,12,15,8719.9,0.78,0.24,600.0,400.0
2026-12-17 16:00,8417,351,12,16,10071.9,0.473,0.104,600.0,400.0
2026-12-17 17:00,8418,351,12,17,10895.0,0.23,0.243,600.0,400.0
2026-12-17 18:00,8419,351,12,18,11298.1,0.065,0.233,600.0,400.0
2026-12-17 19:00,8420,351,12,19,11209.5,0.0,0.475,600.0,400.0
2026-12-17 20:00,8421,351,12,20,10642.8,0.0,0.154,600.0,400.0
2026-12-17 21:00,8422,351,12,21,9765.3,0.0,0.36,600.0,400.0
2026-12-17 22:00,8423,351,12,22,8614.3,0.0,0.486,600.0,400.0
2026-12-17 23:00,8424,351,12,23,7933.2,0.0,0.437,600.0,400.0
2026-12-18 00:00,8425,352,12,0,7694.0,0.0,0.591,600.0,400.0
2026-12-18 01:00,8426,352,12,1,7721.0,0.0,0.03,600.0,400.0
2026-12-18 02:00,8427,352,12,2,7992.8,0.0,0.222,600.0,400.0
2026-12-18 03:00,8428,352,12,3,7865.6,0.0,0.216,600.0,400.0
2026-12-18 04:00,8429,352,12,4,7931.9,0.0,0.059,600.0,400.0
2026-12-18 05:00,8430,352,12,5,8455.5,0.0,0.361,600.0,400.0
2026-12-18 06:00,8431,352,12,6,8898.1,0.08,0.29,600.0,400.0
2026-12-18 07:00,8432,352,12,7,9564.0,0.359,0.229,600.0,400.0
2026-12-18 08:00,8433,352,12,8,9886.3,0.608,0.19,600.0,400.0
2026-12-18 09:00,8434,352,12,9,10164.2,0.592,0.387,600.0,400.0
2026-12-18 10:00,8435,352,12,10,9015.9,0.609,0.154,600.0,400.0
2026-12-18 11:00,8436,352,12,11,8097.6,0.878,0.183,600.0,400.0
2026-12-18 12:00,8437,352,12,12,7450.2,0.589,0.502,600.0,400.0
2026-12-18 13:00,8438,352,12,13,7332.3,0.592,0.086,600.0,400.0
2026-12-18 14:00,8439,352,12,14,7745.5,0.72,0.402,600.0,400.0
2026-12-18 15:00,8440,352,12,15,8826.6,0.521,0.39,600.0,400.0
2026-12-18 16:00,8441,352,12,16,10025.7,0.544,0.545,600.0,400.0
2026-12-18 17:00,8442,352,12,17,11173.0,0.296,0.124,600.0,400.0
2026-12-18 18:00,8443,352,12,18,11415.1,0.123,0.711,600.0,400.0
2026-12-18 19:00,8444,352,12,19,11145.7,0.0,0.074,600.0,400.0
2026-12-18 20:00,8445,352,12,20,10688.7,0.0,0.262,600.0,400.0
2026-12-18 21:00,8446,352,12,21,9537.0,0.0,0.125,600.0,400.0
2026-12-18 22:00,8447,352,12,22,8872.3,0.0,0.096,600.0,400.0
2026-12-18 23:00,8448,352,12,23,8478.3,0.0,0.674,600.0,400.0
2026-12-19 00:00,8449,353,12,0,7069.1,0.0,0.409,600.0,400.0
2026-12-19 01:00,8450,353,12,1,7381.6,0.0,0.295,600.0,400.0
2026-12-19 02:00,8451,353,12,2,7183.8,0.0,0.118,600.0,400.0
2026-12-19 03:00,8452,353,12,3,7688.7,0.0,0.271,600.0,400.0
2026-12-19 04:00,8453,353,12,4,7676.0,0.0,0.187,600.0,400.0
2026-12-19 05:00,8454,353,12,5,8027.3,0.0,0.162,600.0,400.0
2026-12-19 06:00,8455,353,12,6,8402.8,0.093,0.265,600.0,400.0
2026-12-19 07:00,8456,353,12,7,9216.4,0.309,0.325,600.0,400.0
2026-12-19 08:00,8457,353,12,8,9646.6,0.306,0.202,600.0,400.0
2026-12-19 09:00,8458,353,12,9,9548.1,0.595,0.218,600.0,400.0
2026-12-19 10:00,8459,353,12,10,8505.4,0.65,0.276,600.0,400.0
2026-12-19 11:00,8460,353,12,11,7991.2,0.919,0.107,600.0,400.0
2026-12-19 12:00,8461,353,12,12,7021.1,0.911,0.387,600.0,400.0
2026-12-19 13:00,8462,353,12,13,6680.4,0.98,0.414,600.0,400.0
2026-12-19 14:00,8463,353,12,14,7509.4,0.649,0.293,600.0,400.0
2026-12-19 15:00,8464,353,12,15,8170.9,0.708,0.165,600.0,400.0
2026-12-19 16:00,8465,353,12,16,9795.3,0.402,0.307,600.0,400.0
2026-12-19 17:00,8466,353,12,17,10301.0,0.248,0.134,600.0,400.0
2026-12-19 18:00,8467,353,12,18,10913.2,0.076,0.465,600.0,400.0
2026-12-19 19:00,8468,353,12,19,10941.1,0.0,0.249,600.0,400.0
2026-12-19 20:00,8469,353,12,20,9871.0,0.0,0.25,600.0,400.0
2026-12-19 21:00,8470,353,12,21,9055.2,0.0,0.66,600.0,400.0
2026-12-19 22:00,8471,353,12,22,8286.0,0.0,0.293,600.0,400.0
2026-12-19 23:00,8472,353,12,23,7941.1,0.0,0.469,600.0,400.0
2026-12-20 00:00,8473,354,12,0,7137.0,0.0,0.367,600.0,400.0
2026-12-20 01:00,8474,354,12,1,7283.8,0.0,0.22,600.0,400.0
2026-12-20 02:00,8475,354,12,2,7594.7,0.0,0.126,600.0,400.0
2026-12-20 03:00,8476,354,12,3,7580.2,0.0,0.39,600.0,400.0
2026-12-20 04:00,8477,354,12,4,7901.4,0.0,0.351,600.0,400.0
2026-12-20 05:00,8478,354,12,5,7940.8,0.0,0.126,600.0,400.0
2026-12-20 06:00,8479,354,12,6,8997.4,0.079,0.149,600.0,400.0
2026-12-20 07:00,8480,354,12,7,8949.8,0.295,0.314,600.0,400.0
2026-12-20 08:00,8481,354,12,8,9501.9,0.59,0.51,600.0,400.0
2026-12-20 09:00,8482,354,12,9,9608.4,0.631,0.352,600.0,400.0
2026-12-20 10:00,8483,354,12,10,9020.0,0.759,0.288,600.0,400.0
2026-12-20 11:00,8484,354,12,11,7595.8,0.839,0.431,600.0,400.0
2026-12-20 12:00,8485,354,12,12,7529.6,0.828,0.175,600.0,400.0
2026-12-20 13:00,8486,354,12,13,7218.3,0.516,0.034,600.0,400.0
2026-12-20 14:00,8487,354,12,14,7573.1,0.581,0.21,600.0,400.0
2026-12-20 15:00,8488,354,12,15,8259.4,0.522,0.638,600.0,400.0
2026-12-20 16:00,8489,354,12,16,9796.4,0.562,0.524,600.0,400.0
2026-12-20 17:00,8490,354,12,17,10312.4,0.2,0.093,600.0,400.0
2026-12-20 18:00,8491,354,12,18,11083.4,0.085,0.329,600.0,400.0
2026-12-20 19:00,8492,354,12,19,10623.3,0.0,0.121,600.0,400.0
2026-12-20 20:00,8493,354,12,20,10105.5,0.0,0.494,600.0,400.0
2026-12-20 21:00,8494,354,12,21,9113.3,0.0,0.276,600.0,400.0
2026-12-20 22:00,8495,354,12,22,8193.6,0.0,0.596,600.0,400.0
2026-12-20 23:00,8496,354,12,23,7864.2,0.0,0.096,600.0,400.0
2026-12-21 00:00,8497,355,12,0,7823.6,0.0,0.417,600.0,400.0
2026-12-21 01:00,8498,355,12,1,8071.1,0.0,0.253,600.0,400.0
2026-12-21 02:00,8499,355,12,2,7735.6,0.0,0.19,600.0,400.0
2026-12-21 03:00,8500,355,12,3,8350.1,0.0,0.268,600.0,400.0
2026-12-21 04:00,8501,355,12,4,8795.1,0.0,0.243,600.0,400.0
2026-12-21 05:00,8502,355,12,5,8653.9,0.0,0.187,600.0,400.0
2026-12-21 06:00,8503,355,12,6,9516.4,0.088,0.275,600.0,400.0
2026-12-21 07:00,8504,355,12,7,9733.0,0.331,0.273,600.0,400.0
2026-12-21 08:00,8505,355,12,8,9972.2,0.513,0.078,600.0,400.0
2026-12-21 09:00,8506,355,12,9,10204.6,0.418,0.25,600.0,400.0
2026-12-21 10:00,8507,355,12,10,9440.5,0.584,0.298,600.0,400.0
2026-12-21 11:00,8508,355,12,11,8152.0,0.868,0.084,600.0,400.0
2026-12-21 12:00,8509,355,12,12,7542.1,0.801,0.306,600.0,400.0
2026-12-21 13:00,8510,355,12,13,7608.6,0.616,0.394,600.0,400.0
2026-12-21 14:00,8511,355,12,14,7960.7,0.837,0.435,600.0,400.0
2026-12-21 15:00,8512,355,12,15,9046.2,0.461,0.077,600.0,400.0
2026-12-21 16:00,8513,355,12,16,10394.8,0.436,0.397,600.0,400.0
2026-12-21 17:00,8514,355,12,17,11224.4,0.298,0.474,600.0,400.0
2026-12-21 18:00,8515,355,12,18,11576.2,0.126,0.282,600.0,400.0
2026-12-21 19:00,8516,355,12,19,11578.1,0.0,0.354,600.0,400.0
2026-12-21 20:00,8517,355,12,20,10687.9,0.0,0.228,600.0,400.0
2026-12-21 21:00,8518,355,12,21,10048.7,0.0,0.248,600.0,400.0
2026-12-21 22:00,8519,355,12,22,8824.9,0.0,0.329,600.0,400.0
2026-12-21 23:00,8520,355,12,23,8456.8,0.0,0.16,600.0,400.0
2026-12-22 00:00,8521,356,12,0,7745.8,0.0,0.253,600.0,400.0
2026-12-22 01:00,8522,356,12,1,7958.1,0.0,0.214,600.0,400.0
2026-12-22 02:00,8523,356,12,2,7992.3,0.0,0.178,600.0,400.0
2026-12-22 03:00,8524,356,12,3,8071.2,0.0,0.256,600.0,400.0
2026-12-22 04:00,8525,356,12,4,8171.6,0.0,0.393,600.0,400.0
2026-12-22 05:00,8526,356,12,5,8616.3,0.0,0.152,600.0,400.0
2026-12-22 06:00,8527,356,12,6,9222.5,0.112,0.279,600.0,400.0
2026-12-22 07:00,8528,356,12,7,9872.2,0.267,0.146,600.0,400.0
2026-12-22 08:00,8529,356,12,8,10418.3,0.333,0.106,600.0,400.0
2026-12-22 09:00,8530,356,12,9,10248.2,0.724,0.434,600.0,400.0
2026-12-22 10:00,8531,356,12,10,9198.7,0.719,0.27,600.0,400.0
2026-12-22 11:00,8532,356,12,11,8122.9,0.753,0.098,600.0,400.0
2026-12-22 12:00,8533,356,12,12,7782.8,0.911,0.295,600.0,400.0
2026-12-22 13:00,8534,356,12,13,7802.6,0.75,0.143,600.0,400.0
2026-12-22 14:00,8535,356,12,14,8229.8,0.644,0.479,600.0,400.0
2026-12-22 15:00,8536,356,12,15,9132.4,0.637,0.191,600.0,400.0
2026-12-22 16:00,8537,356,12,16,10523.7,0.504,0.462,600.0,400.0
2026-12-22 17:00,8538,356,12,17,11482.4,0.311,0.185,600.0,400.0
2026-12-22 18:00,8539,356,12,18,11759.7,0.114,0.355,600.0,400.0
2026-12-22 19:00,8540,356,12,19,11703.4,0.0,0.607,600.0,400.0
2026-12-22 20:00,8541,356,12,20,10841.4,0.0,0.243,600.0,400.0
2026-12-22 21:00,8542,356,12,21,9678.5,0.0,0.123,600.0,400.0
2026-12-22 22:00,8543,356,12,22,8868.0,0.0,0.352,600.0,400.0
2026-12-22 23:00,8544,356,12,23,8322.9,0.0,0.172,600.0,400.0
2026-12-23 00:00,8545,357,12,0,7837.0,0.0,0.414,600.0,400.0
2026-12-23 01:00,8546,357,12,1,8281.0,0.0,0.33,600.0,400.0
2026-12-23 02:00,8547,357,12,2,8134.3,0.0,0.22,600.0,400.0
2026-12-23 03:00,8548,357,12,3,8474.9,0.0,0.343,600.0,400.0
2026-12-23 04:00,8549,357,12,4,8436.2,0.0,0.159,600.0,400.0
2026-12-23 05:00,8550,357,12,5,8792.8,0.0,0.433,600.0,400.0
2026-12-23 06:00,8551,357,12,6,9121.4,0.08,0.179,600.0,400.0
2026-12-23 07:00,8552,357,12,7,9781.0,0.324,0.312,600.0,400.0
2026-12-23 08:00,8553,357,12,8,10404.1,0.521,0.146,600.0,400.0
2026-12-23 09:00,8554,357,12,9,10385.2,0.605,0.292,600.0,400.0
2026-12-23 10:00,8555,357,12,10,9556.1,0.934,0.052,600.0,400.0
2026-12-23 11:00,8556,357,12,11,8448.6,0.832,0.17,600.0,400.0
2026-12-23 12:00,8557,357,12,12,7715.7,0.878,0.097,600.0,400.0
2026-12-23 13:00,8558,357,12,13,7991.0,0.767,0.245,600.0,400.0
2026-12-23 14:00,8559,357,12,14,8077.6,0.815,0.253,600.0,400.0
2026-12-23 15:00,8560,357,12,15,9269.3,0.787,0.237,600.0,400.0
2026-12-23 16:00,8561,357,12,16,10420.5,0.301,0.704,600.0,400.0
2026-12-23 17:00,8562,357,12,17,11385.9,0.285,0.207,600.0,400.0
2026-12-23 18:00,8563,357,12,18,11914.7,0.106,0.484,600.0,400.0
2026-12-23 19:00,8564,357,12,19,11690.8,0.0,0.31,600.0,400.0
2026-12-23 20:00,8565,357,12,20,10571.1,0.0,0.261,600.0,400.0
2026-12-23 21:00,8566,357,12,21,9951.8,0.0,0.196,600.0,400.0
2026-12-23 22:00,8567,357,12,22,9224.1,0.0,0.391,600.0,400.0
2026-12-23 23:00,8568,357,12,23,8455.7,0.0,0.247,600.0,400.0
2026-12-24 00:00,8569,358,12,0,7941.5,0.0,0.467,600.0,400.0
2026-12-24 01:00,8570,358,12,1,7742.9,0.0,0.628,600.0,400.0
2026-12-24 02:00,8571,358,12,2,8054.4,0.0,0.173,600.0,400.0
2026-12-24 03:00,8572,358,12,3,8403.2,0.0,0.121,600.0,400.0
2026-12-24 04:00,8573,358,12,4,8625.1,0.0,0.186,600.0,400.0
2026-12-24 05:00,8574,358,12,5,9092.9,0.0,0.225,600.0,400.0
2026-12-24 06:00,8575,358,12,6,9368.9,0.095,0.165,600.0,400.0
2026-12-24 07:00,8576,358,12,7,10024.7,0.306,0.478,600.0,400.0
2026-12-24 08:00,8577,358,12,8,10383.9,0.561,0.316,600.0,400.0
2026-12-24 09:00,8578,358,12,9,10288.8,0.7,0.469,600.0,400.0
2026-12-24 10:00,8579,358,12,10,9107.9,0.578,0.187,600.0,400.0
2026-12-24 11:00,8580,358,12,11,8552.8,0.977,0.173,600.0,400.0
2026-12-24 12:00,8581,358,12,12,7864.3,0.789,0.217,600.0,400.0
2026-12-24 13:00,8582,358,12,13,7612.5,0.809,0.27,600.0,400.0
2026-12-24 14:00,8583,358,12,14,7897.1,0.834,0.381,600.0,400.0
2026-12-24 15:00,8584,358,12,15,9246.7,0.789,0.499,600.0,400.0
2026-12-24 16:00,8585,358,12,16,10503.6,0.49,0.291,600.0,400.0
2026-12-24 17:00,8586,358,12,17,11421.4,0.194,0.227,600.0,400.0
2026-12-24 18:00,8587,358,12,18,12122.5,0.08,0.248,600.0,400.0
2026-12-24 19:00,8588,358,12,19,11370.8,0.0,0.433,600.0,400.0
2026-12-24 20:00,8589,358,12,20,10889.5,0.0,0.368,600.0,400.0
2026-12-24 21:00,8590,358,12,21,9966.5,0.0,0.328,600.0,400.0
2026-12-24 22:00,8591,358,12,22,9308.4,0.0,0.193,600.0,400.0
2026-12-24 23:00,8592,358,12,23,8155.2,0.0,0.538,600.0,400.0
2026-12-25 00:00,8593,359,12,0,8221.6,0.0,0.445,600.0,400.0
2026-12-25 01:00,8594,359,12,1,8084.6,0.0,0.142,600.0,400.0
2026-12-25 02:00,8595,359,12,2,8201.4,0.0,0.227,600.0,400.0
2026-12-25 03:00,8596,359,12,3,8355.3,0.0,0.277,600.0,400.0
2026-12-25 04:00,8597,359,12,4,8541.8,0.0,0.232,600.0,400.0
2026-12-25 05:00,8598,359,12,5,9120.7,0.0,0.203,600.0,400.0
2026-12-25 06:00,8599,359,12,6,9277.5,0.073,0.302,600.0,400.0
2026-12-25 07:00,8600,359,12,7,10073.2,0.367,0.067,600.0,400.0
2026-12-25 08:00,8601,359,12,8,10379.5,0.502,0.21,600.0,400.0
2026-12-25 09:00,8602,359,12,9,10385.7,0.692,0.149,600.0,400.0
2026-12-25 10:00,8603,359,12,10,9944.4,0.772,0.085,600.0,400.0
2026-12-25 11:00,8604,359,12,11,8613.2,0.875,0.224,600.0,400.0
2026-12-25 12:00,8605,359,12,12,7997.1,0.819,0.133,600.0,400.0
2026-12-25 13:00,8606,359,12,13,7955.8,0.98,0.175,600.0,400.0
2026-12-25 14:00,8607,359,12,14,7990.6,0.776,0.28,600.0,400.0
2026-12-25 15:00,8608,359,12,15,9487.3,0.511,0.644,600.0,400.0
2026-12-25 16:00,8609,359,12,16,10204.5,0.372,0.391,600.0,400.0
2026-12-25 17:00,8610,359,12,17,11267.5,0.185,0.223,600.0,400.0
2026-12-25 18:00,8611,359,12,18,11807.3,0.074,0.276,600.0,400.0
2026-12-25 19:00,8612,359,12,19,11860.9,0.0,0.292,600.0,400.0
2026-12-25 20:00,8613,359,12,20,11088.6,0.0,0.17,600.0,400.0
2026-12-25 21:00,8614,359,12,21,10023.0,0.0,0.173,600.0,400.0
2026-12-25 22:00,8615,359,12,22,9120.8,0.0,0.164,600.0,400.0
2026-12-25 23:00,8616,359,12,23,8305.0,0.0,0.328,600.0,400.0
2026-12-26 00:00,8617,360,12,0,7263.4,0.0,0.385,600.0,400.0
2026-12-26 01:00,8618,360,12,1,7772.8,0.0,0.33,600.0,400.0
2026-12-26 02:00,8619,360,12,2,7923.6,0.0,0.624,600.0,400.0
2026-12-26 03:00,8620,360,12,3,8236.6,0.0,0.12,600.0,400.0
2026-12-26 04:00,8621,360,12,4,8076.4,0.0,0.591,600.0,400.0
2026-12-26 05:00,8622,360,12,5,8639.9,0.0,0.225,600.0,400.0
2026-12-26 06:00,8623,360,12,6,8950.6,0.11,0.138,600.0,400.0
2026-12-26 07:00,8624,360,12,7,9720.0,0.288,0.433,600.0,400.0
2026-12-26 08:00,8625,360,12,8,10090.4,0.454,0.209,600.0,400.0
2026-12-26 09:00,8626,360,12,9,10028.5,0.632,0.175,600.0,400.0
2026-12-26 10:00,8627,360,12,10,9046.2,0.615,0.137,600.0,400.0
2026-12-26 11:00,8628,360,12,11,8351.4,0.839,0.161,600.0,400.0
2026-12-26 12:00,8629,360,12,12,7706.7,0.98,0.562,600.0,400.0
2026-12-26 13:00,8630,360,12,13,7377.5,0.671,0.192,600.0,400.0
2026-12-26 14:00,8631,360,12,14,7680.5,0.751,0.624,600.0,400.0
2026-12-26 15:00,8632,360,12,15,8751.8,0.336,0.225,600.0,400.0
2026-12-26 16:00,8633,360,12,16,10321.0,0.259,0.193,600.0,400.0
2026-12-26 17:00,8634,360,12,17,10975.7,0.211,0.177,600.0,400.0
2026-12-26 18:00,8635,360,12,18,11055.6,0.093,0.289,600.0,400.0
2026-12-26 19:00,8636,360,12,19,10931.9,0.0,0.213,600.0,400.0
2026-12-26 20:00,8637,360,12,20,10653.4,0.0,0.435,600.0,400.0
2026-12-26 21:00,8638,360,12,21,9331.0,0.0,0.215,600.0,400.0
2026-12-26 22:00,8639,360,12,22,8727.5,0.0,0.517,600.0,400.0
2026-12-26 23:00,8640,360,12,23,7924.7,0.0,0.502,600.0,400.0
2026-12-27 00:00,8641,361,12,0,7800.9,0.0,0.217,600.0,400.0
2026-12-27 01:00,8642,361,12,1,7575.0,0.0,0.409,600.0,400.0
2026-12-27 02:00,8643,361,12,2,8039.7,0.0,0.453,600.0,400.0
2026-12-27 03:00,8644,361,12,3,8059.3,0.0,0.295,600.0,400.0
2026-12-27 04:00,8645,361,12,4,8292.1,0.0,0.203,600.0,400.0
2026-12-27 05:00,8646,361,12,5,8264.9,0.0,0.217,600.0,400.0
2026-12-27 06:00,8647,361,12,6,8696.5,0.123,0.331,600.0,400.0
2026-12-27 07:00,8648,361,12,7,9549.0,0.284,0.159,600.0,400.0
2026-12-27 08:00,8649,361,12,8,10022.5,0.555,0.169,600.0,400.0
2026-12-27 09:00,8650,361,12,9,9871.9,0.727,0.115,600.0,400.0
2026-12-27 10:00,8651,361,12,10,8984.4,0.712,0.195,600.0,400.0
2026-12-27 11:00,8652,361,12,11,8346.1,0.823,0.089,600.0,400.0
2026-12-27 12:00,8653,361,12,12,7752.0,0.97,0.188,600.0,400.0
2026-12-27 13:00,8654,361,12,13,7523.6,0.86,0.217,600.0,400.0
2026-12-27 14:00,8655,361,12,14,8075.9,0.698,0.185,600.0,400.0
2026-12-27 15:00,8656,361,12,15,8667.4,0.784,0.12,600.0,400.0
2026-12-27 16:00,8657,361,12,16,10077.8,0.558,0.316,600.0,400.0
2026-12-27 17:00,8658,361,12,17,11110.6,0.372,0.528,600.0,400.0
2026-12-27 18:00,8659,361,12,18,11297.6,0.117,0.255,600.0,400.0
2026-12-27 19:00,8660,361,12,19,11190.0,0.0,0.213,600.0,400.0
2026-12-27 20:00,8661,361,12,20,10867.4,0.0,0.238,600.0,400.0
2026-12-27 21:00,8662,361,12,21,9335.5,0.0,0.55,600.0,400.0
2026-12-27 22:00,8663,361,12,22,8817.7,0.0,0.341,600.0,400.0
2026-12-27 23:00,8664,361,12,23,8331.2,0.0,0.149,600.0,400.0
2026-12-28 00:00,8665,362,12,0,7977.4,0.0,0.404,600.0,400.0
2026-12-28 01:00,8666,362,12,1,8325.6,0.0,0.149,600.0,400.0
2026-12-28 02:00,8667,362,12,2,8192.4,0.0,0.088,600.0,400.0
2026-12-28 03:00,8668,362,12,3,8417.1,0.0,0.174,600.0,400.0
2026-12-28 04:00,8669,362,12,4,8820.1,0.0,0.132,600.0,400.0
2026-12-28 05:00,8670,362,12,5,9234.0,0.0,0.271,600.0,400.0
2026-12-28 06:00,8671,362,12,6,9786.9,0.125,0.221,600.0,400.0
2026-12-28 07:00,8672,362,12,7,10433.2,0.27,0.296,600.0,400.0
2026-12-28 08:00,8673,362,12,8,10598.6,0.534,0.222,600.0,400.0
2026-12-28 09:00,8674,362,12,9,10870.4,0.562,0.196,600.0,400.0
2026-12-28 10:00,8675,362,12,10,9650.1,0.746,0.234,600.0,400.0
2026-12-28 11:00,8676,362,12,11,8866.3,0.916,0.215,600.0,400.0
2026-12-28 12:00,8677,362,12,12,8108.4,0.98,0.062,600.0,400.0
2026-12-28 13:00,8678,362,12,13,8020.8,0.716,0.332,600.0,400.0
2026-12-28 14:00,8679,362,12,14,8460.1,0.837,0.58,600.0,400.0
2026-12-28 15:00,8680,362,12,15,9121.9,0.414,0.261,600.0,400.0
2026-12-28 16:00,8681,362,12,16,10594.4,0.478,0.275,600.0,400.0
2026-12-28 17:00,8682,362,12,17,11571.0,0.194,0.088,600.0,400.0
2026-12-28 18:00,8683,362,12,18,11769.8,0.107,0.57,600.0,400.0
2026-12-28 19:00,8684,362,12,19,12054.1,0.0,0.632,600.0,400.0
2026-12-28 20:00,8685,362,12,20,11339.9,0.0,0.512,600.0,400.0
2026-12-28 21:00,8686,362,12,21,10242.0,0.0,0.14,600.0,400.0
2026-12-28 22:00,8687,362,12,22,9076.1,0.0,0.581,600.0,400.0
2026-12-28 23:00,8688,362,12,23,8807.5,0.0,0.065,600.0,400.0
2026-12-29 00:00,8689,363,12,0,8391.9,0.0,0.283,600.0,400.0
2026-12-29 01:00,8690,363,12,1,8250.5,0.0,0.293,600.0,400.0
2026-12-29 02:00,8691,363,12,2,8472.5,0.0,0.436,600.0,400.0
2026-12-29 03:00,8692,363,12,3,8602.8,0.0,0.365,600.0,400.0
2026-12-29 04:00,8693,363,12,4,8889.0,0.0,0.368,600.0,400.0
2026-12-29 05:00,8694,363,12,5,9134.8,0.0,0.392,600.0,400.0
2026-12-29 06:00,8695,363,12,6,9651.5,0.093,0.219,600.0,400.0
2026-12-29 07:00,8696,363,12,7,10378.1,0.111,0.32,600.0,400.0
2026-12-29 08:00,8697,363,12,8,11037.1,0.542,0.074,600.0,400.0
2026-12-29 09:00,8698,363,12,9,10508.9,0.668,0.204,600.0,400.0
2026-12-29 10:00,8699,363,12,10,9742.5,0.452,0.051,600.0,400.0
2026-12-29 11:00,8700,363,12,11,8587.7,0.789,0.431,600.0,400.0
2026-12-29 12:00,8701,363,12,12,8384.8,0.727,0.512,600.0,400.0
2026-12-29 13:00,8702,363,12,13,7910.2,0.822,0.098,600.0,400.0
2026-12-29 14:00,8703,363,12,14,8215.6,0.848,0.29,600.0,400.0
2026-12-29 15:00,8704,363,12,15,9534.2,0.496,0.223,600.0,400.0
2026-12-29 16:00,8705,363,12,16,11105.8,0.548,0.241,600.0,400.0
2026-12-29 17:00,8706,363,12,17,11711.9,0.361,0.297,600.0,400.0
2026-12-29 18:00,8707,363,12,18,12122.0,0.079,0.15,600.0,400.0
2026-12-29 19:00,8708,363,12,19,12034.2,0.0,0.184,600.0,400.0
2026-12-29 20:00,8709,363,12,20,11472.5,0.0,0.373,600.0,400.0
2026-12-29 21:00,8710,363,12,21,10093.4,0.0,0.06,600.0,400.0
2026-12-29 22:00,8711,363,12,22,9278.8,0.0,0.375,600.0,400.0
2026-12-29 23:00,8712,363,12,23,8553.1,0.0,0.241,600.0,400.0
2026-12-30 00:00,8713,364,12,0,7914.2,0.0,0.481,600.0,400.0
2026-12-30 01:00,8714,364,12,1,8211.9,0.0,0.334,600.0,400.0
2026-12-30 02:00,8715,364,12,2,8607.8,0.0,0.364,600.0,400.0
2026-12-30 03:00,8716,364,12,3,8703.1,0.0,0.114,600.0,400.0
2026-12-30 04:00,8717,364,12,4,8951.3,0.0,0.169,600.0,400.0
2026-12-30 05:00,8718,364,12,5,9223.3,0.0,0.643,600.0,400.0
2026-12-30 06:00,8719,364,12,6,9788.4,0.123,0.206,600.0,400.0
2026-12-30 07:00,8720,364,12,7,10154.2,0.239,0.178,600.0,400.0
2026-12-30 08:00,8721,364,12,8,10662.7,0.428,0.368,600.0,400.0
2026-12-30 09:00,8722,364,12,9,10815.1,0.686,0.052,600.0,400.0
2026-12-30 10:00,8723,364,12,10,9855.7,0.942,0.237,600.0,400.0
2026-12-30 11:00,8724,364,12,11,8880.5,0.797,0.141,600.0,400.0
2026-12-30 12:00,8725,364,12,12,8160.7,0.98,0.204,600.0,400.0
2026-12-30 13:00,8726,364,12,13,7996.4,0.98,0.153,600.0,400.0
2026-12-30 14:00,8727,364,12,14,9003.9,0.913,0.07,600.0,400.0
2026-12-30 15:00,8728,364,12,15,9628.7,0.668,0.259,600.0,400.0
2026-12-30 16:00,8729,364,12,16,10943.2,0.455,0.451,600.0,400.0
2026-12-30 17:00,8730,364,12,17,11617.5,0.222,0.644,600.0,400.0
2026-12-30 18:00,8731,364,12,18,12064.7,0.097,0.386,600.0,400.0
2026-12-30 19:00,8732,364,12,19,11993.7,0.0,0.284,600.0,400.0
2026-12-30 20:00,8733,364,12,20,11337.0,0.0,0.48,600.0,400.0
2026-12-30 21:00,8734,364,12,21,9974.3,0.0,0.336,600.0,400.0
2026-12-30 22:00,8735,364,12,22,9085.4,0.0,0.269,600.0,400.0
2026-12-30 23:00,8736,364,12,23,8561.2,0.0,0.175,600.0,400.0
2026-12-31 00:00,8737,365,12,0,8168.1,0.0,0.455,600.0,400.0
2026-12-31 01:00,8738,365,12,1,8262.2,0.0,0.293,600.0,400.0
2026-12-31 02:00,8739,365,12,2,8705.2,0.0,0.584,600.0,400.0
2026-12-31 03:00,8740,365,12,3,8415.6,0.0,0.392,600.0,400.0
2026-12-31 04:00,8741,365,12,4,8770.2,0.0,0.221,600.0,400.0
2026-12-31 05:00,8742,365,12,5,9487.2,0.0,0.324,600.0,400.0
2026-12-31 06:00,8743,365,12,6,9771.4,0.106,0.212,600.0,400.0
2026-12-31 07:00,8744,365,12,7,10471.1,0.303,0.08,600.0,400.0
2026-12-31 08:00,8745,365,12,8,11088.9,0.258,0.223,600.0,400.0
2026-12-31 09:00,8746,365,12,9,10722.8,0.554,0.366,600.0,400.0
2026-12-31 10:00,8747,365,12,10,9845.5,0.653,0.369,600.0,400.0
2026-12-31 11:00,8748,365,12,11,8836.2,0.98,0.26,600.0,400.0
2026-12-31 12:00,8749,365,12,12,7920.8,0.585,0.208,600.0,400.0
2026-12-31 13:00,8750,365,12,13,8057.7,0.82,0.035,600.0,400.0
2026-12-31 14:00,8751,365,12,14,8689.8,0.645,0.206,600.0,400.0
2026-12-31 15:00,8752,365,12,15,9619.5,0.74,0.719,600.0,400.0
2026-12-31 16:00,8753,365,12,16,11024.6,0.615,0.413,600.0,400.0
2026-12-31 17:00,8754,365,12,17,11642.0,0.303,0.424,600.0,400.0
2026-12-31 18:00,8755,365,12,18,12077.7,0.119,0.463,600.0,400.0
2026-12-31 19:00,8756,365,12,19,12261.9,0.0,0.391,600.0,400.0
2026-12-31 20:00,8757,365,12,20,11252.9,0.0,0.377,600.0,400.0
2026-12-31 21:00,8758,365,12,21,10362.5,0.0,0.313,600.0,400.0
2026-12-31 22:00,8759,365,12,22,9400.8,0.0,0.303,600.0,400.0
2026-12-31 23:00,8760,365,12,23,8933.0,0.0,0.534,600.0,400.0
